[
{
  "model": "api.organization",
  "pk": 1,
  "fields": {
    "name": "Master Filling Station",
    "legal_name": "Master Filling Station (Demo template — FS-000001; safe for experiments and training)",
    "subdomain": null,
    "custom_domain": null,
    "created_at": "2026-05-06T07:10:02.392Z",
    "updated_at": "2026-05-11T19:28:06.377Z"
  }
},
{
  "model": "api.organization",
  "pk": 2,
  "fields": {
    "name": "Adib Filling Station",
    "legal_name": "MS Adib Filling Sation",
    "subdomain": "adib",
    "custom_domain": "adib.mahasoftcorporation.com",
    "created_at": "2026-05-06T07:10:02.394Z",
    "updated_at": "2026-05-06T10:50:07.923Z"
  }
},
{
  "model": "api.organization",
  "pk": 3,
  "fields": {
    "name": "Tmp Org2",
    "legal_name": "Tmp",
    "subdomain": null,
    "custom_domain": null,
    "created_at": "2026-05-06T12:17:38.978Z",
    "updated_at": "2026-05-28T02:57:28.269Z"
  }
},
{
  "model": "api.company",
  "pk": 1,
  "fields": {
    "company_code": "FS-000001",
    "name": "Master Filling Station",
    "legal_name": "Master Filling Station (Demo template — FS-000001; safe for experiments and training)",
    "tax_id": "",
    "email": "",
    "phone": "",
    "subdomain": "",
    "custom_domain": "",
    "currency": "BDT",
    "date_format": "DD/MM/YYYY",
    "time_format": "hh:mm A",
    "time_zone": "Asia/Dhaka",
    "language": "en",
    "fiscal_year_start": "01-01",
    "address_line1": "",
    "address_line2": "",
    "city": "",
    "state": "",
    "postal_code": "",
    "country": "",
    "is_active": true,
    "is_master": "true",
    "is_deleted": false,
    "created_at": "2026-05-05T13:27:31.086Z",
    "updated_at": "2026-06-04T11:01:53.415Z",
    "contact_person": "",
    "payment_type": "monthly",
    "payment_start_date": null,
    "payment_end_date": null,
    "payment_amount": null,
    "billing_plan_code": "",
    "subscription_cancel_at_period_end": false,
    "platform_release": "0.0.0-dev",
    "platform_release_applied_at": "2026-06-04T11:01:53.415Z",
    "platform_release_previous": null,
    "platform_hooks_version": 1,
    "station_mode": "multi",
    "aquaculture_licensed": true,
    "aquaculture_enabled": true,
    "aquaculture_go_live_cutover_date": null,
    "aquaculture_capitalize_pond_consumption_to_bioasset": true,
    "organization": 1
  }
},
{
  "model": "api.company",
  "pk": 2,
  "fields": {
    "company_code": "FS-000002",
    "name": "Adib Filling Station",
    "legal_name": "MS Adib Filling Sation",
    "tax_id": "",
    "email": "admin@mahasoftcorporation.com",
    "phone": "+8801716337873",
    "subdomain": "",
    "custom_domain": "",
    "currency": "BDT",
    "date_format": "YYYY-MM-DD",
    "time_format": "HH:mm",
    "time_zone": "Asia/Dhaka",
    "language": "en",
    "fiscal_year_start": "01-01",
    "address_line1": "",
    "address_line2": "",
    "city": "",
    "state": "",
    "postal_code": "",
    "country": "",
    "is_active": true,
    "is_master": "false",
    "is_deleted": false,
    "created_at": "2026-05-06T01:30:25.911Z",
    "updated_at": "2026-06-04T11:01:53.503Z",
    "contact_person": "Uzzal Khan",
    "payment_type": "monthly",
    "payment_start_date": "2026-06-01",
    "payment_end_date": "2026-06-30",
    "payment_amount": "5000.00",
    "billing_plan_code": "",
    "subscription_cancel_at_period_end": false,
    "platform_release": "0.0.0-dev",
    "platform_release_applied_at": "2026-06-04T11:01:53.503Z",
    "platform_release_previous": null,
    "platform_hooks_version": 1,
    "station_mode": "multi",
    "aquaculture_licensed": true,
    "aquaculture_enabled": true,
    "aquaculture_go_live_cutover_date": null,
    "aquaculture_capitalize_pond_consumption_to_bioasset": true,
    "organization": 2
  }
},
{
  "model": "api.company",
  "pk": 3,
  "fields": {
    "company_code": "FS-000003",
    "name": "Tmp Co2",
    "legal_name": "Tmp",
    "tax_id": "",
    "email": "",
    "phone": "",
    "subdomain": "",
    "custom_domain": "",
    "currency": "BDT",
    "date_format": "YYYY-MM-DD",
    "time_format": "HH:mm",
    "time_zone": "Asia/Dhaka",
    "language": "en",
    "fiscal_year_start": "01-01",
    "address_line1": "",
    "address_line2": "",
    "city": "",
    "state": "",
    "postal_code": "",
    "country": "",
    "is_active": true,
    "is_master": "false",
    "is_deleted": false,
    "created_at": "2026-05-06T12:17:39.001Z",
    "updated_at": "2026-06-04T11:01:53.580Z",
    "contact_person": "",
    "payment_type": "",
    "payment_start_date": null,
    "payment_end_date": null,
    "payment_amount": null,
    "billing_plan_code": "",
    "subscription_cancel_at_period_end": false,
    "platform_release": "0.0.0-dev",
    "platform_release_applied_at": "2026-06-04T11:01:53.580Z",
    "platform_release_previous": "",
    "platform_hooks_version": 1,
    "station_mode": "single",
    "aquaculture_licensed": true,
    "aquaculture_enabled": true,
    "aquaculture_go_live_cutover_date": null,
    "aquaculture_capitalize_pond_consumption_to_bioasset": true,
    "organization": 3
  }
},
{
  "model": "api.tenantplatformreleaseevent",
  "pk": 1,
  "fields": {
    "company": 1,
    "category": "master_push",
    "server_target_release": "0.0.0-dev",
    "success": true,
    "error_message": "",
    "actor_user_id": 1,
    "source": "master_push",
    "detail": {
      "platform_release": {
        "ok": true,
        "skipped": true,
        "company_id": 1,
        "release": "0.0.0-dev",
        "message": "Already at this release."
      }
    },
    "created_at": "2026-05-06T01:31:07.015Z"
  }
},
{
  "model": "api.tenantplatformreleaseevent",
  "pk": 2,
  "fields": {
    "company": 2,
    "category": "master_push",
    "server_target_release": "0.0.0-dev",
    "success": true,
    "error_message": "",
    "actor_user_id": 1,
    "source": "master_push",
    "detail": {
      "platform_release": {
        "ok": true,
        "skipped": true,
        "company_id": 2,
        "release": "0.0.0-dev",
        "message": "Already at this release."
      }
    },
    "created_at": "2026-05-06T01:31:07.034Z"
  }
},
{
  "model": "api.tenantplatformreleaseevent",
  "pk": 3,
  "fields": {
    "company": 1,
    "category": "master_push",
    "server_target_release": "0.0.0-dev",
    "success": true,
    "error_message": "",
    "actor_user_id": 1,
    "source": "master_push",
    "detail": {
      "platform_release": {
        "ok": true,
        "skipped": true,
        "company_id": 1,
        "release": "0.0.0-dev",
        "message": "Already at this release."
      }
    },
    "created_at": "2026-05-15T17:34:53.913Z"
  }
},
{
  "model": "api.tenantplatformreleaseevent",
  "pk": 4,
  "fields": {
    "company": 2,
    "category": "master_push",
    "server_target_release": "0.0.0-dev",
    "success": true,
    "error_message": "",
    "actor_user_id": 1,
    "source": "master_push",
    "detail": {
      "platform_release": {
        "ok": true,
        "skipped": true,
        "company_id": 2,
        "release": "0.0.0-dev",
        "message": "Already at this release."
      }
    },
    "created_at": "2026-05-15T17:34:53.943Z"
  }
},
{
  "model": "api.tenantplatformreleaseevent",
  "pk": 5,
  "fields": {
    "company": 3,
    "category": "master_push",
    "server_target_release": "0.0.0-dev",
    "success": true,
    "error_message": "",
    "actor_user_id": 1,
    "source": "master_push",
    "detail": {
      "platform_release": {
        "ok": true,
        "skipped": false,
        "company_id": 3,
        "release": "0.0.0-dev",
        "applied_at": "2026-05-15T17:34:53.961245+00:00",
        "messages": [
          "Tenant release tag updated."
        ]
      }
    },
    "created_at": "2026-05-15T17:34:53.989Z"
  }
},
{
  "model": "api.tenantplatformreleaseevent",
  "pk": 6,
  "fields": {
    "company": 1,
    "category": "master_push",
    "server_target_release": "0.0.0-dev",
    "success": true,
    "error_message": "",
    "actor_user_id": 1,
    "source": "master_push",
    "detail": {
      "platform_release": {
        "ok": true,
        "skipped": true,
        "company_id": 1,
        "release": "0.0.0-dev",
        "message": "Already at this release."
      }
    },
    "created_at": "2026-05-19T14:25:42.696Z"
  }
},
{
  "model": "api.tenantplatformreleaseevent",
  "pk": 7,
  "fields": {
    "company": 2,
    "category": "master_push",
    "server_target_release": "0.0.0-dev",
    "success": true,
    "error_message": "",
    "actor_user_id": 1,
    "source": "master_push",
    "detail": {
      "platform_release": {
        "ok": true,
        "skipped": true,
        "company_id": 2,
        "release": "0.0.0-dev",
        "message": "Already at this release."
      }
    },
    "created_at": "2026-05-19T14:25:42.717Z"
  }
},
{
  "model": "api.tenantplatformreleaseevent",
  "pk": 8,
  "fields": {
    "company": 3,
    "category": "master_push",
    "server_target_release": "0.0.0-dev",
    "success": true,
    "error_message": "",
    "actor_user_id": 1,
    "source": "master_push",
    "detail": {
      "platform_release": {
        "ok": true,
        "skipped": true,
        "company_id": 3,
        "release": "0.0.0-dev",
        "message": "Already at this release."
      }
    },
    "created_at": "2026-05-19T14:25:42.732Z"
  }
},
{
  "model": "api.tenantplatformreleaseevent",
  "pk": 9,
  "fields": {
    "company": 1,
    "category": "master_push",
    "server_target_release": "0.0.0-dev",
    "success": true,
    "error_message": "",
    "actor_user_id": 1,
    "source": "master_push",
    "detail": {
      "platform_release": {
        "ok": true,
        "skipped": true,
        "company_id": 1,
        "release": "0.0.0-dev",
        "message": "Already at this release."
      }
    },
    "created_at": "2026-05-20T04:55:36.700Z"
  }
},
{
  "model": "api.tenantplatformreleaseevent",
  "pk": 10,
  "fields": {
    "company": 2,
    "category": "master_push",
    "server_target_release": "0.0.0-dev",
    "success": true,
    "error_message": "",
    "actor_user_id": 1,
    "source": "master_push",
    "detail": {
      "platform_release": {
        "ok": true,
        "skipped": true,
        "company_id": 2,
        "release": "0.0.0-dev",
        "message": "Already at this release."
      }
    },
    "created_at": "2026-05-20T04:55:36.755Z"
  }
},
{
  "model": "api.tenantplatformreleaseevent",
  "pk": 11,
  "fields": {
    "company": 3,
    "category": "master_push",
    "server_target_release": "0.0.0-dev",
    "success": true,
    "error_message": "",
    "actor_user_id": 1,
    "source": "master_push",
    "detail": {
      "platform_release": {
        "ok": true,
        "skipped": true,
        "company_id": 3,
        "release": "0.0.0-dev",
        "message": "Already at this release."
      }
    },
    "created_at": "2026-05-20T04:55:36.787Z"
  }
},
{
  "model": "api.tenantplatformreleaseevent",
  "pk": 12,
  "fields": {
    "company": 1,
    "category": "master_push",
    "server_target_release": "0.0.0-dev",
    "success": true,
    "error_message": "",
    "actor_user_id": 1,
    "source": "master_push",
    "detail": {
      "platform_release": {
        "ok": true,
        "skipped": true,
        "company_id": 1,
        "release": "0.0.0-dev",
        "message": "Already at this release."
      }
    },
    "created_at": "2026-05-20T12:34:17.292Z"
  }
},
{
  "model": "api.tenantplatformreleaseevent",
  "pk": 13,
  "fields": {
    "company": 2,
    "category": "master_push",
    "server_target_release": "0.0.0-dev",
    "success": true,
    "error_message": "",
    "actor_user_id": 1,
    "source": "master_push",
    "detail": {
      "platform_release": {
        "ok": true,
        "skipped": true,
        "company_id": 2,
        "release": "0.0.0-dev",
        "message": "Already at this release."
      }
    },
    "created_at": "2026-05-20T12:34:17.337Z"
  }
},
{
  "model": "api.tenantplatformreleaseevent",
  "pk": 14,
  "fields": {
    "company": 3,
    "category": "master_push",
    "server_target_release": "0.0.0-dev",
    "success": true,
    "error_message": "",
    "actor_user_id": 1,
    "source": "master_push",
    "detail": {
      "platform_release": {
        "ok": true,
        "skipped": true,
        "company_id": 3,
        "release": "0.0.0-dev",
        "message": "Already at this release."
      }
    },
    "created_at": "2026-05-20T12:34:17.366Z"
  }
},
{
  "model": "api.tenantplatformreleaseevent",
  "pk": 15,
  "fields": {
    "company": 1,
    "category": "master_push",
    "server_target_release": "0.0.0-dev",
    "success": true,
    "error_message": "",
    "actor_user_id": 1,
    "source": "master_push",
    "detail": {
      "platform_release": {
        "ok": true,
        "skipped": true,
        "company_id": 1,
        "release": "0.0.0-dev",
        "message": "Already at this release."
      }
    },
    "created_at": "2026-05-20T12:41:21.386Z"
  }
},
{
  "model": "api.tenantplatformreleaseevent",
  "pk": 16,
  "fields": {
    "company": 2,
    "category": "master_push",
    "server_target_release": "0.0.0-dev",
    "success": true,
    "error_message": "",
    "actor_user_id": 1,
    "source": "master_push",
    "detail": {
      "platform_release": {
        "ok": true,
        "skipped": true,
        "company_id": 2,
        "release": "0.0.0-dev",
        "message": "Already at this release."
      }
    },
    "created_at": "2026-05-20T12:41:21.433Z"
  }
},
{
  "model": "api.tenantplatformreleaseevent",
  "pk": 17,
  "fields": {
    "company": 3,
    "category": "master_push",
    "server_target_release": "0.0.0-dev",
    "success": true,
    "error_message": "",
    "actor_user_id": 1,
    "source": "master_push",
    "detail": {
      "platform_release": {
        "ok": true,
        "skipped": true,
        "company_id": 3,
        "release": "0.0.0-dev",
        "message": "Already at this release."
      }
    },
    "created_at": "2026-05-20T12:41:21.459Z"
  }
},
{
  "model": "api.tenantplatformreleaseevent",
  "pk": 18,
  "fields": {
    "company": 1,
    "category": "master_push",
    "server_target_release": "0.0.0-dev",
    "success": true,
    "error_message": "",
    "actor_user_id": 1,
    "source": "master_push",
    "detail": {
      "platform_release": {
        "ok": true,
        "skipped": true,
        "company_id": 1,
        "release": "0.0.0-dev",
        "message": "Already at this release."
      }
    },
    "created_at": "2026-05-22T02:45:08.820Z"
  }
},
{
  "model": "api.tenantplatformreleaseevent",
  "pk": 19,
  "fields": {
    "company": 2,
    "category": "master_push",
    "server_target_release": "0.0.0-dev",
    "success": true,
    "error_message": "",
    "actor_user_id": 1,
    "source": "master_push",
    "detail": {
      "platform_release": {
        "ok": true,
        "skipped": true,
        "company_id": 2,
        "release": "0.0.0-dev",
        "message": "Already at this release."
      }
    },
    "created_at": "2026-05-22T02:45:08.871Z"
  }
},
{
  "model": "api.tenantplatformreleaseevent",
  "pk": 20,
  "fields": {
    "company": 3,
    "category": "master_push",
    "server_target_release": "0.0.0-dev",
    "success": true,
    "error_message": "",
    "actor_user_id": 1,
    "source": "master_push",
    "detail": {
      "platform_release": {
        "ok": true,
        "skipped": true,
        "company_id": 3,
        "release": "0.0.0-dev",
        "message": "Already at this release."
      }
    },
    "created_at": "2026-05-22T02:45:08.891Z"
  }
},
{
  "model": "api.tenantplatformreleaseevent",
  "pk": 21,
  "fields": {
    "company": 1,
    "category": "master_push",
    "server_target_release": "0.0.0-dev",
    "success": true,
    "error_message": "",
    "actor_user_id": 1,
    "source": "master_push",
    "detail": {
      "platform_release": {
        "ok": true,
        "skipped": false,
        "company_id": 1,
        "release": "0.0.0-dev",
        "hooks_version": 1,
        "hooks_only": true,
        "applied_at": "2026-06-04T11:01:53.415166+00:00",
        "messages": [
          "Ran 7 tenant upgrade hook(s).",
          "Tenant upgrade hooks refreshed (release tag unchanged)."
        ]
      }
    },
    "created_at": "2026-06-04T11:01:53.429Z"
  }
},
{
  "model": "api.tenantplatformreleaseevent",
  "pk": 22,
  "fields": {
    "company": 2,
    "category": "master_push",
    "server_target_release": "0.0.0-dev",
    "success": true,
    "error_message": "",
    "actor_user_id": 1,
    "source": "master_push",
    "detail": {
      "platform_release": {
        "ok": true,
        "skipped": false,
        "company_id": 2,
        "release": "0.0.0-dev",
        "hooks_version": 1,
        "hooks_only": true,
        "applied_at": "2026-06-04T11:01:53.503256+00:00",
        "messages": [
          "Ran 7 tenant upgrade hook(s).",
          "Tenant upgrade hooks refreshed (release tag unchanged)."
        ]
      }
    },
    "created_at": "2026-06-04T11:01:53.506Z"
  }
},
{
  "model": "api.tenantplatformreleaseevent",
  "pk": 23,
  "fields": {
    "company": 3,
    "category": "master_push",
    "server_target_release": "0.0.0-dev",
    "success": true,
    "error_message": "",
    "actor_user_id": 1,
    "source": "master_push",
    "detail": {
      "platform_release": {
        "ok": true,
        "skipped": false,
        "company_id": 3,
        "release": "0.0.0-dev",
        "hooks_version": 1,
        "hooks_only": true,
        "applied_at": "2026-06-04T11:01:53.580601+00:00",
        "messages": [
          "Ran 7 tenant upgrade hook(s).",
          "Tenant upgrade hooks refreshed (release tag unchanged)."
        ]
      }
    },
    "created_at": "2026-06-04T11:01:53.586Z"
  }
},
{
  "model": "api.tenantplatformreleaseevent",
  "pk": 24,
  "fields": {
    "company": 1,
    "category": "master_push",
    "server_target_release": "0.0.0-dev",
    "success": true,
    "error_message": "",
    "actor_user_id": 1,
    "source": "master_push",
    "detail": {
      "platform_release": {
        "ok": true,
        "skipped": true,
        "company_id": 1,
        "release": "0.0.0-dev",
        "hooks_version": 1,
        "message": "Already at this release with current upgrade hooks."
      }
    },
    "created_at": "2026-06-04T11:40:45.664Z"
  }
},
{
  "model": "api.tenantplatformreleaseevent",
  "pk": 25,
  "fields": {
    "company": 2,
    "category": "master_push",
    "server_target_release": "0.0.0-dev",
    "success": true,
    "error_message": "",
    "actor_user_id": 1,
    "source": "master_push",
    "detail": {
      "platform_release": {
        "ok": true,
        "skipped": true,
        "company_id": 2,
        "release": "0.0.0-dev",
        "hooks_version": 1,
        "message": "Already at this release with current upgrade hooks."
      }
    },
    "created_at": "2026-06-04T11:40:45.679Z"
  }
},
{
  "model": "api.tenantplatformreleaseevent",
  "pk": 26,
  "fields": {
    "company": 3,
    "category": "master_push",
    "server_target_release": "0.0.0-dev",
    "success": true,
    "error_message": "",
    "actor_user_id": 1,
    "source": "master_push",
    "detail": {
      "platform_release": {
        "ok": true,
        "skipped": true,
        "company_id": 3,
        "release": "0.0.0-dev",
        "hooks_version": 1,
        "message": "Already at this release with current upgrade hooks."
      }
    },
    "created_at": "2026-06-04T11:40:45.698Z"
  }
},
{
  "model": "api.companyrole",
  "pk": 1,
  "fields": {
    "company": 1,
    "name": "Pond Supervisor",
    "description": "Pond Supervisor",
    "permissions": [
      "app.launcher",
      "app.aquaculture.feeding",
      "app.aquaculture.medicine",
      "app.aquaculture.stock",
      "app.aquaculture.sampling",
      "app.aquaculture.sales",
      "app.aquaculture.sales.edit",
      "app.aquaculture.expenses",
      "app.aquaculture.expenses.edit",
      "app.aquaculture.financing",
      "app.aquaculture.financing.edit",
      "app.aquaculture",
      "app.aquaculture.dashboard",
      "app.aquaculture.ponds",
      "app.aquaculture.landlords",
      "app.aquaculture.cycles",
      "app.aquaculture.transfers",
      "app.aquaculture.data_bank",
      "app.aquaculture.report_pl",
      "app.aquaculture.edit",
      "app.aquaculture.dashboard.edit",
      "app.aquaculture.ponds.edit",
      "app.aquaculture.landlords.edit",
      "app.aquaculture.cycles.edit",
      "app.aquaculture.transfers.edit",
      "app.aquaculture.stock.edit",
      "app.aquaculture.sampling.edit",
      "app.aquaculture.feeding.edit",
      "app.aquaculture.medicine.edit",
      "app.aquaculture.data_bank.edit",
      "app.aquaculture.report_pl.edit"
    ],
    "created_at": "2026-05-21T07:20:16.755Z",
    "updated_at": "2026-05-28T08:42:55.081Z"
  }
},
{
  "model": "api.companyrole",
  "pk": 2,
  "fields": {
    "company": 1,
    "name": "Pond Manager",
    "description": "Pond Manager",
    "permissions": [
      "app.launcher",
      "app.aquaculture",
      "app.aquaculture.sales",
      "app.aquaculture.medicine",
      "app.aquaculture.feeding",
      "app.aquaculture.sampling",
      "app.aquaculture.expenses"
    ],
    "created_at": "2026-05-21T07:21:52.845Z",
    "updated_at": "2026-05-21T07:21:52.845Z"
  }
},
{
  "model": "api.companyrole",
  "pk": 3,
  "fields": {
    "company": 1,
    "name": "Accountant",
    "description": "In charge of whole Financial Activities",
    "permissions": [
      "app.launcher",
      "app.pos",
      "app.operations",
      "app.accounting",
      "app.sales",
      "app.customers",
      "app.inventory",
      "app.hr",
      "app.settings",
      "app.reports",
      "report.inventory_sku",
      "app.aquaculture"
    ],
    "created_at": "2026-05-22T02:42:06.582Z",
    "updated_at": "2026-05-22T02:42:06.582Z"
  }
},
{
  "model": "api.companyrole",
  "pk": 4,
  "fields": {
    "company": 1,
    "name": "Access: Md Humayun Kabir",
    "description": "",
    "permissions": [
      "app.launcher",
      "app.pos",
      "app.page.dashboard",
      "app.page.cashier",
      "app.station",
      "app.page.stations",
      "app.page.tanks",
      "app.page.islands",
      "app.page.dispensers",
      "app.page.meters",
      "app.page.nozzles",
      "app.operations",
      "app.page.shift_management",
      "app.page.tank_dips",
      "app.accounting",
      "app.page.chart_of_accounts",
      "app.page.journal_entries",
      "app.page.fund_transfers",
      "app.page.loans",
      "app.sales",
      "app.customers",
      "app.page.customers",
      "app.page.vendors",
      "app.page.invoices",
      "app.page.bills",
      "app.page.payments",
      "app.inventory",
      "app.page.items",
      "app.page.inventory",
      "app.hr",
      "app.page.employees",
      "app.page.payroll",
      "app.settings",
      "app.users",
      "app.roles",
      "app.backup",
      "app.page.company",
      "app.page.subscriptions",
      "app.page.users",
      "app.page.roles",
      "app.page.tax",
      "app.page.reporting_categories",
      "app.page.backup",
      "app.reports",
      "app.page.reports",
      "report.inventory_sku",
      "report.trial_balance",
      "report.balance_sheet",
      "report.income_statement",
      "report.customer_balances",
      "report.ar_aging",
      "report.vendor_balances",
      "report.ap_aging",
      "report.cash_flow",
      "report.expense_detail",
      "report.income_detail",
      "report.entities_pl_summary",
      "report.entities_balance_sheet_summary",
      "report.entities_trial_balance_summary",
      "report.entities_financial_summary",
      "report.stations_financial_summary",
      "report.ponds_pl_summary",
      "report.liabilities_detail",
      "report.loan_receivable_gl",
      "report.loan_payable_gl",
      "report.loans_borrow_and_lent",
      "report.inventory_sku_valuation",
      "report.item_master_by_category",
      "report.item_sales_by_category",
      "report.item_purchases_by_category",
      "report.item_sales_custom",
      "report.item_purchases_custom",
      "report.item_stock_movement",
      "report.item_velocity_analysis",
      "report.item_purchase_velocity_analysis",
      "report.daily_summary",
      "report.shift_summary",
      "report.sales_by_nozzle",
      "report.sales_by_station",
      "report.sales_report",
      "report.purchase_report",
      "report.fuel_sales",
      "report.tank_inventory",
      "report.tank_dip_register",
      "report.analytics_kpi",
      "report.financial_analytics",
      "report.tank_dip_variance",
      "report.meter_readings",
      "report.aquaculture_pl_management",
      "report.aquaculture_fish_sales",
      "report.aquaculture_pond_sales_comprehensive",
      "report.aquaculture_pond_pl",
      "report.aquaculture_expenses",
      "report.aquaculture_sampling",
      "report.aquaculture_production_cycles",
      "report.aquaculture_profit_transfers",
      "report.aquaculture_fish_transfers",
      "report.aquaculture_pond_feed_stock",
      "report.aquaculture_pond_medicine_stock",
      "report.aquaculture_pond_supplies_stock",
      "report.aquaculture_fish_stock_position",
      "report.aquaculture_shop_station_stock",
      "report.aquaculture_equipment_assets",
      "report.aquaculture_pond_total_inventory",
      "app.aquaculture",
      "app.aquaculture.dashboard",
      "app.aquaculture.ponds",
      "app.aquaculture.landlords",
      "app.aquaculture.cycles",
      "app.aquaculture.transfers",
      "app.aquaculture.stock",
      "app.aquaculture.sampling",
      "app.aquaculture.feeding",
      "app.aquaculture.medicine",
      "app.aquaculture.sales",
      "app.aquaculture.expenses",
      "app.aquaculture.financing",
      "app.aquaculture.data_bank",
      "app.aquaculture.report_pl",
      "app.accounting.edit",
      "app.aquaculture.edit",
      "app.backup.edit",
      "app.customers.edit",
      "app.hr.edit",
      "app.inventory.edit",
      "app.operations.edit",
      "app.pos.edit",
      "app.roles.edit",
      "app.sales.edit",
      "app.settings.edit",
      "app.station.edit",
      "app.users.edit",
      "app.page.cashier.edit",
      "app.page.stations.edit",
      "app.page.tanks.edit",
      "app.page.islands.edit",
      "app.page.dispensers.edit",
      "app.page.meters.edit",
      "app.page.nozzles.edit",
      "app.page.shift_management.edit",
      "app.page.tank_dips.edit",
      "app.page.chart_of_accounts.edit",
      "app.page.journal_entries.edit",
      "app.page.fund_transfers.edit",
      "app.page.loans.edit",
      "app.page.customers.edit",
      "app.page.vendors.edit",
      "app.page.invoices.edit",
      "app.page.bills.edit",
      "app.page.payments.edit",
      "app.page.items.edit",
      "app.page.inventory.edit",
      "app.page.employees.edit",
      "app.page.payroll.edit",
      "app.page.company.edit",
      "app.page.subscriptions.edit",
      "app.page.users.edit",
      "app.page.roles.edit",
      "app.page.tax.edit",
      "app.page.reporting_categories.edit",
      "app.page.backup.edit",
      "app.aquaculture.dashboard.edit",
      "app.aquaculture.ponds.edit",
      "app.aquaculture.landlords.edit",
      "app.aquaculture.cycles.edit",
      "app.aquaculture.transfers.edit",
      "app.aquaculture.stock.edit",
      "app.aquaculture.sampling.edit",
      "app.aquaculture.feeding.edit",
      "app.aquaculture.medicine.edit",
      "app.aquaculture.sales.edit",
      "app.aquaculture.expenses.edit",
      "app.aquaculture.financing.edit",
      "app.aquaculture.data_bank.edit",
      "app.aquaculture.report_pl.edit"
    ],
    "created_at": "2026-05-28T11:44:44.252Z",
    "updated_at": "2026-05-28T11:44:44.252Z"
  }
},
{
  "model": "api.user",
  "pk": 1,
  "fields": {
    "username": "superuser@fserp.com",
    "email": "superuser@fserp.com",
    "full_name": "Super Admin",
    "role": "super_admin",
    "custom_role": null,
    "password_hash": "$2b$12$jBFgtOmXiFGN30Ynom/HH.3ANoHhXZUULoYpABPtzAouBg.7eBTFe",
    "pos_sale_scope": "both",
    "company_id": null,
    "is_active": true,
    "home_station": null,
    "created_at": "2026-05-05T13:42:39.808Z",
    "updated_at": "2026-05-05T13:42:39.808Z"
  }
},
{
  "model": "api.user",
  "pk": 3,
  "fields": {
    "username": "tmp_items_test2@test.com",
    "email": "tmp_items_test2@test.com",
    "full_name": "T",
    "role": "admin",
    "custom_role": null,
    "password_hash": "$2b$12$99UMjYuvymUyS5SCUmotPOCeuarPIvDW5bxR92jkvAjzAhTIGl1iG",
    "pos_sale_scope": "both",
    "company_id": 3,
    "is_active": true,
    "home_station": null,
    "created_at": "2026-05-06T12:17:39.019Z",
    "updated_at": "2026-05-06T12:17:39.687Z"
  }
},
{
  "model": "api.user",
  "pk": 4,
  "fields": {
    "username": "rezaul@fserp.com",
    "email": "rezaul@fserp.com",
    "full_name": "Rezaul Karim",
    "role": "cashier",
    "custom_role": null,
    "password_hash": "$2b$12$E1xwAWv7sd/yruB.YsvNbeqV.3xdX7EzN2mlUXw.Gz6KKLg1Yk2Fq",
    "pos_sale_scope": "general",
    "company_id": 1,
    "is_active": true,
    "home_station": 4,
    "created_at": "2026-05-11T15:54:35.066Z",
    "updated_at": "2026-05-22T02:37:42.229Z"
  }
},
{
  "model": "api.user",
  "pk": 5,
  "fields": {
    "username": "yunusali@gmail.com",
    "email": "yunusali@gmail.com",
    "full_name": "Yunus Ali",
    "role": "supervisor",
    "custom_role": 1,
    "password_hash": "$2b$12$6x3CwAIjQcu2WTlYG/Gs8uU4QDcqAvxhh/J78JVF2g6NPXDMkyiVO",
    "pos_sale_scope": "both",
    "company_id": 1,
    "is_active": true,
    "home_station": 4,
    "created_at": "2026-05-21T07:29:13.285Z",
    "updated_at": "2026-05-28T08:30:22.665Z"
  }
},
{
  "model": "api.user",
  "pk": 6,
  "fields": {
    "username": "admin",
    "email": "admin@localhost",
    "full_name": "Super Admin",
    "role": "super_admin",
    "custom_role": null,
    "password_hash": "$2b$12$vxveftumUAc4fBbJeVv5COsP3PvZqhNzwkSICY3L0cI9Pn8IDQ/9q",
    "pos_sale_scope": "both",
    "company_id": null,
    "is_active": true,
    "home_station": null,
    "created_at": "2026-05-26T14:34:44.748Z",
    "updated_at": "2026-05-26T14:34:44.748Z"
  }
},
{
  "model": "api.user",
  "pk": 7,
  "fields": {
    "username": "hkabir845@gmail.com",
    "email": "hkabir845@gmail.com",
    "full_name": "Md Humayun Kabir",
    "role": "cashier",
    "custom_role": 4,
    "password_hash": "$2b$12$.ZbZjMUlUxbqMPJRcGQ8a.cO0Qk2Or2xxi92nedAtyBTxYAWgiQt6",
    "pos_sale_scope": "both",
    "company_id": 1,
    "is_active": true,
    "home_station": 1,
    "created_at": "2026-05-28T11:45:14.304Z",
    "updated_at": "2026-05-28T11:45:14.304Z"
  }
},
{
  "model": "api.passwordresettoken",
  "pk": 1,
  "fields": {
    "user": 7,
    "token_hash": "4dcbf832d932b8399370a19ddd9fbeec62378774b9e2708f11e98939b4536e2f",
    "created_at": "2026-05-28T11:47:08.684Z",
    "expires_at": "2026-05-28T11:52:08.684Z",
    "used_at": null
  }
},
{
  "model": "api.broadcast",
  "pk": 1,
  "fields": {
    "company_id": 1,
    "title": "[Demo] Payment & subscription reminder",
    "message": "Dear station operator,\n\nThis is a sample payment-related broadcast, similar to a subscription or hosting invoice reminder.\n\nPlease ensure any platform fees are settled by the due date to avoid interruption. Contact your account manager if you need a copy of the invoice.\n\n— FSERP (sample message)",
    "target": "specific",
    "is_active": true,
    "applied_at": null,
    "created_at": "2026-05-26T14:01:57.417Z",
    "updated_at": "2026-05-26T14:01:57.417Z"
  }
},
{
  "model": "api.broadcast",
  "pk": 2,
  "fields": {
    "company_id": 1,
    "title": "[Demo] Scheduled maintenance window",
    "message": "Maintenance notice (sample)\n\nWe may schedule brief maintenance on Sunday nights (example: 02:00–04:00 local time). During this window you could see short delays on sync or login.\n\nWe will confirm real windows through your production administrator.\n\n— FSERP Platform",
    "target": "specific",
    "is_active": true,
    "applied_at": null,
    "created_at": "2026-05-26T14:01:57.436Z",
    "updated_at": "2026-05-26T14:01:57.436Z"
  }
},
{
  "model": "api.broadcast",
  "pk": 3,
  "fields": {
    "company_id": 1,
    "title": "[Demo] Welcome — Master Filling Station demo tenant",
    "message": "Welcome to the Master Filling Station demo tenant.\n\nThis company is pre-loaded with sample chart of accounts, nozzles, customers, and demo journals so you can try Cashier, Reports, and Payments without entering everything from scratch.\n\nYou can dismiss broadcasts from your dashboard after reading them.\n\n— FSERP",
    "target": "specific",
    "is_active": true,
    "applied_at": null,
    "created_at": "2026-05-26T14:01:57.449Z",
    "updated_at": "2026-05-26T14:01:57.449Z"
  }
},
{
  "model": "api.broadcast",
  "pk": 4,
  "fields": {
    "company_id": 1,
    "title": "[Demo] Tip: end-of-shift checklist",
    "message": "Operations tip (sample)\n\nBefore closing a shift: reconcile cash and card batches, note any nozzle meter readings if your process requires it, and record tank dips when policy requires wet-stock verification.\n\nUse Shifts and Tank Dips in the menu when your site enables those modules.\n\n— FSERP",
    "target": "specific",
    "is_active": true,
    "applied_at": null,
    "created_at": "2026-05-26T14:01:57.449Z",
    "updated_at": "2026-05-26T14:01:57.461Z"
  }
},
{
  "model": "api.broadcast",
  "pk": 5,
  "fields": {
    "company_id": 1,
    "title": "[Demo] Feature highlight — printing from POS",
    "message": "Product update (sample)\n\nFrom the POS screen you can print draft invoices, a short POS summary report, and customer A/R statements when a customer is selected — useful for counter copies and quick reconciliations.\n\n— FSERP",
    "target": "specific",
    "is_active": true,
    "applied_at": null,
    "created_at": "2026-05-26T14:01:57.462Z",
    "updated_at": "2026-05-26T14:01:57.462Z"
  }
},
{
  "model": "api.broadcast",
  "pk": 6,
  "fields": {
    "company_id": 1,
    "title": "[Demo] Service renewal / licence expiry (sample)",
    "message": "Reminder (sample)\n\nIf your deployment includes time-bound licences or annual support, plan renewals before the expiry date so updates and helpdesk access stay active.\n\nThis message is only an example of how an expiry reminder could look.\n\n— FSERP",
    "target": "specific",
    "is_active": true,
    "applied_at": null,
    "created_at": "2026-05-26T14:01:57.483Z",
    "updated_at": "2026-05-26T14:01:57.483Z"
  }
},
{
  "model": "api.station",
  "pk": 1,
  "fields": {
    "company": 1,
    "station_number": "STN-1",
    "station_name": "Main Station",
    "address_line1": "Mouchak-Fulbaria Road",
    "city": "Gazipur",
    "state": "",
    "phone": "",
    "postal_code": "",
    "is_active": true,
    "operates_fuel_retail": true,
    "default_aquaculture_pond": 20,
    "created_at": "2026-05-05T13:27:32.283Z",
    "updated_at": "2026-05-05T13:27:32.283Z"
  }
},
{
  "model": "api.station",
  "pk": 2,
  "fields": {
    "company": 2,
    "station_number": "STN-2",
    "station_name": "Premium Agro",
    "address_line1": "Mouchak-Fulbaria Road",
    "city": "Kalikoir",
    "state": "Gazipur",
    "phone": "+8801796354273",
    "postal_code": "",
    "is_active": true,
    "operates_fuel_retail": false,
    "default_aquaculture_pond": null,
    "created_at": "2026-05-06T10:47:16.662Z",
    "updated_at": "2026-05-06T10:47:16.662Z"
  }
},
{
  "model": "api.station",
  "pk": 3,
  "fields": {
    "company": 2,
    "station_number": "STN-3",
    "station_name": "Chabagan Station",
    "address_line1": "Mouchak-Fulbaria Road",
    "city": "Kaliakoir",
    "state": "Gazipur",
    "phone": "",
    "postal_code": "",
    "is_active": true,
    "operates_fuel_retail": true,
    "default_aquaculture_pond": null,
    "created_at": "2026-05-06T10:52:02.014Z",
    "updated_at": "2026-05-06T10:52:02.014Z"
  }
},
{
  "model": "api.station",
  "pk": 4,
  "fields": {
    "company": 1,
    "station_number": "STN-4",
    "station_name": "Chabagan Station",
    "address_line1": "Mouchak-Fulbaria Road, Chabagan",
    "city": "Kaliakor",
    "state": "Gazipur",
    "phone": "+88017142337874",
    "postal_code": "",
    "is_active": true,
    "operates_fuel_retail": false,
    "default_aquaculture_pond": null,
    "created_at": "2026-05-06T11:50:20.983Z",
    "updated_at": "2026-05-26T06:53:43.594Z"
  }
},
{
  "model": "api.station",
  "pk": 5,
  "fields": {
    "company": 1,
    "station_number": "STN-5",
    "station_name": "Premium Agro",
    "address_line1": "Aquaculture feed & medicine hub (demo)",
    "city": "",
    "state": "",
    "phone": "",
    "postal_code": "",
    "is_active": true,
    "operates_fuel_retail": false,
    "default_aquaculture_pond": null,
    "created_at": "2026-05-26T14:01:57.582Z",
    "updated_at": "2026-05-26T14:01:57.582Z"
  }
},
{
  "model": "api.item",
  "pk": 1,
  "fields": {
    "company": 1,
    "item_number": "ITM-1",
    "name": "Drinking Water (500ml)",
    "description": "",
    "item_type": "inventory",
    "unit_price": "20.00",
    "cost": "12.00",
    "quantity_on_hand": "0.0000",
    "unit": "piece",
    "pos_category": "general",
    "content_weight_kg": null,
    "pieces_per_kg": null,
    "category": "General",
    "barcode": "",
    "is_taxable": true,
    "is_pos_available": true,
    "is_active": true,
    "image_url": "",
    "revenue_account": null,
    "cogs_account": null,
    "inventory_account": null,
    "expense_account": null,
    "opening_stock_quantity": "0.0000",
    "opening_stock_unit_cost": "0.0000",
    "opening_balance_date": null,
    "opening_balance_journal": null,
    "created_at": "2026-05-05T13:27:31.999Z",
    "updated_at": "2026-05-11T02:52:34.880Z"
  }
},
{
  "model": "api.item",
  "pk": 2,
  "fields": {
    "company": 1,
    "item_number": "ITM-2",
    "name": "Soft Drink (Can)",
    "description": "",
    "item_type": "inventory",
    "unit_price": "45.00",
    "cost": "30.00",
    "quantity_on_hand": "100.0000",
    "unit": "piece",
    "pos_category": "general",
    "content_weight_kg": null,
    "pieces_per_kg": null,
    "category": "Beverages",
    "barcode": "",
    "is_taxable": true,
    "is_pos_available": true,
    "is_active": true,
    "image_url": "",
    "revenue_account": null,
    "cogs_account": null,
    "inventory_account": null,
    "expense_account": null,
    "opening_stock_quantity": "100.0000",
    "opening_stock_unit_cost": "30.0000",
    "opening_balance_date": "2026-01-01",
    "opening_balance_journal": 87,
    "created_at": "2026-05-05T13:27:32.021Z",
    "updated_at": "2026-05-05T13:27:32.021Z"
  }
},
{
  "model": "api.item",
  "pk": 3,
  "fields": {
    "company": 1,
    "item_number": "ITM-3",
    "name": "Energy Drink",
    "description": "",
    "item_type": "inventory",
    "unit_price": "120.00",
    "cost": "85.00",
    "quantity_on_hand": "100.0000",
    "unit": "piece",
    "pos_category": "general",
    "content_weight_kg": null,
    "pieces_per_kg": null,
    "category": "Beverages",
    "barcode": "",
    "is_taxable": true,
    "is_pos_available": true,
    "is_active": true,
    "image_url": "",
    "revenue_account": null,
    "cogs_account": null,
    "inventory_account": null,
    "expense_account": null,
    "opening_stock_quantity": "100.0000",
    "opening_stock_unit_cost": "85.0000",
    "opening_balance_date": "2026-01-01",
    "opening_balance_journal": 88,
    "created_at": "2026-05-05T13:27:32.042Z",
    "updated_at": "2026-05-05T13:27:32.042Z"
  }
},
{
  "model": "api.item",
  "pk": 4,
  "fields": {
    "company": 1,
    "item_number": "ITM-4",
    "name": "Snacks Pack",
    "description": "",
    "item_type": "inventory",
    "unit_price": "35.00",
    "cost": "22.00",
    "quantity_on_hand": "100.0000",
    "unit": "piece",
    "pos_category": "general",
    "content_weight_kg": null,
    "pieces_per_kg": null,
    "category": "Snacks",
    "barcode": "",
    "is_taxable": true,
    "is_pos_available": true,
    "is_active": true,
    "image_url": "",
    "revenue_account": null,
    "cogs_account": null,
    "inventory_account": null,
    "expense_account": null,
    "opening_stock_quantity": "100.0000",
    "opening_stock_unit_cost": "22.0000",
    "opening_balance_date": "2026-01-01",
    "opening_balance_journal": 89,
    "created_at": "2026-05-05T13:27:32.063Z",
    "updated_at": "2026-05-05T13:27:32.063Z"
  }
},
{
  "model": "api.item",
  "pk": 5,
  "fields": {
    "company": 1,
    "item_number": "ITM-5",
    "name": "Engine Oil (1L)",
    "description": "",
    "item_type": "inventory",
    "unit_price": "850.00",
    "cost": "620.00",
    "quantity_on_hand": "100.0000",
    "unit": "piece",
    "pos_category": "general",
    "content_weight_kg": null,
    "pieces_per_kg": null,
    "category": "Lubricants",
    "barcode": "",
    "is_taxable": true,
    "is_pos_available": true,
    "is_active": true,
    "image_url": "",
    "revenue_account": null,
    "cogs_account": null,
    "inventory_account": null,
    "expense_account": null,
    "opening_stock_quantity": "100.0000",
    "opening_stock_unit_cost": "620.0000",
    "opening_balance_date": "2026-01-01",
    "opening_balance_journal": 90,
    "created_at": "2026-05-05T13:27:32.084Z",
    "updated_at": "2026-05-05T13:27:32.084Z"
  }
},
{
  "model": "api.item",
  "pk": 6,
  "fields": {
    "company": 1,
    "item_number": "ITM-6",
    "name": "Brake Fluid",
    "description": "",
    "item_type": "inventory",
    "unit_price": "320.00",
    "cost": "210.00",
    "quantity_on_hand": "100.0000",
    "unit": "piece",
    "pos_category": "general",
    "content_weight_kg": null,
    "pieces_per_kg": null,
    "category": "Lubricants",
    "barcode": "",
    "is_taxable": true,
    "is_pos_available": true,
    "is_active": true,
    "image_url": "",
    "revenue_account": null,
    "cogs_account": null,
    "inventory_account": null,
    "expense_account": null,
    "opening_stock_quantity": "100.0000",
    "opening_stock_unit_cost": "210.0000",
    "opening_balance_date": "2026-01-01",
    "opening_balance_journal": 91,
    "created_at": "2026-05-05T13:27:32.105Z",
    "updated_at": "2026-05-05T13:27:32.105Z"
  }
},
{
  "model": "api.item",
  "pk": 7,
  "fields": {
    "company": 1,
    "item_number": "ITM-7",
    "name": "Coolant (1L)",
    "description": "",
    "item_type": "inventory",
    "unit_price": "280.00",
    "cost": "180.00",
    "quantity_on_hand": "4580.0000",
    "unit": "piece",
    "pos_category": "general",
    "content_weight_kg": null,
    "pieces_per_kg": null,
    "category": "Lubricants",
    "barcode": "",
    "is_taxable": true,
    "is_pos_available": true,
    "is_active": true,
    "image_url": "",
    "revenue_account": null,
    "cogs_account": null,
    "inventory_account": null,
    "expense_account": null,
    "opening_stock_quantity": "100.0000",
    "opening_stock_unit_cost": "180.0000",
    "opening_balance_date": "2026-01-01",
    "opening_balance_journal": 92,
    "created_at": "2026-05-05T13:27:32.126Z",
    "updated_at": "2026-05-05T13:27:32.126Z"
  }
},
{
  "model": "api.item",
  "pk": 8,
  "fields": {
    "company": 1,
    "item_number": "ITM-8",
    "name": "Car Air Freshener",
    "description": "",
    "item_type": "inventory",
    "unit_price": "150.00",
    "cost": "90.00",
    "quantity_on_hand": "100.0000",
    "unit": "piece",
    "pos_category": "general",
    "content_weight_kg": null,
    "pieces_per_kg": null,
    "category": "Accessories",
    "barcode": "",
    "is_taxable": true,
    "is_pos_available": true,
    "is_active": true,
    "image_url": "",
    "revenue_account": null,
    "cogs_account": null,
    "inventory_account": null,
    "expense_account": null,
    "opening_stock_quantity": "100.0000",
    "opening_stock_unit_cost": "90.0000",
    "opening_balance_date": "2026-01-01",
    "opening_balance_journal": 93,
    "created_at": "2026-05-05T13:27:32.146Z",
    "updated_at": "2026-05-05T13:27:32.146Z"
  }
},
{
  "model": "api.item",
  "pk": 9,
  "fields": {
    "company": 1,
    "item_number": "ITM-9",
    "name": "Microfiber Cloth",
    "description": "",
    "item_type": "inventory",
    "unit_price": "80.00",
    "cost": "45.00",
    "quantity_on_hand": "100.0000",
    "unit": "piece",
    "pos_category": "general",
    "content_weight_kg": null,
    "pieces_per_kg": null,
    "category": "Accessories",
    "barcode": "",
    "is_taxable": true,
    "is_pos_available": true,
    "is_active": true,
    "image_url": "",
    "revenue_account": null,
    "cogs_account": null,
    "inventory_account": null,
    "expense_account": null,
    "opening_stock_quantity": "100.0000",
    "opening_stock_unit_cost": "45.0000",
    "opening_balance_date": "2026-01-01",
    "opening_balance_journal": 94,
    "created_at": "2026-05-05T13:27:32.167Z",
    "updated_at": "2026-05-05T13:27:32.167Z"
  }
},
{
  "model": "api.item",
  "pk": 10,
  "fields": {
    "company": 1,
    "item_number": "ITM-10",
    "name": "Tire Pressure Check (Service)",
    "description": "",
    "item_type": "service",
    "unit_price": "50.00",
    "cost": "0.00",
    "quantity_on_hand": "0.0000",
    "unit": "service",
    "pos_category": "service",
    "content_weight_kg": null,
    "pieces_per_kg": null,
    "category": "Service",
    "barcode": "",
    "is_taxable": true,
    "is_pos_available": true,
    "is_active": true,
    "image_url": "",
    "revenue_account": null,
    "cogs_account": null,
    "inventory_account": null,
    "expense_account": null,
    "opening_stock_quantity": "0.0000",
    "opening_stock_unit_cost": "0.0000",
    "opening_balance_date": null,
    "opening_balance_journal": null,
    "created_at": "2026-05-05T13:27:32.187Z",
    "updated_at": "2026-05-05T13:27:32.187Z"
  }
},
{
  "model": "api.item",
  "pk": 11,
  "fields": {
    "company": 1,
    "item_number": "ITM-11",
    "name": "Windshield Wash (Top-up)",
    "description": "",
    "item_type": "service",
    "unit_price": "40.00",
    "cost": "10.00",
    "quantity_on_hand": "0.0000",
    "unit": "service",
    "pos_category": "service",
    "content_weight_kg": null,
    "pieces_per_kg": null,
    "category": "Service",
    "barcode": "",
    "is_taxable": true,
    "is_pos_available": true,
    "is_active": true,
    "image_url": "",
    "revenue_account": null,
    "cogs_account": null,
    "inventory_account": null,
    "expense_account": null,
    "opening_stock_quantity": "0.0000",
    "opening_stock_unit_cost": "0.0000",
    "opening_balance_date": null,
    "opening_balance_journal": null,
    "created_at": "2026-05-05T13:27:32.206Z",
    "updated_at": "2026-05-05T13:27:32.206Z"
  }
},
{
  "model": "api.item",
  "pk": 12,
  "fields": {
    "company": 1,
    "item_number": "ITM-12",
    "name": "Diesel",
    "description": "",
    "item_type": "inventory",
    "unit_price": "100.00",
    "cost": "96.00",
    "quantity_on_hand": "18270.0000",
    "unit": "L",
    "pos_category": "fuel",
    "content_weight_kg": null,
    "pieces_per_kg": null,
    "category": "General",
    "barcode": "",
    "is_taxable": true,
    "is_pos_available": true,
    "is_active": true,
    "image_url": "",
    "revenue_account": 46,
    "cogs_account": 58,
    "inventory_account": 13,
    "expense_account": null,
    "opening_stock_quantity": "13770.0000",
    "opening_stock_unit_cost": "96.0000",
    "opening_balance_date": "2026-01-01",
    "opening_balance_journal": 95,
    "created_at": "2026-05-05T13:27:32.240Z",
    "updated_at": "2026-05-29T16:55:21.346Z"
  }
},
{
  "model": "api.item",
  "pk": 13,
  "fields": {
    "company": 1,
    "item_number": "ITM-13",
    "name": "Petrol",
    "description": "",
    "item_type": "inventory",
    "unit_price": "135.00",
    "cost": "0.00",
    "quantity_on_hand": "3000.0000",
    "unit": "L",
    "pos_category": "fuel",
    "content_weight_kg": null,
    "pieces_per_kg": null,
    "category": "General",
    "barcode": "",
    "is_taxable": true,
    "is_pos_available": true,
    "is_active": true,
    "image_url": "",
    "revenue_account": 46,
    "cogs_account": 58,
    "inventory_account": 13,
    "expense_account": null,
    "opening_stock_quantity": "0.0000",
    "opening_stock_unit_cost": "0.0000",
    "opening_balance_date": null,
    "opening_balance_journal": null,
    "created_at": "2026-05-05T13:27:32.260Z",
    "updated_at": "2026-05-29T17:09:53.516Z"
  }
},
{
  "model": "api.item",
  "pk": 14,
  "fields": {
    "company": 2,
    "item_number": "ITM-1",
    "name": "NH Tilapia Grower",
    "description": "NH Tilapia Grower",
    "item_type": "inventory",
    "unit_price": "0.00",
    "cost": "25.00",
    "quantity_on_hand": "0.0000",
    "unit": "kg",
    "pos_category": "general",
    "content_weight_kg": null,
    "pieces_per_kg": null,
    "category": "Fish feed",
    "barcode": "",
    "is_taxable": true,
    "is_pos_available": true,
    "is_active": true,
    "image_url": "",
    "revenue_account": null,
    "cogs_account": null,
    "inventory_account": null,
    "expense_account": null,
    "opening_stock_quantity": "0.0000",
    "opening_stock_unit_cost": "0.0000",
    "opening_balance_date": null,
    "opening_balance_journal": null,
    "created_at": "2026-05-06T11:46:34.290Z",
    "updated_at": "2026-05-06T11:46:34.290Z"
  }
},
{
  "model": "api.item",
  "pk": 15,
  "fields": {
    "company": 1,
    "item_number": "ITM-14",
    "name": "Octane",
    "description": "Octane",
    "item_type": "inventory",
    "unit_price": "140.00",
    "cost": "134.00",
    "quantity_on_hand": "11500.0000",
    "unit": "liter",
    "pos_category": "fuel",
    "content_weight_kg": null,
    "pieces_per_kg": null,
    "category": "Fuel",
    "barcode": "",
    "is_taxable": true,
    "is_pos_available": true,
    "is_active": true,
    "image_url": "",
    "revenue_account": 46,
    "cogs_account": 58,
    "inventory_account": 13,
    "expense_account": null,
    "opening_stock_quantity": "7000.0000",
    "opening_stock_unit_cost": "134.0000",
    "opening_balance_date": "2026-01-01",
    "opening_balance_journal": 96,
    "created_at": "2026-05-06T12:13:21.285Z",
    "updated_at": "2026-05-29T17:10:12.169Z"
  }
},
{
  "model": "api.item",
  "pk": 16,
  "fields": {
    "company": 1,
    "item_number": "FEED-UI-PELLET-25",
    "name": "AquaGrow Floating Pellet 3 mm (25 kg sack)",
    "description": "Demo tilapia grower feed for feeding-advice UI.",
    "item_type": "inventory",
    "unit_price": "1850.00",
    "cost": "1620.00",
    "quantity_on_hand": "840.0000",
    "unit": "sack",
    "pos_category": "feed",
    "content_weight_kg": "25.0000",
    "pieces_per_kg": null,
    "category": "Aquaculture feed",
    "barcode": "",
    "is_taxable": true,
    "is_pos_available": true,
    "is_active": true,
    "image_url": "",
    "revenue_account": null,
    "cogs_account": null,
    "inventory_account": null,
    "expense_account": null,
    "opening_stock_quantity": "840.0000",
    "opening_stock_unit_cost": "1620.0000",
    "opening_balance_date": "2026-01-01",
    "opening_balance_journal": 97,
    "created_at": "2026-05-06T22:05:09.518Z",
    "updated_at": "2026-05-07T03:54:28.327Z"
  }
},
{
  "model": "api.item",
  "pk": 17,
  "fields": {
    "company": 1,
    "item_number": "ITM-15",
    "name": "CP Tilapia Grower",
    "description": "",
    "item_type": "inventory",
    "unit_price": "2400.00",
    "cost": "2200.00",
    "quantity_on_hand": "412.0000",
    "unit": "sack",
    "pos_category": "feed",
    "content_weight_kg": "25.0000",
    "pieces_per_kg": null,
    "category": "Fish feed",
    "barcode": "",
    "is_taxable": true,
    "is_pos_available": true,
    "is_active": true,
    "image_url": "",
    "revenue_account": 51,
    "cogs_account": 60,
    "inventory_account": 15,
    "expense_account": null,
    "opening_stock_quantity": "412.0000",
    "opening_stock_unit_cost": "2200.0000",
    "opening_balance_date": "2026-01-01",
    "opening_balance_journal": 98,
    "created_at": "2026-05-07T04:21:19.813Z",
    "updated_at": "2026-05-29T16:57:13.206Z"
  }
},
{
  "model": "api.item",
  "pk": 18,
  "fields": {
    "company": 1,
    "item_number": "ITM-18",
    "name": "Tilapia Fry",
    "description": "Purchase reference for tilapia fry. Record live fish count and biomass in Aquaculture fish stock.",
    "item_type": "inventory",
    "unit_price": "0.00",
    "cost": "0.00",
    "quantity_on_hand": "700000.0000",
    "unit": "piece",
    "pos_category": "fish",
    "content_weight_kg": null,
    "pieces_per_kg": "3000.0000",
    "category": "Aquaculture Fry & Fingerlings",
    "barcode": "",
    "is_taxable": true,
    "is_pos_available": false,
    "is_active": true,
    "image_url": "",
    "revenue_account": null,
    "cogs_account": null,
    "inventory_account": null,
    "expense_account": null,
    "opening_stock_quantity": "0.0000",
    "opening_stock_unit_cost": "0.0000",
    "opening_balance_date": null,
    "opening_balance_journal": null,
    "created_at": "2026-05-07T10:18:55.948Z",
    "updated_at": "2026-05-16T15:25:50.796Z"
  }
},
{
  "model": "api.item",
  "pk": 19,
  "fields": {
    "company": 1,
    "item_number": "ITM-19",
    "name": "Tilapia Fingerling",
    "description": "Purchase/reference item for fingerlings; biological movement is handled by Aquaculture transfers and stock.",
    "item_type": "non_inventory",
    "unit_price": "0.00",
    "cost": "0.00",
    "quantity_on_hand": "0.0000",
    "unit": "piece",
    "pos_category": "fish",
    "content_weight_kg": null,
    "pieces_per_kg": null,
    "category": "Fish buying and selling",
    "barcode": "",
    "is_taxable": true,
    "is_pos_available": false,
    "is_active": true,
    "image_url": "",
    "revenue_account": null,
    "cogs_account": null,
    "inventory_account": null,
    "expense_account": null,
    "opening_stock_quantity": "0.0000",
    "opening_stock_unit_cost": "0.0000",
    "opening_balance_date": null,
    "opening_balance_journal": null,
    "created_at": "2026-05-07T10:18:55.969Z",
    "updated_at": "2026-05-08T18:51:33.060Z"
  }
},
{
  "model": "api.item",
  "pk": 20,
  "fields": {
    "company": 1,
    "item_number": "ITM-20",
    "name": "Starter Feed 25kg Sack",
    "description": "Starter feed for fry/nursery stage; one sack equals 25 kg.",
    "item_type": "inventory",
    "unit_price": "0.00",
    "cost": "0.00",
    "quantity_on_hand": "0.0000",
    "unit": "sack",
    "pos_category": "feed",
    "content_weight_kg": "25.0000",
    "pieces_per_kg": null,
    "category": "Aquaculture Feed",
    "barcode": "",
    "is_taxable": true,
    "is_pos_available": true,
    "is_active": true,
    "image_url": "",
    "revenue_account": null,
    "cogs_account": null,
    "inventory_account": null,
    "expense_account": null,
    "opening_stock_quantity": "0.0000",
    "opening_stock_unit_cost": "0.0000",
    "opening_balance_date": null,
    "opening_balance_journal": null,
    "created_at": "2026-05-07T10:18:55.989Z",
    "updated_at": "2026-05-07T10:18:55.989Z"
  }
},
{
  "model": "api.item",
  "pk": 21,
  "fields": {
    "company": 1,
    "item_number": "ITM-21",
    "name": "Nursery Feed 25kg Sack",
    "description": "Nursery feed for growing fry to fingerling size; one sack equals 25 kg.",
    "item_type": "inventory",
    "unit_price": "0.00",
    "cost": "0.00",
    "quantity_on_hand": "0.0000",
    "unit": "sack",
    "pos_category": "feed",
    "content_weight_kg": "25.0000",
    "pieces_per_kg": null,
    "category": "Aquaculture Feed",
    "barcode": "",
    "is_taxable": true,
    "is_pos_available": true,
    "is_active": true,
    "image_url": "",
    "revenue_account": null,
    "cogs_account": null,
    "inventory_account": null,
    "expense_account": null,
    "opening_stock_quantity": "0.0000",
    "opening_stock_unit_cost": "0.0000",
    "opening_balance_date": null,
    "opening_balance_journal": null,
    "created_at": "2026-05-07T10:18:56.009Z",
    "updated_at": "2026-05-07T10:18:56.009Z"
  }
},
{
  "model": "api.item",
  "pk": 22,
  "fields": {
    "company": 1,
    "item_number": "ITM-22",
    "name": "Grower Feed 50kg Sack",
    "description": "Grow-out feed for production ponds; one sack equals 50 kg.",
    "item_type": "inventory",
    "unit_price": "0.00",
    "cost": "0.00",
    "quantity_on_hand": "0.0000",
    "unit": "sack",
    "pos_category": "feed",
    "content_weight_kg": "50.0000",
    "pieces_per_kg": null,
    "category": "Aquaculture Feed",
    "barcode": "",
    "is_taxable": true,
    "is_pos_available": true,
    "is_active": true,
    "image_url": "",
    "revenue_account": null,
    "cogs_account": null,
    "inventory_account": null,
    "expense_account": null,
    "opening_stock_quantity": "0.0000",
    "opening_stock_unit_cost": "0.0000",
    "opening_balance_date": null,
    "opening_balance_journal": null,
    "created_at": "2026-05-07T10:18:56.030Z",
    "updated_at": "2026-05-07T10:18:56.030Z"
  }
},
{
  "model": "api.item",
  "pk": 23,
  "fields": {
    "company": 1,
    "item_number": "ITM-23",
    "name": "Finisher Feed 50kg Sack",
    "description": "Finisher feed before harvest; one sack equals 50 kg.",
    "item_type": "inventory",
    "unit_price": "0.00",
    "cost": "0.00",
    "quantity_on_hand": "0.0000",
    "unit": "sack",
    "pos_category": "feed",
    "content_weight_kg": "50.0000",
    "pieces_per_kg": null,
    "category": "Aquaculture Feed",
    "barcode": "",
    "is_taxable": true,
    "is_pos_available": true,
    "is_active": true,
    "image_url": "",
    "revenue_account": null,
    "cogs_account": null,
    "inventory_account": null,
    "expense_account": null,
    "opening_stock_quantity": "0.0000",
    "opening_stock_unit_cost": "0.0000",
    "opening_balance_date": null,
    "opening_balance_journal": null,
    "created_at": "2026-05-07T10:18:56.051Z",
    "updated_at": "2026-05-07T10:18:56.051Z"
  }
},
{
  "model": "api.item",
  "pk": 24,
  "fields": {
    "company": 1,
    "item_number": "ITM-24",
    "name": "Agricultural Lime",
    "description": "Lime for pond preparation and water quality management.",
    "item_type": "inventory",
    "unit_price": "60.00",
    "cost": "50.00",
    "quantity_on_hand": "175.0000",
    "unit": "kg",
    "pos_category": "medicine",
    "content_weight_kg": null,
    "pieces_per_kg": null,
    "category": "Aquaculture Medicine & Chemicals",
    "barcode": "",
    "is_taxable": true,
    "is_pos_available": true,
    "is_active": true,
    "image_url": "",
    "revenue_account": 51,
    "cogs_account": 60,
    "inventory_account": 15,
    "expense_account": null,
    "opening_stock_quantity": "175.0000",
    "opening_stock_unit_cost": "50.0000",
    "opening_balance_date": "2026-01-01",
    "opening_balance_journal": 99,
    "created_at": "2026-05-07T10:18:56.072Z",
    "updated_at": "2026-05-20T02:16:47.869Z"
  }
},
{
  "model": "api.item",
  "pk": 25,
  "fields": {
    "company": 1,
    "item_number": "ITM-25",
    "name": "Salt",
    "description": "Salt for pond treatment and fish health support.",
    "item_type": "inventory",
    "unit_price": "0.00",
    "cost": "0.00",
    "quantity_on_hand": "1500.0000",
    "unit": "kg",
    "pos_category": "medicine",
    "content_weight_kg": null,
    "pieces_per_kg": null,
    "category": "Aquaculture Medicine & Chemicals",
    "barcode": "",
    "is_taxable": true,
    "is_pos_available": true,
    "is_active": true,
    "image_url": "",
    "revenue_account": null,
    "cogs_account": null,
    "inventory_account": null,
    "expense_account": null,
    "opening_stock_quantity": "0.0000",
    "opening_stock_unit_cost": "0.0000",
    "opening_balance_date": null,
    "opening_balance_journal": null,
    "created_at": "2026-05-07T10:18:56.095Z",
    "updated_at": "2026-05-07T10:18:56.095Z"
  }
},
{
  "model": "api.item",
  "pk": 26,
  "fields": {
    "company": 1,
    "item_number": "ITM-26",
    "name": "Probiotic",
    "description": "Aquaculture probiotic for pond water and gut health programs.",
    "item_type": "inventory",
    "unit_price": "800.00",
    "cost": "500.00",
    "quantity_on_hand": "9.0000",
    "unit": "packet",
    "pos_category": "medicine",
    "content_weight_kg": null,
    "pieces_per_kg": null,
    "category": "Aquaculture Medicine & Chemicals",
    "barcode": "",
    "is_taxable": true,
    "is_pos_available": true,
    "is_active": true,
    "image_url": "",
    "revenue_account": 51,
    "cogs_account": 60,
    "inventory_account": 15,
    "expense_account": null,
    "opening_stock_quantity": "9.0000",
    "opening_stock_unit_cost": "500.0000",
    "opening_balance_date": "2026-01-01",
    "opening_balance_journal": 100,
    "created_at": "2026-05-07T10:18:56.117Z",
    "updated_at": "2026-05-16T19:43:39.995Z"
  }
},
{
  "model": "api.item",
  "pk": 27,
  "fields": {
    "company": 1,
    "item_number": "ITM-27",
    "name": "Disinfectant",
    "description": "Pond or equipment disinfectant.",
    "item_type": "inventory",
    "unit_price": "0.00",
    "cost": "0.00",
    "quantity_on_hand": "0.0000",
    "unit": "liter",
    "pos_category": "medicine",
    "content_weight_kg": null,
    "pieces_per_kg": null,
    "category": "Aquaculture Medicine & Chemicals",
    "barcode": "",
    "is_taxable": true,
    "is_pos_available": true,
    "is_active": true,
    "image_url": "",
    "revenue_account": null,
    "cogs_account": null,
    "inventory_account": null,
    "expense_account": null,
    "opening_stock_quantity": "0.0000",
    "opening_stock_unit_cost": "0.0000",
    "opening_balance_date": null,
    "opening_balance_journal": null,
    "created_at": "2026-05-07T10:18:56.137Z",
    "updated_at": "2026-05-07T10:18:56.137Z"
  }
},
{
  "model": "api.item",
  "pk": 28,
  "fields": {
    "company": 1,
    "item_number": "ITM-28",
    "name": "Antibiotic",
    "description": "Fish health treatment item; use according to veterinary guidance.",
    "item_type": "inventory",
    "unit_price": "0.00",
    "cost": "0.00",
    "quantity_on_hand": "0.0000",
    "unit": "packet",
    "pos_category": "medicine",
    "content_weight_kg": null,
    "pieces_per_kg": null,
    "category": "Aquaculture Medicine & Chemicals",
    "barcode": "",
    "is_taxable": true,
    "is_pos_available": true,
    "is_active": true,
    "image_url": "",
    "revenue_account": null,
    "cogs_account": null,
    "inventory_account": null,
    "expense_account": null,
    "opening_stock_quantity": "0.0000",
    "opening_stock_unit_cost": "0.0000",
    "opening_balance_date": null,
    "opening_balance_journal": null,
    "created_at": "2026-05-07T10:18:56.159Z",
    "updated_at": "2026-05-07T10:18:56.159Z"
  }
},
{
  "model": "api.item",
  "pk": 29,
  "fields": {
    "company": 1,
    "item_number": "ITM-29",
    "name": "Vitamin Premix",
    "description": "Vitamin supplement for fish health and growth support.",
    "item_type": "inventory",
    "unit_price": "0.00",
    "cost": "0.00",
    "quantity_on_hand": "0.0000",
    "unit": "packet",
    "pos_category": "medicine",
    "content_weight_kg": null,
    "pieces_per_kg": null,
    "category": "Aquaculture Medicine & Chemicals",
    "barcode": "",
    "is_taxable": true,
    "is_pos_available": true,
    "is_active": true,
    "image_url": "",
    "revenue_account": null,
    "cogs_account": null,
    "inventory_account": null,
    "expense_account": null,
    "opening_stock_quantity": "0.0000",
    "opening_stock_unit_cost": "0.0000",
    "opening_balance_date": null,
    "opening_balance_journal": null,
    "created_at": "2026-05-07T10:18:56.179Z",
    "updated_at": "2026-05-07T10:18:56.179Z"
  }
},
{
  "model": "api.item",
  "pk": 30,
  "fields": {
    "company": 1,
    "item_number": "ITM-30",
    "name": "Fishing Net",
    "description": "Net for sampling, transfer, and harvest handling.",
    "item_type": "inventory",
    "unit_price": "0.00",
    "cost": "0.00",
    "quantity_on_hand": "0.0000",
    "unit": "piece",
    "pos_category": "aquaculture",
    "content_weight_kg": null,
    "pieces_per_kg": null,
    "category": "Aquaculture Supplies",
    "barcode": "",
    "is_taxable": true,
    "is_pos_available": true,
    "is_active": true,
    "image_url": "",
    "revenue_account": null,
    "cogs_account": null,
    "inventory_account": null,
    "expense_account": null,
    "opening_stock_quantity": "0.0000",
    "opening_stock_unit_cost": "0.0000",
    "opening_balance_date": null,
    "opening_balance_journal": null,
    "created_at": "2026-05-07T10:18:56.201Z",
    "updated_at": "2026-05-07T10:18:56.201Z"
  }
},
{
  "model": "api.item",
  "pk": 31,
  "fields": {
    "company": 1,
    "item_number": "ITM-31",
    "name": "Oxygen Tablet",
    "description": "Emergency oxygen support item for fish handling or transport.",
    "item_type": "inventory",
    "unit_price": "0.00",
    "cost": "0.00",
    "quantity_on_hand": "0.0000",
    "unit": "piece",
    "pos_category": "medicine",
    "content_weight_kg": null,
    "pieces_per_kg": null,
    "category": "Aquaculture Supplies",
    "barcode": "",
    "is_taxable": true,
    "is_pos_available": true,
    "is_active": true,
    "image_url": "",
    "revenue_account": null,
    "cogs_account": null,
    "inventory_account": null,
    "expense_account": null,
    "opening_stock_quantity": "0.0000",
    "opening_stock_unit_cost": "0.0000",
    "opening_balance_date": null,
    "opening_balance_journal": null,
    "created_at": "2026-05-07T10:18:56.221Z",
    "updated_at": "2026-05-07T10:18:56.221Z"
  }
},
{
  "model": "api.item",
  "pk": 32,
  "fields": {
    "company": 1,
    "item_number": "ITM-32",
    "name": "Water Test Kit",
    "description": "Water testing kit for pond monitoring.",
    "item_type": "inventory",
    "unit_price": "0.00",
    "cost": "0.00",
    "quantity_on_hand": "0.0000",
    "unit": "piece",
    "pos_category": "aquaculture",
    "content_weight_kg": null,
    "pieces_per_kg": null,
    "category": "Aquaculture Supplies",
    "barcode": "",
    "is_taxable": true,
    "is_pos_available": true,
    "is_active": true,
    "image_url": "",
    "revenue_account": null,
    "cogs_account": null,
    "inventory_account": null,
    "expense_account": null,
    "opening_stock_quantity": "0.0000",
    "opening_stock_unit_cost": "0.0000",
    "opening_balance_date": null,
    "opening_balance_journal": null,
    "created_at": "2026-05-07T10:18:56.243Z",
    "updated_at": "2026-05-07T10:18:56.243Z"
  }
},
{
  "model": "api.item",
  "pk": 33,
  "fields": {
    "company": 1,
    "item_number": "ITM-33",
    "name": "Plastic Bucket",
    "description": "General pond handling bucket.",
    "item_type": "inventory",
    "unit_price": "0.00",
    "cost": "0.00",
    "quantity_on_hand": "0.0000",
    "unit": "piece",
    "pos_category": "general",
    "content_weight_kg": null,
    "pieces_per_kg": null,
    "category": "Aquaculture Supplies",
    "barcode": "",
    "is_taxable": true,
    "is_pos_available": true,
    "is_active": true,
    "image_url": "",
    "revenue_account": null,
    "cogs_account": null,
    "inventory_account": null,
    "expense_account": null,
    "opening_stock_quantity": "0.0000",
    "opening_stock_unit_cost": "0.0000",
    "opening_balance_date": null,
    "opening_balance_journal": null,
    "created_at": "2026-05-07T10:18:56.264Z",
    "updated_at": "2026-05-07T10:18:56.264Z"
  }
},
{
  "model": "api.item",
  "pk": 34,
  "fields": {
    "company": 1,
    "item_number": "ITM-34",
    "name": "PVC Pipe",
    "description": "Pond plumbing and water movement supply.",
    "item_type": "inventory",
    "unit_price": "0.00",
    "cost": "0.00",
    "quantity_on_hand": "0.0000",
    "unit": "piece",
    "pos_category": "general",
    "content_weight_kg": null,
    "pieces_per_kg": null,
    "category": "Aquaculture Supplies",
    "barcode": "",
    "is_taxable": true,
    "is_pos_available": true,
    "is_active": true,
    "image_url": "",
    "revenue_account": null,
    "cogs_account": null,
    "inventory_account": null,
    "expense_account": null,
    "opening_stock_quantity": "0.0000",
    "opening_stock_unit_cost": "0.0000",
    "opening_balance_date": null,
    "opening_balance_journal": null,
    "created_at": "2026-05-07T10:18:56.286Z",
    "updated_at": "2026-05-07T10:18:56.286Z"
  }
},
{
  "model": "api.item",
  "pk": 35,
  "fields": {
    "company": 1,
    "item_number": "ITM-35",
    "name": "Aerator Parts",
    "description": "Spare parts for aerators.",
    "item_type": "inventory",
    "unit_price": "0.00",
    "cost": "0.00",
    "quantity_on_hand": "0.0000",
    "unit": "piece",
    "pos_category": "aquaculture",
    "content_weight_kg": null,
    "pieces_per_kg": null,
    "category": "Aquaculture Supplies",
    "barcode": "",
    "is_taxable": true,
    "is_pos_available": true,
    "is_active": true,
    "image_url": "",
    "revenue_account": null,
    "cogs_account": null,
    "inventory_account": null,
    "expense_account": null,
    "opening_stock_quantity": "0.0000",
    "opening_stock_unit_cost": "0.0000",
    "opening_balance_date": null,
    "opening_balance_journal": null,
    "created_at": "2026-05-07T10:18:56.307Z",
    "updated_at": "2026-05-07T10:18:56.307Z"
  }
},
{
  "model": "api.item",
  "pk": 36,
  "fields": {
    "company": 1,
    "item_number": "ITM-36",
    "name": "Pond Aerator",
    "description": "Aerator equipment for grow-out pond oxygenation.",
    "item_type": "inventory",
    "unit_price": "0.00",
    "cost": "0.00",
    "quantity_on_hand": "0.0000",
    "unit": "piece",
    "pos_category": "equipment",
    "content_weight_kg": null,
    "pieces_per_kg": null,
    "category": "Aquaculture Equipment",
    "barcode": "",
    "is_taxable": true,
    "is_pos_available": true,
    "is_active": true,
    "image_url": "",
    "revenue_account": null,
    "cogs_account": null,
    "inventory_account": null,
    "expense_account": null,
    "opening_stock_quantity": "0.0000",
    "opening_stock_unit_cost": "0.0000",
    "opening_balance_date": null,
    "opening_balance_journal": null,
    "created_at": "2026-05-07T10:18:56.328Z",
    "updated_at": "2026-05-07T10:18:56.328Z"
  }
},
{
  "model": "api.item",
  "pk": 37,
  "fields": {
    "company": 1,
    "item_number": "ITM-37",
    "name": "Water Pump",
    "description": "Pump for pond water movement and exchange.",
    "item_type": "inventory",
    "unit_price": "0.00",
    "cost": "0.00",
    "quantity_on_hand": "0.0000",
    "unit": "piece",
    "pos_category": "equipment",
    "content_weight_kg": null,
    "pieces_per_kg": null,
    "category": "Aquaculture Equipment",
    "barcode": "",
    "is_taxable": true,
    "is_pos_available": true,
    "is_active": true,
    "image_url": "",
    "revenue_account": null,
    "cogs_account": null,
    "inventory_account": null,
    "expense_account": null,
    "opening_stock_quantity": "0.0000",
    "opening_stock_unit_cost": "0.0000",
    "opening_balance_date": null,
    "opening_balance_journal": null,
    "created_at": "2026-05-07T10:18:56.350Z",
    "updated_at": "2026-05-07T10:18:56.350Z"
  }
},
{
  "model": "api.item",
  "pk": 38,
  "fields": {
    "company": 1,
    "item_number": "ITM-38",
    "name": "Generator",
    "description": "Generator for pond operations backup power.",
    "item_type": "inventory",
    "unit_price": "0.00",
    "cost": "0.00",
    "quantity_on_hand": "0.0000",
    "unit": "piece",
    "pos_category": "equipment",
    "content_weight_kg": null,
    "pieces_per_kg": null,
    "category": "Aquaculture Equipment",
    "barcode": "",
    "is_taxable": true,
    "is_pos_available": true,
    "is_active": true,
    "image_url": "",
    "revenue_account": null,
    "cogs_account": null,
    "inventory_account": null,
    "expense_account": null,
    "opening_stock_quantity": "0.0000",
    "opening_stock_unit_cost": "0.0000",
    "opening_balance_date": null,
    "opening_balance_journal": null,
    "created_at": "2026-05-07T10:18:56.371Z",
    "updated_at": "2026-05-07T10:18:56.371Z"
  }
},
{
  "model": "api.item",
  "pk": 39,
  "fields": {
    "company": 1,
    "item_number": "ITM-39",
    "name": "Weighing Scale",
    "description": "Scale for sampling, feed, and harvest weight measurement.",
    "item_type": "inventory",
    "unit_price": "0.00",
    "cost": "0.00",
    "quantity_on_hand": "0.0000",
    "unit": "piece",
    "pos_category": "equipment",
    "content_weight_kg": null,
    "pieces_per_kg": null,
    "category": "Aquaculture Equipment",
    "barcode": "",
    "is_taxable": true,
    "is_pos_available": true,
    "is_active": true,
    "image_url": "",
    "revenue_account": null,
    "cogs_account": null,
    "inventory_account": null,
    "expense_account": null,
    "opening_stock_quantity": "0.0000",
    "opening_stock_unit_cost": "0.0000",
    "opening_balance_date": null,
    "opening_balance_journal": null,
    "created_at": "2026-05-07T10:18:56.393Z",
    "updated_at": "2026-05-07T10:18:56.393Z"
  }
},
{
  "model": "api.item",
  "pk": 40,
  "fields": {
    "company": 1,
    "item_number": "ITM-40",
    "name": "Empty Feed Sack",
    "description": "Reference item for empty feed sack sales; record income under Pond sales non-fish income type.",
    "item_type": "non_inventory",
    "unit_price": "0.00",
    "cost": "0.00",
    "quantity_on_hand": "0.0000",
    "unit": "piece",
    "pos_category": "aquaculture",
    "content_weight_kg": null,
    "pieces_per_kg": null,
    "category": "Aquaculture Sale / Scrap",
    "barcode": "",
    "is_taxable": true,
    "is_pos_available": true,
    "is_active": true,
    "image_url": "",
    "revenue_account": null,
    "cogs_account": null,
    "inventory_account": null,
    "expense_account": null,
    "opening_stock_quantity": "0.0000",
    "opening_stock_unit_cost": "0.0000",
    "opening_balance_date": null,
    "opening_balance_journal": null,
    "created_at": "2026-05-07T10:18:56.413Z",
    "updated_at": "2026-05-07T10:18:56.413Z"
  }
},
{
  "model": "api.item",
  "pk": 41,
  "fields": {
    "company": 1,
    "item_number": "ITM-41",
    "name": "Used Net",
    "description": "Reference item for used net disposal or sale.",
    "item_type": "non_inventory",
    "unit_price": "0.00",
    "cost": "0.00",
    "quantity_on_hand": "0.0000",
    "unit": "piece",
    "pos_category": "aquaculture",
    "content_weight_kg": null,
    "pieces_per_kg": null,
    "category": "Aquaculture Sale / Scrap",
    "barcode": "",
    "is_taxable": true,
    "is_pos_available": true,
    "is_active": true,
    "image_url": "",
    "revenue_account": null,
    "cogs_account": null,
    "inventory_account": null,
    "expense_account": null,
    "opening_stock_quantity": "0.0000",
    "opening_stock_unit_cost": "0.0000",
    "opening_balance_date": null,
    "opening_balance_journal": null,
    "created_at": "2026-05-07T10:18:56.433Z",
    "updated_at": "2026-05-07T10:18:56.433Z"
  }
},
{
  "model": "api.item",
  "pk": 42,
  "fields": {
    "company": 1,
    "item_number": "ITM-42",
    "name": "Scrap Material",
    "description": "Reference item for scrap material sales.",
    "item_type": "non_inventory",
    "unit_price": "0.00",
    "cost": "0.00",
    "quantity_on_hand": "0.0000",
    "unit": "kg",
    "pos_category": "aquaculture",
    "content_weight_kg": null,
    "pieces_per_kg": null,
    "category": "Aquaculture Sale / Scrap",
    "barcode": "",
    "is_taxable": true,
    "is_pos_available": true,
    "is_active": true,
    "image_url": "",
    "revenue_account": null,
    "cogs_account": null,
    "inventory_account": null,
    "expense_account": null,
    "opening_stock_quantity": "0.0000",
    "opening_stock_unit_cost": "0.0000",
    "opening_balance_date": null,
    "opening_balance_journal": null,
    "created_at": "2026-05-07T10:18:56.453Z",
    "updated_at": "2026-05-07T10:18:56.453Z"
  }
},
{
  "model": "api.item",
  "pk": 43,
  "fields": {
    "company": 2,
    "item_number": "ITM-43",
    "name": "Tilapia Fry",
    "description": "Purchase reference for tilapia fry. Record live fish count and biomass in Aquaculture fish stock.",
    "item_type": "non_inventory",
    "unit_price": "0.00",
    "cost": "0.00",
    "quantity_on_hand": "0.0000",
    "unit": "piece",
    "pos_category": "aquaculture",
    "content_weight_kg": null,
    "pieces_per_kg": null,
    "category": "Aquaculture Fry & Fingerlings",
    "barcode": "",
    "is_taxable": true,
    "is_pos_available": true,
    "is_active": true,
    "image_url": "",
    "revenue_account": null,
    "cogs_account": null,
    "inventory_account": null,
    "expense_account": null,
    "opening_stock_quantity": "0.0000",
    "opening_stock_unit_cost": "0.0000",
    "opening_balance_date": null,
    "opening_balance_journal": null,
    "created_at": "2026-05-07T10:18:56.475Z",
    "updated_at": "2026-05-07T10:18:56.475Z"
  }
},
{
  "model": "api.item",
  "pk": 44,
  "fields": {
    "company": 2,
    "item_number": "ITM-44",
    "name": "Tilapia Fingerling",
    "description": "Purchase/reference item for fingerlings; biological movement is handled by Aquaculture transfers and stock.",
    "item_type": "non_inventory",
    "unit_price": "0.00",
    "cost": "0.00",
    "quantity_on_hand": "0.0000",
    "unit": "piece",
    "pos_category": "aquaculture",
    "content_weight_kg": null,
    "pieces_per_kg": null,
    "category": "Aquaculture Fry & Fingerlings",
    "barcode": "",
    "is_taxable": true,
    "is_pos_available": true,
    "is_active": true,
    "image_url": "",
    "revenue_account": null,
    "cogs_account": null,
    "inventory_account": null,
    "expense_account": null,
    "opening_stock_quantity": "0.0000",
    "opening_stock_unit_cost": "0.0000",
    "opening_balance_date": null,
    "opening_balance_journal": null,
    "created_at": "2026-05-07T10:18:56.496Z",
    "updated_at": "2026-05-07T10:18:56.496Z"
  }
},
{
  "model": "api.item",
  "pk": 45,
  "fields": {
    "company": 2,
    "item_number": "ITM-45",
    "name": "Starter Feed 25kg Sack",
    "description": "Starter feed for fry/nursery stage; one sack equals 25 kg.",
    "item_type": "inventory",
    "unit_price": "0.00",
    "cost": "0.00",
    "quantity_on_hand": "0.0000",
    "unit": "sack",
    "pos_category": "feed",
    "content_weight_kg": "25.0000",
    "pieces_per_kg": null,
    "category": "Aquaculture Feed",
    "barcode": "",
    "is_taxable": true,
    "is_pos_available": true,
    "is_active": true,
    "image_url": "",
    "revenue_account": null,
    "cogs_account": null,
    "inventory_account": null,
    "expense_account": null,
    "opening_stock_quantity": "0.0000",
    "opening_stock_unit_cost": "0.0000",
    "opening_balance_date": null,
    "opening_balance_journal": null,
    "created_at": "2026-05-07T10:18:56.517Z",
    "updated_at": "2026-05-07T10:18:56.517Z"
  }
},
{
  "model": "api.item",
  "pk": 46,
  "fields": {
    "company": 2,
    "item_number": "ITM-46",
    "name": "Nursery Feed 25kg Sack",
    "description": "Nursery feed for growing fry to fingerling size; one sack equals 25 kg.",
    "item_type": "inventory",
    "unit_price": "0.00",
    "cost": "0.00",
    "quantity_on_hand": "0.0000",
    "unit": "sack",
    "pos_category": "feed",
    "content_weight_kg": "25.0000",
    "pieces_per_kg": null,
    "category": "Aquaculture Feed",
    "barcode": "",
    "is_taxable": true,
    "is_pos_available": true,
    "is_active": true,
    "image_url": "",
    "revenue_account": null,
    "cogs_account": null,
    "inventory_account": null,
    "expense_account": null,
    "opening_stock_quantity": "0.0000",
    "opening_stock_unit_cost": "0.0000",
    "opening_balance_date": null,
    "opening_balance_journal": null,
    "created_at": "2026-05-07T10:18:56.538Z",
    "updated_at": "2026-05-07T10:18:56.538Z"
  }
},
{
  "model": "api.item",
  "pk": 47,
  "fields": {
    "company": 2,
    "item_number": "ITM-47",
    "name": "Grower Feed 50kg Sack",
    "description": "Grow-out feed for production ponds; one sack equals 50 kg.",
    "item_type": "inventory",
    "unit_price": "0.00",
    "cost": "0.00",
    "quantity_on_hand": "0.0000",
    "unit": "sack",
    "pos_category": "feed",
    "content_weight_kg": "50.0000",
    "pieces_per_kg": null,
    "category": "Aquaculture Feed",
    "barcode": "",
    "is_taxable": true,
    "is_pos_available": true,
    "is_active": true,
    "image_url": "",
    "revenue_account": null,
    "cogs_account": null,
    "inventory_account": null,
    "expense_account": null,
    "opening_stock_quantity": "0.0000",
    "opening_stock_unit_cost": "0.0000",
    "opening_balance_date": null,
    "opening_balance_journal": null,
    "created_at": "2026-05-07T10:18:56.558Z",
    "updated_at": "2026-05-07T10:18:56.558Z"
  }
},
{
  "model": "api.item",
  "pk": 48,
  "fields": {
    "company": 2,
    "item_number": "ITM-48",
    "name": "Finisher Feed 50kg Sack",
    "description": "Finisher feed before harvest; one sack equals 50 kg.",
    "item_type": "inventory",
    "unit_price": "0.00",
    "cost": "0.00",
    "quantity_on_hand": "0.0000",
    "unit": "sack",
    "pos_category": "feed",
    "content_weight_kg": "50.0000",
    "pieces_per_kg": null,
    "category": "Aquaculture Feed",
    "barcode": "",
    "is_taxable": true,
    "is_pos_available": true,
    "is_active": true,
    "image_url": "",
    "revenue_account": null,
    "cogs_account": null,
    "inventory_account": null,
    "expense_account": null,
    "opening_stock_quantity": "0.0000",
    "opening_stock_unit_cost": "0.0000",
    "opening_balance_date": null,
    "opening_balance_journal": null,
    "created_at": "2026-05-07T10:18:56.578Z",
    "updated_at": "2026-05-07T10:18:56.578Z"
  }
},
{
  "model": "api.item",
  "pk": 49,
  "fields": {
    "company": 2,
    "item_number": "ITM-49",
    "name": "Agricultural Lime",
    "description": "Lime for pond preparation and water quality management.",
    "item_type": "inventory",
    "unit_price": "0.00",
    "cost": "0.00",
    "quantity_on_hand": "0.0000",
    "unit": "kg",
    "pos_category": "medicine",
    "content_weight_kg": null,
    "pieces_per_kg": null,
    "category": "Aquaculture Medicine & Chemicals",
    "barcode": "",
    "is_taxable": true,
    "is_pos_available": true,
    "is_active": true,
    "image_url": "",
    "revenue_account": null,
    "cogs_account": null,
    "inventory_account": null,
    "expense_account": null,
    "opening_stock_quantity": "0.0000",
    "opening_stock_unit_cost": "0.0000",
    "opening_balance_date": null,
    "opening_balance_journal": null,
    "created_at": "2026-05-07T10:18:56.597Z",
    "updated_at": "2026-05-07T10:18:56.597Z"
  }
},
{
  "model": "api.item",
  "pk": 50,
  "fields": {
    "company": 2,
    "item_number": "ITM-50",
    "name": "Salt",
    "description": "Salt for pond treatment and fish health support.",
    "item_type": "inventory",
    "unit_price": "0.00",
    "cost": "0.00",
    "quantity_on_hand": "0.0000",
    "unit": "kg",
    "pos_category": "medicine",
    "content_weight_kg": null,
    "pieces_per_kg": null,
    "category": "Aquaculture Medicine & Chemicals",
    "barcode": "",
    "is_taxable": true,
    "is_pos_available": true,
    "is_active": true,
    "image_url": "",
    "revenue_account": null,
    "cogs_account": null,
    "inventory_account": null,
    "expense_account": null,
    "opening_stock_quantity": "0.0000",
    "opening_stock_unit_cost": "0.0000",
    "opening_balance_date": null,
    "opening_balance_journal": null,
    "created_at": "2026-05-07T10:18:56.615Z",
    "updated_at": "2026-05-07T10:18:56.615Z"
  }
},
{
  "model": "api.item",
  "pk": 51,
  "fields": {
    "company": 2,
    "item_number": "ITM-51",
    "name": "Probiotic",
    "description": "Aquaculture probiotic for pond water and gut health programs.",
    "item_type": "inventory",
    "unit_price": "0.00",
    "cost": "0.00",
    "quantity_on_hand": "0.0000",
    "unit": "packet",
    "pos_category": "medicine",
    "content_weight_kg": null,
    "pieces_per_kg": null,
    "category": "Aquaculture Medicine & Chemicals",
    "barcode": "",
    "is_taxable": true,
    "is_pos_available": true,
    "is_active": true,
    "image_url": "",
    "revenue_account": null,
    "cogs_account": null,
    "inventory_account": null,
    "expense_account": null,
    "opening_stock_quantity": "0.0000",
    "opening_stock_unit_cost": "0.0000",
    "opening_balance_date": null,
    "opening_balance_journal": null,
    "created_at": "2026-05-07T10:18:56.633Z",
    "updated_at": "2026-05-07T10:18:56.634Z"
  }
},
{
  "model": "api.item",
  "pk": 52,
  "fields": {
    "company": 2,
    "item_number": "ITM-52",
    "name": "Disinfectant",
    "description": "Pond or equipment disinfectant.",
    "item_type": "inventory",
    "unit_price": "0.00",
    "cost": "0.00",
    "quantity_on_hand": "0.0000",
    "unit": "liter",
    "pos_category": "medicine",
    "content_weight_kg": null,
    "pieces_per_kg": null,
    "category": "Aquaculture Medicine & Chemicals",
    "barcode": "",
    "is_taxable": true,
    "is_pos_available": true,
    "is_active": true,
    "image_url": "",
    "revenue_account": null,
    "cogs_account": null,
    "inventory_account": null,
    "expense_account": null,
    "opening_stock_quantity": "0.0000",
    "opening_stock_unit_cost": "0.0000",
    "opening_balance_date": null,
    "opening_balance_journal": null,
    "created_at": "2026-05-07T10:18:56.652Z",
    "updated_at": "2026-05-07T10:18:56.652Z"
  }
},
{
  "model": "api.item",
  "pk": 53,
  "fields": {
    "company": 2,
    "item_number": "ITM-53",
    "name": "Antibiotic",
    "description": "Fish health treatment item; use according to veterinary guidance.",
    "item_type": "inventory",
    "unit_price": "0.00",
    "cost": "0.00",
    "quantity_on_hand": "0.0000",
    "unit": "packet",
    "pos_category": "medicine",
    "content_weight_kg": null,
    "pieces_per_kg": null,
    "category": "Aquaculture Medicine & Chemicals",
    "barcode": "",
    "is_taxable": true,
    "is_pos_available": true,
    "is_active": true,
    "image_url": "",
    "revenue_account": null,
    "cogs_account": null,
    "inventory_account": null,
    "expense_account": null,
    "opening_stock_quantity": "0.0000",
    "opening_stock_unit_cost": "0.0000",
    "opening_balance_date": null,
    "opening_balance_journal": null,
    "created_at": "2026-05-07T10:18:56.672Z",
    "updated_at": "2026-05-07T10:18:56.672Z"
  }
},
{
  "model": "api.item",
  "pk": 54,
  "fields": {
    "company": 2,
    "item_number": "ITM-54",
    "name": "Vitamin Premix",
    "description": "Vitamin supplement for fish health and growth support.",
    "item_type": "inventory",
    "unit_price": "0.00",
    "cost": "0.00",
    "quantity_on_hand": "0.0000",
    "unit": "packet",
    "pos_category": "medicine",
    "content_weight_kg": null,
    "pieces_per_kg": null,
    "category": "Aquaculture Medicine & Chemicals",
    "barcode": "",
    "is_taxable": true,
    "is_pos_available": true,
    "is_active": true,
    "image_url": "",
    "revenue_account": null,
    "cogs_account": null,
    "inventory_account": null,
    "expense_account": null,
    "opening_stock_quantity": "0.0000",
    "opening_stock_unit_cost": "0.0000",
    "opening_balance_date": null,
    "opening_balance_journal": null,
    "created_at": "2026-05-07T10:18:56.694Z",
    "updated_at": "2026-05-07T10:18:56.694Z"
  }
},
{
  "model": "api.item",
  "pk": 55,
  "fields": {
    "company": 2,
    "item_number": "ITM-55",
    "name": "Fishing Net",
    "description": "Net for sampling, transfer, and harvest handling.",
    "item_type": "inventory",
    "unit_price": "0.00",
    "cost": "0.00",
    "quantity_on_hand": "0.0000",
    "unit": "piece",
    "pos_category": "aquaculture",
    "content_weight_kg": null,
    "pieces_per_kg": null,
    "category": "Aquaculture Supplies",
    "barcode": "",
    "is_taxable": true,
    "is_pos_available": true,
    "is_active": true,
    "image_url": "",
    "revenue_account": null,
    "cogs_account": null,
    "inventory_account": null,
    "expense_account": null,
    "opening_stock_quantity": "0.0000",
    "opening_stock_unit_cost": "0.0000",
    "opening_balance_date": null,
    "opening_balance_journal": null,
    "created_at": "2026-05-07T10:18:56.714Z",
    "updated_at": "2026-05-07T10:18:56.714Z"
  }
},
{
  "model": "api.item",
  "pk": 56,
  "fields": {
    "company": 2,
    "item_number": "ITM-56",
    "name": "Oxygen Tablet",
    "description": "Emergency oxygen support item for fish handling or transport.",
    "item_type": "inventory",
    "unit_price": "0.00",
    "cost": "0.00",
    "quantity_on_hand": "0.0000",
    "unit": "piece",
    "pos_category": "medicine",
    "content_weight_kg": null,
    "pieces_per_kg": null,
    "category": "Aquaculture Supplies",
    "barcode": "",
    "is_taxable": true,
    "is_pos_available": true,
    "is_active": true,
    "image_url": "",
    "revenue_account": null,
    "cogs_account": null,
    "inventory_account": null,
    "expense_account": null,
    "opening_stock_quantity": "0.0000",
    "opening_stock_unit_cost": "0.0000",
    "opening_balance_date": null,
    "opening_balance_journal": null,
    "created_at": "2026-05-07T10:18:56.734Z",
    "updated_at": "2026-05-07T10:18:56.734Z"
  }
},
{
  "model": "api.item",
  "pk": 57,
  "fields": {
    "company": 2,
    "item_number": "ITM-57",
    "name": "Water Test Kit",
    "description": "Water testing kit for pond monitoring.",
    "item_type": "inventory",
    "unit_price": "0.00",
    "cost": "0.00",
    "quantity_on_hand": "0.0000",
    "unit": "piece",
    "pos_category": "aquaculture",
    "content_weight_kg": null,
    "pieces_per_kg": null,
    "category": "Aquaculture Supplies",
    "barcode": "",
    "is_taxable": true,
    "is_pos_available": true,
    "is_active": true,
    "image_url": "",
    "revenue_account": null,
    "cogs_account": null,
    "inventory_account": null,
    "expense_account": null,
    "opening_stock_quantity": "0.0000",
    "opening_stock_unit_cost": "0.0000",
    "opening_balance_date": null,
    "opening_balance_journal": null,
    "created_at": "2026-05-07T10:18:56.757Z",
    "updated_at": "2026-05-07T10:18:56.757Z"
  }
},
{
  "model": "api.item",
  "pk": 58,
  "fields": {
    "company": 2,
    "item_number": "ITM-58",
    "name": "Plastic Bucket",
    "description": "General pond handling bucket.",
    "item_type": "inventory",
    "unit_price": "0.00",
    "cost": "0.00",
    "quantity_on_hand": "0.0000",
    "unit": "piece",
    "pos_category": "general",
    "content_weight_kg": null,
    "pieces_per_kg": null,
    "category": "Aquaculture Supplies",
    "barcode": "",
    "is_taxable": true,
    "is_pos_available": true,
    "is_active": true,
    "image_url": "",
    "revenue_account": null,
    "cogs_account": null,
    "inventory_account": null,
    "expense_account": null,
    "opening_stock_quantity": "0.0000",
    "opening_stock_unit_cost": "0.0000",
    "opening_balance_date": null,
    "opening_balance_journal": null,
    "created_at": "2026-05-07T10:18:56.777Z",
    "updated_at": "2026-05-07T10:18:56.777Z"
  }
},
{
  "model": "api.item",
  "pk": 59,
  "fields": {
    "company": 2,
    "item_number": "ITM-59",
    "name": "PVC Pipe",
    "description": "Pond plumbing and water movement supply.",
    "item_type": "inventory",
    "unit_price": "0.00",
    "cost": "0.00",
    "quantity_on_hand": "0.0000",
    "unit": "piece",
    "pos_category": "general",
    "content_weight_kg": null,
    "pieces_per_kg": null,
    "category": "Aquaculture Supplies",
    "barcode": "",
    "is_taxable": true,
    "is_pos_available": true,
    "is_active": true,
    "image_url": "",
    "revenue_account": null,
    "cogs_account": null,
    "inventory_account": null,
    "expense_account": null,
    "opening_stock_quantity": "0.0000",
    "opening_stock_unit_cost": "0.0000",
    "opening_balance_date": null,
    "opening_balance_journal": null,
    "created_at": "2026-05-07T10:18:56.798Z",
    "updated_at": "2026-05-07T10:18:56.798Z"
  }
},
{
  "model": "api.item",
  "pk": 60,
  "fields": {
    "company": 2,
    "item_number": "ITM-60",
    "name": "Aerator Parts",
    "description": "Spare parts for aerators.",
    "item_type": "inventory",
    "unit_price": "0.00",
    "cost": "0.00",
    "quantity_on_hand": "0.0000",
    "unit": "piece",
    "pos_category": "aquaculture",
    "content_weight_kg": null,
    "pieces_per_kg": null,
    "category": "Aquaculture Supplies",
    "barcode": "",
    "is_taxable": true,
    "is_pos_available": true,
    "is_active": true,
    "image_url": "",
    "revenue_account": null,
    "cogs_account": null,
    "inventory_account": null,
    "expense_account": null,
    "opening_stock_quantity": "0.0000",
    "opening_stock_unit_cost": "0.0000",
    "opening_balance_date": null,
    "opening_balance_journal": null,
    "created_at": "2026-05-07T10:18:56.819Z",
    "updated_at": "2026-05-07T10:18:56.819Z"
  }
},
{
  "model": "api.item",
  "pk": 61,
  "fields": {
    "company": 2,
    "item_number": "ITM-61",
    "name": "Pond Aerator",
    "description": "Aerator equipment for grow-out pond oxygenation.",
    "item_type": "inventory",
    "unit_price": "0.00",
    "cost": "0.00",
    "quantity_on_hand": "0.0000",
    "unit": "piece",
    "pos_category": "equipment",
    "content_weight_kg": null,
    "pieces_per_kg": null,
    "category": "Aquaculture Equipment",
    "barcode": "",
    "is_taxable": true,
    "is_pos_available": true,
    "is_active": true,
    "image_url": "",
    "revenue_account": null,
    "cogs_account": null,
    "inventory_account": null,
    "expense_account": null,
    "opening_stock_quantity": "0.0000",
    "opening_stock_unit_cost": "0.0000",
    "opening_balance_date": null,
    "opening_balance_journal": null,
    "created_at": "2026-05-07T10:18:56.840Z",
    "updated_at": "2026-05-07T10:18:56.841Z"
  }
},
{
  "model": "api.item",
  "pk": 62,
  "fields": {
    "company": 2,
    "item_number": "ITM-62",
    "name": "Water Pump",
    "description": "Pump for pond water movement and exchange.",
    "item_type": "inventory",
    "unit_price": "0.00",
    "cost": "0.00",
    "quantity_on_hand": "0.0000",
    "unit": "piece",
    "pos_category": "equipment",
    "content_weight_kg": null,
    "pieces_per_kg": null,
    "category": "Aquaculture Equipment",
    "barcode": "",
    "is_taxable": true,
    "is_pos_available": true,
    "is_active": true,
    "image_url": "",
    "revenue_account": null,
    "cogs_account": null,
    "inventory_account": null,
    "expense_account": null,
    "opening_stock_quantity": "0.0000",
    "opening_stock_unit_cost": "0.0000",
    "opening_balance_date": null,
    "opening_balance_journal": null,
    "created_at": "2026-05-07T10:18:56.862Z",
    "updated_at": "2026-05-07T10:18:56.862Z"
  }
},
{
  "model": "api.item",
  "pk": 63,
  "fields": {
    "company": 2,
    "item_number": "ITM-63",
    "name": "Generator",
    "description": "Generator for pond operations backup power.",
    "item_type": "inventory",
    "unit_price": "0.00",
    "cost": "0.00",
    "quantity_on_hand": "0.0000",
    "unit": "piece",
    "pos_category": "equipment",
    "content_weight_kg": null,
    "pieces_per_kg": null,
    "category": "Aquaculture Equipment",
    "barcode": "",
    "is_taxable": true,
    "is_pos_available": true,
    "is_active": true,
    "image_url": "",
    "revenue_account": null,
    "cogs_account": null,
    "inventory_account": null,
    "expense_account": null,
    "opening_stock_quantity": "0.0000",
    "opening_stock_unit_cost": "0.0000",
    "opening_balance_date": null,
    "opening_balance_journal": null,
    "created_at": "2026-05-07T10:18:56.884Z",
    "updated_at": "2026-05-07T10:18:56.884Z"
  }
},
{
  "model": "api.item",
  "pk": 64,
  "fields": {
    "company": 2,
    "item_number": "ITM-64",
    "name": "Weighing Scale",
    "description": "Scale for sampling, feed, and harvest weight measurement.",
    "item_type": "inventory",
    "unit_price": "0.00",
    "cost": "0.00",
    "quantity_on_hand": "0.0000",
    "unit": "piece",
    "pos_category": "equipment",
    "content_weight_kg": null,
    "pieces_per_kg": null,
    "category": "Aquaculture Equipment",
    "barcode": "",
    "is_taxable": true,
    "is_pos_available": true,
    "is_active": true,
    "image_url": "",
    "revenue_account": null,
    "cogs_account": null,
    "inventory_account": null,
    "expense_account": null,
    "opening_stock_quantity": "0.0000",
    "opening_stock_unit_cost": "0.0000",
    "opening_balance_date": null,
    "opening_balance_journal": null,
    "created_at": "2026-05-07T10:18:56.906Z",
    "updated_at": "2026-05-07T10:18:56.906Z"
  }
},
{
  "model": "api.item",
  "pk": 65,
  "fields": {
    "company": 2,
    "item_number": "ITM-65",
    "name": "Empty Feed Sack",
    "description": "Reference item for empty feed sack sales; record income under Pond sales non-fish income type.",
    "item_type": "non_inventory",
    "unit_price": "0.00",
    "cost": "0.00",
    "quantity_on_hand": "0.0000",
    "unit": "piece",
    "pos_category": "aquaculture",
    "content_weight_kg": null,
    "pieces_per_kg": null,
    "category": "Aquaculture Sale / Scrap",
    "barcode": "",
    "is_taxable": true,
    "is_pos_available": true,
    "is_active": true,
    "image_url": "",
    "revenue_account": null,
    "cogs_account": null,
    "inventory_account": null,
    "expense_account": null,
    "opening_stock_quantity": "0.0000",
    "opening_stock_unit_cost": "0.0000",
    "opening_balance_date": null,
    "opening_balance_journal": null,
    "created_at": "2026-05-07T10:18:56.927Z",
    "updated_at": "2026-05-07T10:18:56.927Z"
  }
},
{
  "model": "api.item",
  "pk": 66,
  "fields": {
    "company": 2,
    "item_number": "ITM-66",
    "name": "Used Net",
    "description": "Reference item for used net disposal or sale.",
    "item_type": "non_inventory",
    "unit_price": "0.00",
    "cost": "0.00",
    "quantity_on_hand": "0.0000",
    "unit": "piece",
    "pos_category": "aquaculture",
    "content_weight_kg": null,
    "pieces_per_kg": null,
    "category": "Aquaculture Sale / Scrap",
    "barcode": "",
    "is_taxable": true,
    "is_pos_available": true,
    "is_active": true,
    "image_url": "",
    "revenue_account": null,
    "cogs_account": null,
    "inventory_account": null,
    "expense_account": null,
    "opening_stock_quantity": "0.0000",
    "opening_stock_unit_cost": "0.0000",
    "opening_balance_date": null,
    "opening_balance_journal": null,
    "created_at": "2026-05-07T10:18:56.949Z",
    "updated_at": "2026-05-07T10:18:56.949Z"
  }
},
{
  "model": "api.item",
  "pk": 67,
  "fields": {
    "company": 2,
    "item_number": "ITM-67",
    "name": "Scrap Material",
    "description": "Reference item for scrap material sales.",
    "item_type": "non_inventory",
    "unit_price": "0.00",
    "cost": "0.00",
    "quantity_on_hand": "0.0000",
    "unit": "kg",
    "pos_category": "aquaculture",
    "content_weight_kg": null,
    "pieces_per_kg": null,
    "category": "Aquaculture Sale / Scrap",
    "barcode": "",
    "is_taxable": true,
    "is_pos_available": true,
    "is_active": true,
    "image_url": "",
    "revenue_account": null,
    "cogs_account": null,
    "inventory_account": null,
    "expense_account": null,
    "opening_stock_quantity": "0.0000",
    "opening_stock_unit_cost": "0.0000",
    "opening_balance_date": null,
    "opening_balance_journal": null,
    "created_at": "2026-05-07T10:18:56.969Z",
    "updated_at": "2026-05-07T10:18:56.969Z"
  }
},
{
  "model": "api.item",
  "pk": 68,
  "fields": {
    "company": 1,
    "item_number": "ITM-16",
    "name": "Tilapia",
    "description": "",
    "item_type": "inventory",
    "unit_price": "0.00",
    "cost": "0.00",
    "quantity_on_hand": "0.0000",
    "unit": "kg",
    "pos_category": "fish",
    "content_weight_kg": null,
    "pieces_per_kg": null,
    "category": "Fish buying and selling",
    "barcode": "",
    "is_taxable": true,
    "is_pos_available": false,
    "is_active": true,
    "image_url": "",
    "revenue_account": null,
    "cogs_account": null,
    "inventory_account": null,
    "expense_account": null,
    "opening_stock_quantity": "0.0000",
    "opening_stock_unit_cost": "0.0000",
    "opening_balance_date": null,
    "opening_balance_journal": null,
    "created_at": "2026-05-08T18:49:55.125Z",
    "updated_at": "2026-05-08T18:49:55.125Z"
  }
},
{
  "model": "api.item",
  "pk": 69,
  "fields": {
    "company": 1,
    "item_number": "ITM-17",
    "name": "Chuna",
    "description": "Calcium Carbonate",
    "item_type": "inventory",
    "unit_price": "0.00",
    "cost": "0.00",
    "quantity_on_hand": "0.0000",
    "unit": "kg",
    "pos_category": "general",
    "content_weight_kg": null,
    "pieces_per_kg": null,
    "category": "General",
    "barcode": "",
    "is_taxable": true,
    "is_pos_available": true,
    "is_active": true,
    "image_url": "",
    "revenue_account": null,
    "cogs_account": null,
    "inventory_account": null,
    "expense_account": null,
    "opening_stock_quantity": "0.0000",
    "opening_stock_unit_cost": "0.0000",
    "opening_balance_date": null,
    "opening_balance_journal": null,
    "created_at": "2026-05-09T03:36:29.097Z",
    "updated_at": "2026-05-09T03:36:29.097Z"
  }
},
{
  "model": "api.item",
  "pk": 70,
  "fields": {
    "company": 1,
    "item_number": "AQ-MED-ag_lime",
    "name": "Agricultural lime (CaCO₃ / chuna)",
    "description": "Built-in pond care / medicine SKU — typical dose rates apply in Aquaculture → Medicine.",
    "item_type": "inventory",
    "unit_price": "0.00",
    "cost": "0.00",
    "quantity_on_hand": "0.0000",
    "unit": "kg",
    "pos_category": "medicine",
    "content_weight_kg": null,
    "pieces_per_kg": null,
    "category": "Pond care",
    "barcode": "",
    "is_taxable": true,
    "is_pos_available": true,
    "is_active": true,
    "image_url": "",
    "revenue_account": null,
    "cogs_account": null,
    "inventory_account": null,
    "expense_account": null,
    "opening_stock_quantity": "0.0000",
    "opening_stock_unit_cost": "0.0000",
    "opening_balance_date": null,
    "opening_balance_journal": null,
    "created_at": "2026-05-21T19:22:41.219Z",
    "updated_at": "2026-05-21T19:22:41.219Z"
  }
},
{
  "model": "api.item",
  "pk": 71,
  "fields": {
    "company": 1,
    "item_number": "AQ-MED-hydrated_lime",
    "name": "Hydrated lime (Ca(OH)₂)",
    "description": "Built-in pond care / medicine SKU — typical dose rates apply in Aquaculture → Medicine.",
    "item_type": "inventory",
    "unit_price": "0.00",
    "cost": "0.00",
    "quantity_on_hand": "0.0000",
    "unit": "kg",
    "pos_category": "medicine",
    "content_weight_kg": null,
    "pieces_per_kg": null,
    "category": "Pond care",
    "barcode": "",
    "is_taxable": true,
    "is_pos_available": true,
    "is_active": true,
    "image_url": "",
    "revenue_account": null,
    "cogs_account": null,
    "inventory_account": null,
    "expense_account": null,
    "opening_stock_quantity": "0.0000",
    "opening_stock_unit_cost": "0.0000",
    "opening_balance_date": null,
    "opening_balance_journal": null,
    "created_at": "2026-05-21T19:22:41.288Z",
    "updated_at": "2026-05-21T19:22:41.288Z"
  }
},
{
  "model": "api.item",
  "pk": 72,
  "fields": {
    "company": 1,
    "item_number": "AQ-MED-ag_lime",
    "name": "Agricultural lime (CaCO₃ / chuna) (AQ-MED-ag_lime)",
    "description": "Built-in pond care / medicine SKU — typical dose rates apply in Aquaculture → Medicine.",
    "item_type": "inventory",
    "unit_price": "0.00",
    "cost": "0.00",
    "quantity_on_hand": "0.0000",
    "unit": "kg",
    "pos_category": "medicine",
    "content_weight_kg": null,
    "pieces_per_kg": null,
    "category": "Pond care",
    "barcode": "",
    "is_taxable": true,
    "is_pos_available": true,
    "is_active": true,
    "image_url": "",
    "revenue_account": null,
    "cogs_account": null,
    "inventory_account": null,
    "expense_account": null,
    "opening_stock_quantity": "0.0000",
    "opening_stock_unit_cost": "0.0000",
    "opening_balance_date": null,
    "opening_balance_journal": null,
    "created_at": "2026-05-21T19:22:41.252Z",
    "updated_at": "2026-05-21T19:22:41.252Z"
  }
},
{
  "model": "api.item",
  "pk": 73,
  "fields": {
    "company": 1,
    "item_number": "AQ-MED-dolomite",
    "name": "Dolomite",
    "description": "Built-in pond care / medicine SKU — typical dose rates apply in Aquaculture → Medicine.",
    "item_type": "inventory",
    "unit_price": "0.00",
    "cost": "0.00",
    "quantity_on_hand": "0.0000",
    "unit": "kg",
    "pos_category": "medicine",
    "content_weight_kg": null,
    "pieces_per_kg": null,
    "category": "Pond care",
    "barcode": "",
    "is_taxable": true,
    "is_pos_available": true,
    "is_active": true,
    "image_url": "",
    "revenue_account": null,
    "cogs_account": null,
    "inventory_account": null,
    "expense_account": null,
    "opening_stock_quantity": "0.0000",
    "opening_stock_unit_cost": "0.0000",
    "opening_balance_date": null,
    "opening_balance_journal": null,
    "created_at": "2026-05-21T19:22:41.346Z",
    "updated_at": "2026-05-21T19:22:41.346Z"
  }
},
{
  "model": "api.item",
  "pk": 74,
  "fields": {
    "company": 1,
    "item_number": "AQ-MED-dolomite",
    "name": "Dolomite (AQ-MED-dolomite)",
    "description": "Built-in pond care / medicine SKU — typical dose rates apply in Aquaculture → Medicine.",
    "item_type": "inventory",
    "unit_price": "0.00",
    "cost": "0.00",
    "quantity_on_hand": "0.0000",
    "unit": "kg",
    "pos_category": "medicine",
    "content_weight_kg": null,
    "pieces_per_kg": null,
    "category": "Pond care",
    "barcode": "",
    "is_taxable": true,
    "is_pos_available": true,
    "is_active": true,
    "image_url": "",
    "revenue_account": null,
    "cogs_account": null,
    "inventory_account": null,
    "expense_account": null,
    "opening_stock_quantity": "0.0000",
    "opening_stock_unit_cost": "0.0000",
    "opening_balance_date": null,
    "opening_balance_journal": null,
    "created_at": "2026-05-21T19:22:41.413Z",
    "updated_at": "2026-05-21T19:22:41.413Z"
  }
},
{
  "model": "api.item",
  "pk": 76,
  "fields": {
    "company": 1,
    "item_number": "AQ-MED-zeolite",
    "name": "Zeolite",
    "description": "Built-in pond care / medicine SKU — typical dose rates apply in Aquaculture → Medicine.",
    "item_type": "inventory",
    "unit_price": "130.00",
    "cost": "120.00",
    "quantity_on_hand": "459.5000",
    "unit": "kg",
    "pos_category": "medicine",
    "content_weight_kg": null,
    "pieces_per_kg": null,
    "category": "Pond care",
    "barcode": "",
    "is_taxable": true,
    "is_pos_available": true,
    "is_active": true,
    "image_url": "",
    "revenue_account": 51,
    "cogs_account": 60,
    "inventory_account": 15,
    "expense_account": null,
    "opening_stock_quantity": "459.5000",
    "opening_stock_unit_cost": "120.0000",
    "opening_balance_date": "2026-01-01",
    "opening_balance_journal": 101,
    "created_at": "2026-05-21T19:22:41.446Z",
    "updated_at": "2026-05-21T19:52:46.493Z"
  }
},
{
  "model": "api.item",
  "pk": 77,
  "fields": {
    "company": 1,
    "item_number": "AQ-MED-salt",
    "name": "Salt (NaCl)",
    "description": "Built-in pond care / medicine SKU — typical dose rates apply in Aquaculture → Medicine.",
    "item_type": "inventory",
    "unit_price": "65.00",
    "cost": "45.00",
    "quantity_on_hand": "78.0000",
    "unit": "kg",
    "pos_category": "medicine",
    "content_weight_kg": null,
    "pieces_per_kg": null,
    "category": "Pond care",
    "barcode": "",
    "is_taxable": true,
    "is_pos_available": true,
    "is_active": true,
    "image_url": "",
    "revenue_account": null,
    "cogs_account": null,
    "inventory_account": null,
    "expense_account": null,
    "opening_stock_quantity": "78.0000",
    "opening_stock_unit_cost": "45.0000",
    "opening_balance_date": "2026-01-01",
    "opening_balance_journal": 102,
    "created_at": "2026-05-21T19:22:41.544Z",
    "updated_at": "2026-05-21T19:22:41.544Z"
  }
},
{
  "model": "api.item",
  "pk": 78,
  "fields": {
    "company": 1,
    "item_number": "AQ-MED-kmno4",
    "name": "Potassium permanganate (KMnO₄)",
    "description": "Built-in pond care / medicine SKU — typical dose rates apply in Aquaculture → Medicine.",
    "item_type": "inventory",
    "unit_price": "0.00",
    "cost": "0.00",
    "quantity_on_hand": "0.0000",
    "unit": "kg",
    "pos_category": "medicine",
    "content_weight_kg": null,
    "pieces_per_kg": null,
    "category": "Pond care",
    "barcode": "",
    "is_taxable": true,
    "is_pos_available": true,
    "is_active": true,
    "image_url": "",
    "revenue_account": null,
    "cogs_account": null,
    "inventory_account": null,
    "expense_account": null,
    "opening_stock_quantity": "0.0000",
    "opening_stock_unit_cost": "0.0000",
    "opening_balance_date": null,
    "opening_balance_journal": null,
    "created_at": "2026-05-21T19:22:41.572Z",
    "updated_at": "2026-05-21T19:22:41.572Z"
  }
},
{
  "model": "api.item",
  "pk": 79,
  "fields": {
    "company": 1,
    "item_number": "AQ-MED-formalin",
    "name": "Formalin (37–40% formaldehyde)",
    "description": "Built-in pond care / medicine SKU — typical dose rates apply in Aquaculture → Medicine.",
    "item_type": "inventory",
    "unit_price": "0.00",
    "cost": "0.00",
    "quantity_on_hand": "0.0000",
    "unit": "liter",
    "pos_category": "medicine",
    "content_weight_kg": null,
    "pieces_per_kg": null,
    "category": "Pond care",
    "barcode": "",
    "is_taxable": true,
    "is_pos_available": true,
    "is_active": true,
    "image_url": "",
    "revenue_account": null,
    "cogs_account": null,
    "inventory_account": null,
    "expense_account": null,
    "opening_stock_quantity": "0.0000",
    "opening_stock_unit_cost": "0.0000",
    "opening_balance_date": null,
    "opening_balance_journal": null,
    "created_at": "2026-05-21T19:22:41.589Z",
    "updated_at": "2026-05-21T19:22:41.589Z"
  }
},
{
  "model": "api.item",
  "pk": 80,
  "fields": {
    "company": 1,
    "item_number": "AQ-MED-copper_sulphate",
    "name": "Copper sulphate (bluestone)",
    "description": "Built-in pond care / medicine SKU — typical dose rates apply in Aquaculture → Medicine.",
    "item_type": "inventory",
    "unit_price": "0.00",
    "cost": "0.00",
    "quantity_on_hand": "0.0000",
    "unit": "kg",
    "pos_category": "medicine",
    "content_weight_kg": null,
    "pieces_per_kg": null,
    "category": "Pond care",
    "barcode": "",
    "is_taxable": true,
    "is_pos_available": true,
    "is_active": true,
    "image_url": "",
    "revenue_account": null,
    "cogs_account": null,
    "inventory_account": null,
    "expense_account": null,
    "opening_stock_quantity": "0.0000",
    "opening_stock_unit_cost": "0.0000",
    "opening_balance_date": null,
    "opening_balance_journal": null,
    "created_at": "2026-05-21T19:22:41.604Z",
    "updated_at": "2026-05-21T19:22:41.604Z"
  }
},
{
  "model": "api.item",
  "pk": 81,
  "fields": {
    "company": 1,
    "item_number": "AQ-MED-malachite",
    "name": "Malachite green",
    "description": "Built-in pond care / medicine SKU — typical dose rates apply in Aquaculture → Medicine.",
    "item_type": "inventory",
    "unit_price": "0.00",
    "cost": "0.00",
    "quantity_on_hand": "0.0000",
    "unit": "liter",
    "pos_category": "medicine",
    "content_weight_kg": null,
    "pieces_per_kg": null,
    "category": "Pond care",
    "barcode": "",
    "is_taxable": true,
    "is_pos_available": true,
    "is_active": true,
    "image_url": "",
    "revenue_account": null,
    "cogs_account": null,
    "inventory_account": null,
    "expense_account": null,
    "opening_stock_quantity": "0.0000",
    "opening_stock_unit_cost": "0.0000",
    "opening_balance_date": null,
    "opening_balance_journal": null,
    "created_at": "2026-05-21T19:22:41.616Z",
    "updated_at": "2026-05-21T19:22:41.616Z"
  }
},
{
  "model": "api.item",
  "pk": 82,
  "fields": {
    "company": 1,
    "item_number": "AQ-MED-methylene_blue",
    "name": "Methylene blue",
    "description": "Built-in pond care / medicine SKU — typical dose rates apply in Aquaculture → Medicine.",
    "item_type": "inventory",
    "unit_price": "0.00",
    "cost": "0.00",
    "quantity_on_hand": "0.0000",
    "unit": "liter",
    "pos_category": "medicine",
    "content_weight_kg": null,
    "pieces_per_kg": null,
    "category": "Pond care",
    "barcode": "",
    "is_taxable": true,
    "is_pos_available": true,
    "is_active": true,
    "image_url": "",
    "revenue_account": null,
    "cogs_account": null,
    "inventory_account": null,
    "expense_account": null,
    "opening_stock_quantity": "0.0000",
    "opening_stock_unit_cost": "0.0000",
    "opening_balance_date": null,
    "opening_balance_journal": null,
    "created_at": "2026-05-21T19:22:41.629Z",
    "updated_at": "2026-05-21T19:22:41.629Z"
  }
},
{
  "model": "api.item",
  "pk": 83,
  "fields": {
    "company": 1,
    "item_number": "AQ-MED-h2o2",
    "name": "Hydrogen peroxide (H₂O₂)",
    "description": "Built-in pond care / medicine SKU — typical dose rates apply in Aquaculture → Medicine.",
    "item_type": "inventory",
    "unit_price": "0.00",
    "cost": "0.00",
    "quantity_on_hand": "0.0000",
    "unit": "liter",
    "pos_category": "medicine",
    "content_weight_kg": null,
    "pieces_per_kg": null,
    "category": "Pond care",
    "barcode": "",
    "is_taxable": true,
    "is_pos_available": true,
    "is_active": true,
    "image_url": "",
    "revenue_account": null,
    "cogs_account": null,
    "inventory_account": null,
    "expense_account": null,
    "opening_stock_quantity": "0.0000",
    "opening_stock_unit_cost": "0.0000",
    "opening_balance_date": null,
    "opening_balance_journal": null,
    "created_at": "2026-05-21T19:22:41.648Z",
    "updated_at": "2026-05-21T19:22:41.648Z"
  }
},
{
  "model": "api.item",
  "pk": 84,
  "fields": {
    "company": 1,
    "item_number": "AQ-MED-bleach",
    "name": "Calcium hypochlorite / pond bleach",
    "description": "Built-in pond care / medicine SKU — typical dose rates apply in Aquaculture → Medicine.",
    "item_type": "inventory",
    "unit_price": "0.00",
    "cost": "0.00",
    "quantity_on_hand": "0.0000",
    "unit": "kg",
    "pos_category": "medicine",
    "content_weight_kg": null,
    "pieces_per_kg": null,
    "category": "Pond care",
    "barcode": "",
    "is_taxable": true,
    "is_pos_available": true,
    "is_active": true,
    "image_url": "",
    "revenue_account": null,
    "cogs_account": null,
    "inventory_account": null,
    "expense_account": null,
    "opening_stock_quantity": "0.0000",
    "opening_stock_unit_cost": "0.0000",
    "opening_balance_date": null,
    "opening_balance_journal": null,
    "created_at": "2026-05-21T19:22:41.663Z",
    "updated_at": "2026-05-21T19:22:41.663Z"
  }
},
{
  "model": "api.item",
  "pk": 85,
  "fields": {
    "company": 1,
    "item_number": "AQ-MED-oxytetracycline",
    "name": "Oxytetracycline (OTC / Terramycin)",
    "description": "Built-in pond care / medicine SKU — typical dose rates apply in Aquaculture → Medicine.",
    "item_type": "inventory",
    "unit_price": "0.00",
    "cost": "0.00",
    "quantity_on_hand": "10.0000",
    "unit": "kg",
    "pos_category": "medicine",
    "content_weight_kg": null,
    "pieces_per_kg": null,
    "category": "Medicine",
    "barcode": "",
    "is_taxable": true,
    "is_pos_available": true,
    "is_active": true,
    "image_url": "",
    "revenue_account": null,
    "cogs_account": null,
    "inventory_account": null,
    "expense_account": null,
    "opening_stock_quantity": "0.0000",
    "opening_stock_unit_cost": "0.0000",
    "opening_balance_date": null,
    "opening_balance_journal": null,
    "created_at": "2026-05-21T19:22:41.676Z",
    "updated_at": "2026-05-21T19:22:41.676Z"
  }
},
{
  "model": "api.item",
  "pk": 86,
  "fields": {
    "company": 1,
    "item_number": "AQ-MED-florfenicol",
    "name": "Florfenicol",
    "description": "Built-in pond care / medicine SKU — typical dose rates apply in Aquaculture → Medicine.",
    "item_type": "inventory",
    "unit_price": "0.00",
    "cost": "0.00",
    "quantity_on_hand": "0.0000",
    "unit": "kg",
    "pos_category": "medicine",
    "content_weight_kg": null,
    "pieces_per_kg": null,
    "category": "Medicine",
    "barcode": "",
    "is_taxable": true,
    "is_pos_available": true,
    "is_active": true,
    "image_url": "",
    "revenue_account": null,
    "cogs_account": null,
    "inventory_account": null,
    "expense_account": null,
    "opening_stock_quantity": "0.0000",
    "opening_stock_unit_cost": "0.0000",
    "opening_balance_date": null,
    "opening_balance_journal": null,
    "created_at": "2026-05-21T19:22:41.700Z",
    "updated_at": "2026-05-21T19:22:41.700Z"
  }
},
{
  "model": "api.item",
  "pk": 87,
  "fields": {
    "company": 1,
    "item_number": "AQ-MED-cifax",
    "name": "CIFAX / ciprofloxacin (where approved)",
    "description": "Built-in pond care / medicine SKU — typical dose rates apply in Aquaculture → Medicine.",
    "item_type": "inventory",
    "unit_price": "0.00",
    "cost": "0.00",
    "quantity_on_hand": "0.0000",
    "unit": "bottle",
    "pos_category": "medicine",
    "content_weight_kg": null,
    "pieces_per_kg": null,
    "category": "Medicine",
    "barcode": "",
    "is_taxable": true,
    "is_pos_available": true,
    "is_active": true,
    "image_url": "",
    "revenue_account": null,
    "cogs_account": null,
    "inventory_account": null,
    "expense_account": null,
    "opening_stock_quantity": "0.0000",
    "opening_stock_unit_cost": "0.0000",
    "opening_balance_date": null,
    "opening_balance_journal": null,
    "created_at": "2026-05-21T19:22:41.717Z",
    "updated_at": "2026-05-21T19:22:41.717Z"
  }
},
{
  "model": "api.item",
  "pk": 88,
  "fields": {
    "company": 1,
    "item_number": "AQ-MED-salt",
    "name": "Salt (NaCl) (AQ-MED-salt)",
    "description": "Built-in pond care / medicine SKU — typical dose rates apply in Aquaculture → Medicine.",
    "item_type": "inventory",
    "unit_price": "0.00",
    "cost": "0.00",
    "quantity_on_hand": "0.0000",
    "unit": "kg",
    "pos_category": "medicine",
    "content_weight_kg": null,
    "pieces_per_kg": null,
    "category": "Pond care",
    "barcode": "",
    "is_taxable": true,
    "is_pos_available": true,
    "is_active": true,
    "image_url": "",
    "revenue_account": null,
    "cogs_account": null,
    "inventory_account": null,
    "expense_account": null,
    "opening_stock_quantity": "0.0000",
    "opening_stock_unit_cost": "0.0000",
    "opening_balance_date": null,
    "opening_balance_journal": null,
    "created_at": "2026-05-21T19:22:41.512Z",
    "updated_at": "2026-05-21T19:22:41.512Z"
  }
},
{
  "model": "api.item",
  "pk": 89,
  "fields": {
    "company": 1,
    "item_number": "AQ-MED-probiotic",
    "name": "Aquaculture probiotic",
    "description": "Built-in pond care / medicine SKU — typical dose rates apply in Aquaculture → Medicine.",
    "item_type": "inventory",
    "unit_price": "0.00",
    "cost": "0.00",
    "quantity_on_hand": "0.0000",
    "unit": "liter",
    "pos_category": "medicine",
    "content_weight_kg": null,
    "pieces_per_kg": null,
    "category": "Pond care",
    "barcode": "",
    "is_taxable": true,
    "is_pos_available": true,
    "is_active": true,
    "image_url": "",
    "revenue_account": null,
    "cogs_account": null,
    "inventory_account": null,
    "expense_account": null,
    "opening_stock_quantity": "0.0000",
    "opening_stock_unit_cost": "0.0000",
    "opening_balance_date": null,
    "opening_balance_journal": null,
    "created_at": "2026-05-21T19:22:41.734Z",
    "updated_at": "2026-05-21T19:22:41.734Z"
  }
},
{
  "model": "api.item",
  "pk": 90,
  "fields": {
    "company": 1,
    "item_number": "AQ-MED-vitamin_c",
    "name": "Vitamin C / ascorbic acid",
    "description": "Built-in pond care / medicine SKU — typical dose rates apply in Aquaculture → Medicine.",
    "item_type": "inventory",
    "unit_price": "0.00",
    "cost": "0.00",
    "quantity_on_hand": "0.0000",
    "unit": "kg",
    "pos_category": "medicine",
    "content_weight_kg": null,
    "pieces_per_kg": null,
    "category": "Pond care",
    "barcode": "",
    "is_taxable": true,
    "is_pos_available": true,
    "is_active": true,
    "image_url": "",
    "revenue_account": null,
    "cogs_account": null,
    "inventory_account": null,
    "expense_account": null,
    "opening_stock_quantity": "0.0000",
    "opening_stock_unit_cost": "0.0000",
    "opening_balance_date": null,
    "opening_balance_journal": null,
    "created_at": "2026-05-21T19:22:41.789Z",
    "updated_at": "2026-05-21T19:22:41.789Z"
  }
},
{
  "model": "api.item",
  "pk": 91,
  "fields": {
    "company": 1,
    "item_number": "AQ-MED-mineral_premix",
    "name": "Mineral / vitamin premix",
    "description": "Built-in pond care / medicine SKU — typical dose rates apply in Aquaculture → Medicine.",
    "item_type": "inventory",
    "unit_price": "0.00",
    "cost": "0.00",
    "quantity_on_hand": "0.0000",
    "unit": "kg",
    "pos_category": "medicine",
    "content_weight_kg": null,
    "pieces_per_kg": null,
    "category": "Pond care",
    "barcode": "",
    "is_taxable": true,
    "is_pos_available": true,
    "is_active": true,
    "image_url": "",
    "revenue_account": null,
    "cogs_account": null,
    "inventory_account": null,
    "expense_account": null,
    "opening_stock_quantity": "0.0000",
    "opening_stock_unit_cost": "0.0000",
    "opening_balance_date": null,
    "opening_balance_journal": null,
    "created_at": "2026-05-21T19:22:41.809Z",
    "updated_at": "2026-05-21T19:22:41.809Z"
  }
},
{
  "model": "api.item",
  "pk": 92,
  "fields": {
    "company": 1,
    "item_number": "AQ-MED-alum",
    "name": "Alum (aluminium sulphate)",
    "description": "Built-in pond care / medicine SKU — typical dose rates apply in Aquaculture → Medicine.",
    "item_type": "inventory",
    "unit_price": "0.00",
    "cost": "0.00",
    "quantity_on_hand": "0.0000",
    "unit": "kg",
    "pos_category": "medicine",
    "content_weight_kg": null,
    "pieces_per_kg": null,
    "category": "Pond care",
    "barcode": "",
    "is_taxable": true,
    "is_pos_available": true,
    "is_active": true,
    "image_url": "",
    "revenue_account": null,
    "cogs_account": null,
    "inventory_account": null,
    "expense_account": null,
    "opening_stock_quantity": "0.0000",
    "opening_stock_unit_cost": "0.0000",
    "opening_balance_date": null,
    "opening_balance_journal": null,
    "created_at": "2026-05-21T19:22:41.834Z",
    "updated_at": "2026-05-21T19:22:41.834Z"
  }
},
{
  "model": "api.item",
  "pk": 93,
  "fields": {
    "company": 1,
    "item_number": "AQ-MED-potassium_permanganate_feed",
    "name": "Potassium (KCl) / pond K supplement",
    "description": "Built-in pond care / medicine SKU — typical dose rates apply in Aquaculture → Medicine.",
    "item_type": "inventory",
    "unit_price": "0.00",
    "cost": "0.00",
    "quantity_on_hand": "0.0000",
    "unit": "kg",
    "pos_category": "medicine",
    "content_weight_kg": null,
    "pieces_per_kg": null,
    "category": "Pond care",
    "barcode": "",
    "is_taxable": true,
    "is_pos_available": true,
    "is_active": true,
    "image_url": "",
    "revenue_account": null,
    "cogs_account": null,
    "inventory_account": null,
    "expense_account": null,
    "opening_stock_quantity": "0.0000",
    "opening_stock_unit_cost": "0.0000",
    "opening_balance_date": null,
    "opening_balance_journal": null,
    "created_at": "2026-05-21T19:22:41.853Z",
    "updated_at": "2026-05-21T19:22:41.853Z"
  }
},
{
  "model": "api.item",
  "pk": 95,
  "fields": {
    "company": 1,
    "item_number": "COMP-DEMO-OIL-1L",
    "name": "Engine Oil (1L can)",
    "description": "[COMP-DEMO] COMP-DEMO-OIL-1L",
    "item_type": "inventory",
    "unit_price": "850.00",
    "cost": "620.00",
    "quantity_on_hand": "20.0000",
    "unit": "piece",
    "pos_category": "general",
    "content_weight_kg": null,
    "pieces_per_kg": null,
    "category": "Lubricants",
    "barcode": "",
    "is_taxable": true,
    "is_pos_available": true,
    "is_active": true,
    "image_url": "",
    "revenue_account": null,
    "cogs_account": null,
    "inventory_account": null,
    "expense_account": null,
    "opening_stock_quantity": "20.0000",
    "opening_stock_unit_cost": "620.0000",
    "opening_balance_date": "2026-01-01",
    "opening_balance_journal": 103,
    "created_at": "2026-05-26T14:02:13.002Z",
    "updated_at": "2026-05-26T14:02:13.002Z"
  }
},
{
  "model": "api.item",
  "pk": 96,
  "fields": {
    "company": 1,
    "item_number": "COMP-DEMO-OIL-4L",
    "name": "Engine Oil (4L can)",
    "description": "[COMP-DEMO] COMP-DEMO-OIL-4L",
    "item_type": "inventory",
    "unit_price": "3200.00",
    "cost": "2400.00",
    "quantity_on_hand": "0.0000",
    "unit": "piece",
    "pos_category": "general",
    "content_weight_kg": null,
    "pieces_per_kg": null,
    "category": "Lubricants",
    "barcode": "",
    "is_taxable": true,
    "is_pos_available": true,
    "is_active": true,
    "image_url": "",
    "revenue_account": null,
    "cogs_account": null,
    "inventory_account": null,
    "expense_account": null,
    "opening_stock_quantity": "0.0000",
    "opening_stock_unit_cost": "0.0000",
    "opening_balance_date": null,
    "opening_balance_journal": null,
    "created_at": "2026-05-26T14:02:13.013Z",
    "updated_at": "2026-05-26T14:02:13.013Z"
  }
},
{
  "model": "api.item",
  "pk": 97,
  "fields": {
    "company": 1,
    "item_number": "COMP-DEMO-OIL-5L",
    "name": "Engine Oil (5L can)",
    "description": "[COMP-DEMO] COMP-DEMO-OIL-5L",
    "item_type": "inventory",
    "unit_price": "3850.00",
    "cost": "2900.00",
    "quantity_on_hand": "0.0000",
    "unit": "piece",
    "pos_category": "general",
    "content_weight_kg": null,
    "pieces_per_kg": null,
    "category": "Lubricants",
    "barcode": "",
    "is_taxable": true,
    "is_pos_available": true,
    "is_active": true,
    "image_url": "",
    "revenue_account": null,
    "cogs_account": null,
    "inventory_account": null,
    "expense_account": null,
    "opening_stock_quantity": "0.0000",
    "opening_stock_unit_cost": "0.0000",
    "opening_balance_date": null,
    "opening_balance_journal": null,
    "created_at": "2026-05-26T14:02:13.026Z",
    "updated_at": "2026-05-26T14:02:13.026Z"
  }
},
{
  "model": "api.item",
  "pk": 98,
  "fields": {
    "company": 1,
    "item_number": "COMP-DEMO-DIESEL-ADD",
    "name": "Diesel Additive (250ml)",
    "description": "[COMP-DEMO] COMP-DEMO-DIESEL-ADD",
    "item_type": "inventory",
    "unit_price": "180.00",
    "cost": "95.00",
    "quantity_on_hand": "0.0000",
    "unit": "piece",
    "pos_category": "general",
    "content_weight_kg": null,
    "pieces_per_kg": null,
    "category": "Lubricants",
    "barcode": "",
    "is_taxable": true,
    "is_pos_available": true,
    "is_active": true,
    "image_url": "",
    "revenue_account": null,
    "cogs_account": null,
    "inventory_account": null,
    "expense_account": null,
    "opening_stock_quantity": "0.0000",
    "opening_stock_unit_cost": "0.0000",
    "opening_balance_date": null,
    "opening_balance_journal": null,
    "created_at": "2026-05-26T14:02:13.030Z",
    "updated_at": "2026-05-26T14:02:13.030Z"
  }
},
{
  "model": "api.item",
  "pk": 99,
  "fields": {
    "company": 1,
    "item_number": "COMP-DEMO-WIPER",
    "name": "Wiper Fluid (1L)",
    "description": "[COMP-DEMO] COMP-DEMO-WIPER",
    "item_type": "inventory",
    "unit_price": "120.00",
    "cost": "70.00",
    "quantity_on_hand": "0.0000",
    "unit": "piece",
    "pos_category": "general",
    "content_weight_kg": null,
    "pieces_per_kg": null,
    "category": "Accessories",
    "barcode": "",
    "is_taxable": true,
    "is_pos_available": true,
    "is_active": true,
    "image_url": "",
    "revenue_account": null,
    "cogs_account": null,
    "inventory_account": null,
    "expense_account": null,
    "opening_stock_quantity": "0.0000",
    "opening_stock_unit_cost": "0.0000",
    "opening_balance_date": null,
    "opening_balance_journal": null,
    "created_at": "2026-05-26T14:02:13.046Z",
    "updated_at": "2026-05-26T14:02:13.046Z"
  }
},
{
  "model": "api.item",
  "pk": 100,
  "fields": {
    "company": 1,
    "item_number": "COMP-DEMO-FRY-TILAPIA",
    "name": "Fry — Tilapia (86 pcs/kg)",
    "description": "[COMP-DEMO] COMP-DEMO-FRY-TILAPIA",
    "item_type": "inventory",
    "unit_price": "450.00",
    "cost": "320.00",
    "quantity_on_hand": "0.0000",
    "unit": "thousand",
    "pos_category": "fish",
    "content_weight_kg": null,
    "pieces_per_kg": "86.0000",
    "category": "Fry",
    "barcode": "",
    "is_taxable": true,
    "is_pos_available": true,
    "is_active": true,
    "image_url": "",
    "revenue_account": null,
    "cogs_account": null,
    "inventory_account": null,
    "expense_account": null,
    "opening_stock_quantity": "0.0000",
    "opening_stock_unit_cost": "0.0000",
    "opening_balance_date": null,
    "opening_balance_journal": null,
    "created_at": "2026-05-26T14:02:13.046Z",
    "updated_at": "2026-05-26T14:02:13.046Z"
  }
},
{
  "model": "api.item",
  "pk": 101,
  "fields": {
    "company": 1,
    "item_number": "COMP-DEMO-FRY-RUI",
    "name": "Fry — Rui (rohu) (86 pcs/kg)",
    "description": "[COMP-DEMO] COMP-DEMO-FRY-RUI",
    "item_type": "inventory",
    "unit_price": "450.00",
    "cost": "320.00",
    "quantity_on_hand": "0.0000",
    "unit": "thousand",
    "pos_category": "fish",
    "content_weight_kg": null,
    "pieces_per_kg": "86.0000",
    "category": "Fry",
    "barcode": "",
    "is_taxable": true,
    "is_pos_available": true,
    "is_active": true,
    "image_url": "",
    "revenue_account": null,
    "cogs_account": null,
    "inventory_account": null,
    "expense_account": null,
    "opening_stock_quantity": "0.0000",
    "opening_stock_unit_cost": "0.0000",
    "opening_balance_date": null,
    "opening_balance_journal": null,
    "created_at": "2026-05-26T14:02:13.070Z",
    "updated_at": "2026-05-26T14:02:13.070Z"
  }
},
{
  "model": "api.item",
  "pk": 102,
  "fields": {
    "company": 1,
    "item_number": "COMP-DEMO-FRY-CATLA",
    "name": "Fry — Catla (86 pcs/kg)",
    "description": "[COMP-DEMO] COMP-DEMO-FRY-CATLA",
    "item_type": "inventory",
    "unit_price": "450.00",
    "cost": "320.00",
    "quantity_on_hand": "0.0000",
    "unit": "thousand",
    "pos_category": "fish",
    "content_weight_kg": null,
    "pieces_per_kg": "86.0000",
    "category": "Fry",
    "barcode": "",
    "is_taxable": true,
    "is_pos_available": true,
    "is_active": true,
    "image_url": "",
    "revenue_account": null,
    "cogs_account": null,
    "inventory_account": null,
    "expense_account": null,
    "opening_stock_quantity": "0.0000",
    "opening_stock_unit_cost": "0.0000",
    "opening_balance_date": null,
    "opening_balance_journal": null,
    "created_at": "2026-05-26T14:02:13.079Z",
    "updated_at": "2026-05-26T14:02:13.079Z"
  }
},
{
  "model": "api.item",
  "pk": 103,
  "fields": {
    "company": 1,
    "item_number": "COMP-DEMO-FRY-COMMON_CARP",
    "name": "Fry — Common carp (86 pcs/kg)",
    "description": "[COMP-DEMO] COMP-DEMO-FRY-COMMON_CARP",
    "item_type": "inventory",
    "unit_price": "450.00",
    "cost": "320.00",
    "quantity_on_hand": "0.0000",
    "unit": "thousand",
    "pos_category": "fish",
    "content_weight_kg": null,
    "pieces_per_kg": "86.0000",
    "category": "Fry",
    "barcode": "",
    "is_taxable": true,
    "is_pos_available": true,
    "is_active": true,
    "image_url": "",
    "revenue_account": null,
    "cogs_account": null,
    "inventory_account": null,
    "expense_account": null,
    "opening_stock_quantity": "0.0000",
    "opening_stock_unit_cost": "0.0000",
    "opening_balance_date": null,
    "opening_balance_journal": null,
    "created_at": "2026-05-26T14:02:13.094Z",
    "updated_at": "2026-05-26T14:02:13.094Z"
  }
},
{
  "model": "api.item",
  "pk": 104,
  "fields": {
    "company": 1,
    "item_number": "COMP-DEMO-FRY-SILVER_CARP",
    "name": "Fry — Silver carp (86 pcs/kg)",
    "description": "[COMP-DEMO] COMP-DEMO-FRY-SILVER_CARP",
    "item_type": "inventory",
    "unit_price": "450.00",
    "cost": "320.00",
    "quantity_on_hand": "0.0000",
    "unit": "thousand",
    "pos_category": "fish",
    "content_weight_kg": null,
    "pieces_per_kg": "86.0000",
    "category": "Fry",
    "barcode": "",
    "is_taxable": true,
    "is_pos_available": true,
    "is_active": true,
    "image_url": "",
    "revenue_account": null,
    "cogs_account": null,
    "inventory_account": null,
    "expense_account": null,
    "opening_stock_quantity": "0.0000",
    "opening_stock_unit_cost": "0.0000",
    "opening_balance_date": null,
    "opening_balance_journal": null,
    "created_at": "2026-05-26T14:02:13.106Z",
    "updated_at": "2026-05-26T14:02:13.106Z"
  }
},
{
  "model": "api.item",
  "pk": 105,
  "fields": {
    "company": 1,
    "item_number": "COMP-DEMO-FRY-BIGHEAD_CARP",
    "name": "Fry — Bighead carp (86 pcs/kg)",
    "description": "[COMP-DEMO] COMP-DEMO-FRY-BIGHEAD_CARP",
    "item_type": "inventory",
    "unit_price": "450.00",
    "cost": "320.00",
    "quantity_on_hand": "0.0000",
    "unit": "thousand",
    "pos_category": "fish",
    "content_weight_kg": null,
    "pieces_per_kg": "86.0000",
    "category": "Fry",
    "barcode": "",
    "is_taxable": true,
    "is_pos_available": true,
    "is_active": true,
    "image_url": "",
    "revenue_account": null,
    "cogs_account": null,
    "inventory_account": null,
    "expense_account": null,
    "opening_stock_quantity": "0.0000",
    "opening_stock_unit_cost": "0.0000",
    "opening_balance_date": null,
    "opening_balance_journal": null,
    "created_at": "2026-05-26T14:02:13.116Z",
    "updated_at": "2026-05-26T14:02:13.116Z"
  }
},
{
  "model": "api.item",
  "pk": 106,
  "fields": {
    "company": 1,
    "item_number": "COMP-DEMO-FRY-GRASS_CARP",
    "name": "Fry — Grass carp (86 pcs/kg)",
    "description": "[COMP-DEMO] COMP-DEMO-FRY-GRASS_CARP",
    "item_type": "inventory",
    "unit_price": "450.00",
    "cost": "320.00",
    "quantity_on_hand": "0.0000",
    "unit": "thousand",
    "pos_category": "fish",
    "content_weight_kg": null,
    "pieces_per_kg": "86.0000",
    "category": "Fry",
    "barcode": "",
    "is_taxable": true,
    "is_pos_available": true,
    "is_active": true,
    "image_url": "",
    "revenue_account": null,
    "cogs_account": null,
    "inventory_account": null,
    "expense_account": null,
    "opening_stock_quantity": "0.0000",
    "opening_stock_unit_cost": "0.0000",
    "opening_balance_date": null,
    "opening_balance_journal": null,
    "created_at": "2026-05-26T14:02:13.130Z",
    "updated_at": "2026-05-26T14:02:13.130Z"
  }
},
{
  "model": "api.item",
  "pk": 107,
  "fields": {
    "company": 1,
    "item_number": "COMP-DEMO-FRY-PUTI",
    "name": "Fry — Puti (86 pcs/kg)",
    "description": "[COMP-DEMO] COMP-DEMO-FRY-PUTI",
    "item_type": "inventory",
    "unit_price": "450.00",
    "cost": "320.00",
    "quantity_on_hand": "0.0000",
    "unit": "thousand",
    "pos_category": "fish",
    "content_weight_kg": null,
    "pieces_per_kg": "86.0000",
    "category": "Fry",
    "barcode": "",
    "is_taxable": true,
    "is_pos_available": true,
    "is_active": true,
    "image_url": "",
    "revenue_account": null,
    "cogs_account": null,
    "inventory_account": null,
    "expense_account": null,
    "opening_stock_quantity": "0.0000",
    "opening_stock_unit_cost": "0.0000",
    "opening_balance_date": null,
    "opening_balance_journal": null,
    "created_at": "2026-05-26T14:02:13.133Z",
    "updated_at": "2026-05-26T14:02:13.133Z"
  }
},
{
  "model": "api.item",
  "pk": 108,
  "fields": {
    "company": 1,
    "item_number": "COMP-DEMO-FRY-KALIBAUSH",
    "name": "Fry — Kalibaush (86 pcs/kg)",
    "description": "[COMP-DEMO] COMP-DEMO-FRY-KALIBAUSH",
    "item_type": "inventory",
    "unit_price": "450.00",
    "cost": "320.00",
    "quantity_on_hand": "0.0000",
    "unit": "thousand",
    "pos_category": "fish",
    "content_weight_kg": null,
    "pieces_per_kg": "86.0000",
    "category": "Fry",
    "barcode": "",
    "is_taxable": true,
    "is_pos_available": true,
    "is_active": true,
    "image_url": "",
    "revenue_account": null,
    "cogs_account": null,
    "inventory_account": null,
    "expense_account": null,
    "opening_stock_quantity": "0.0000",
    "opening_stock_unit_cost": "0.0000",
    "opening_balance_date": null,
    "opening_balance_journal": null,
    "created_at": "2026-05-26T14:02:13.153Z",
    "updated_at": "2026-05-26T14:02:13.153Z"
  }
},
{
  "model": "api.item",
  "pk": 109,
  "fields": {
    "company": 1,
    "item_number": "COMP-DEMO-FRY-PANGAS",
    "name": "Fry — Pangas (86 pcs/kg)",
    "description": "[COMP-DEMO] COMP-DEMO-FRY-PANGAS",
    "item_type": "inventory",
    "unit_price": "450.00",
    "cost": "320.00",
    "quantity_on_hand": "0.0000",
    "unit": "thousand",
    "pos_category": "fish",
    "content_weight_kg": null,
    "pieces_per_kg": "86.0000",
    "category": "Fry",
    "barcode": "",
    "is_taxable": true,
    "is_pos_available": true,
    "is_active": true,
    "image_url": "",
    "revenue_account": null,
    "cogs_account": null,
    "inventory_account": null,
    "expense_account": null,
    "opening_stock_quantity": "0.0000",
    "opening_stock_unit_cost": "0.0000",
    "opening_balance_date": null,
    "opening_balance_journal": null,
    "created_at": "2026-05-26T14:02:13.166Z",
    "updated_at": "2026-05-26T14:02:13.166Z"
  }
},
{
  "model": "api.item",
  "pk": 110,
  "fields": {
    "company": 1,
    "item_number": "COMP-DEMO-FEED-STARTER",
    "name": "AquaGrow Starter 1mm (25kg sack)",
    "description": "[COMP-DEMO] COMP-DEMO-FEED-STARTER",
    "item_type": "inventory",
    "unit_price": "2850.00",
    "cost": "2100.00",
    "quantity_on_hand": "0.0000",
    "unit": "sack",
    "pos_category": "feed",
    "content_weight_kg": "25.0000",
    "pieces_per_kg": null,
    "category": "Starter",
    "barcode": "",
    "is_taxable": true,
    "is_pos_available": true,
    "is_active": true,
    "image_url": "",
    "revenue_account": null,
    "cogs_account": null,
    "inventory_account": null,
    "expense_account": null,
    "opening_stock_quantity": "0.0000",
    "opening_stock_unit_cost": "0.0000",
    "opening_balance_date": null,
    "opening_balance_journal": null,
    "created_at": "2026-05-26T14:02:13.168Z",
    "updated_at": "2026-05-26T14:02:13.168Z"
  }
},
{
  "model": "api.item",
  "pk": 111,
  "fields": {
    "company": 1,
    "item_number": "COMP-DEMO-FEED-GROWER",
    "name": "AquaGrow Grower 2mm (25kg sack)",
    "description": "[COMP-DEMO] COMP-DEMO-FEED-GROWER",
    "item_type": "inventory",
    "unit_price": "2850.00",
    "cost": "2100.00",
    "quantity_on_hand": "127.0000",
    "unit": "sack",
    "pos_category": "feed",
    "content_weight_kg": "25.0000",
    "pieces_per_kg": null,
    "category": "Grower",
    "barcode": "",
    "is_taxable": true,
    "is_pos_available": true,
    "is_active": true,
    "image_url": "",
    "revenue_account": null,
    "cogs_account": null,
    "inventory_account": null,
    "expense_account": null,
    "opening_stock_quantity": "127.0000",
    "opening_stock_unit_cost": "2100.0000",
    "opening_balance_date": "2026-01-01",
    "opening_balance_journal": 104,
    "created_at": "2026-05-26T14:02:13.189Z",
    "updated_at": "2026-05-26T14:02:13.189Z"
  }
},
{
  "model": "api.item",
  "pk": 112,
  "fields": {
    "company": 1,
    "item_number": "COMP-DEMO-FEED-FINISHER",
    "name": "AquaGrow Finisher 4mm (25kg sack)",
    "description": "[COMP-DEMO] COMP-DEMO-FEED-FINISHER",
    "item_type": "inventory",
    "unit_price": "2850.00",
    "cost": "2100.00",
    "quantity_on_hand": "0.0000",
    "unit": "sack",
    "pos_category": "feed",
    "content_weight_kg": "25.0000",
    "pieces_per_kg": null,
    "category": "Finisher",
    "barcode": "",
    "is_taxable": true,
    "is_pos_available": true,
    "is_active": true,
    "image_url": "",
    "revenue_account": null,
    "cogs_account": null,
    "inventory_account": null,
    "expense_account": null,
    "opening_stock_quantity": "0.0000",
    "opening_stock_unit_cost": "0.0000",
    "opening_balance_date": null,
    "opening_balance_journal": null,
    "created_at": "2026-05-26T14:02:13.200Z",
    "updated_at": "2026-05-26T14:02:13.200Z"
  }
},
{
  "model": "api.item",
  "pk": 113,
  "fields": {
    "company": 1,
    "item_number": "COMP-DEMO-FEED-TILAPIA",
    "name": "Premium Tilapia Float (25kg sack)",
    "description": "[COMP-DEMO] COMP-DEMO-FEED-TILAPIA",
    "item_type": "inventory",
    "unit_price": "2850.00",
    "cost": "2100.00",
    "quantity_on_hand": "0.0000",
    "unit": "sack",
    "pos_category": "feed",
    "content_weight_kg": "25.0000",
    "pieces_per_kg": null,
    "category": "Tilapia",
    "barcode": "",
    "is_taxable": true,
    "is_pos_available": true,
    "is_active": true,
    "image_url": "",
    "revenue_account": null,
    "cogs_account": null,
    "inventory_account": null,
    "expense_account": null,
    "opening_stock_quantity": "0.0000",
    "opening_stock_unit_cost": "0.0000",
    "opening_balance_date": null,
    "opening_balance_journal": null,
    "created_at": "2026-05-26T14:02:13.212Z",
    "updated_at": "2026-05-26T14:02:13.212Z"
  }
},
{
  "model": "api.item",
  "pk": 114,
  "fields": {
    "company": 1,
    "item_number": "COMP-DEMO-FEED-PANGAS",
    "name": "Pangas sinking pellet (25kg sack)",
    "description": "[COMP-DEMO] COMP-DEMO-FEED-PANGAS",
    "item_type": "inventory",
    "unit_price": "2850.00",
    "cost": "2100.00",
    "quantity_on_hand": "0.0000",
    "unit": "sack",
    "pos_category": "feed",
    "content_weight_kg": "25.0000",
    "pieces_per_kg": null,
    "category": "Pangas",
    "barcode": "",
    "is_taxable": true,
    "is_pos_available": true,
    "is_active": true,
    "image_url": "",
    "revenue_account": null,
    "cogs_account": null,
    "inventory_account": null,
    "expense_account": null,
    "opening_stock_quantity": "0.0000",
    "opening_stock_unit_cost": "0.0000",
    "opening_balance_date": null,
    "opening_balance_journal": null,
    "created_at": "2026-05-26T14:02:13.213Z",
    "updated_at": "2026-05-26T14:02:13.213Z"
  }
},
{
  "model": "api.item",
  "pk": 115,
  "fields": {
    "company": 3,
    "item_number": "AQ-MED-ag_lime",
    "name": "Agricultural lime (CaCO₃ / chuna)",
    "description": "Built-in pond care / medicine SKU — typical dose rates apply in Aquaculture → Medicine.",
    "item_type": "inventory",
    "unit_price": "0.00",
    "cost": "0.00",
    "quantity_on_hand": "0.0000",
    "unit": "kg",
    "pos_category": "medicine",
    "content_weight_kg": null,
    "pieces_per_kg": null,
    "category": "Pond care",
    "barcode": "",
    "is_taxable": true,
    "is_pos_available": true,
    "is_active": true,
    "image_url": "",
    "revenue_account": null,
    "cogs_account": null,
    "inventory_account": null,
    "expense_account": null,
    "opening_stock_quantity": "0.0000",
    "opening_stock_unit_cost": "0.0000",
    "opening_balance_date": null,
    "opening_balance_journal": null,
    "created_at": "2026-05-28T02:57:28.333Z",
    "updated_at": "2026-05-28T02:57:28.333Z"
  }
},
{
  "model": "api.item",
  "pk": 116,
  "fields": {
    "company": 3,
    "item_number": "AQ-MED-hydrated_lime",
    "name": "Hydrated lime (Ca(OH)₂)",
    "description": "Built-in pond care / medicine SKU — typical dose rates apply in Aquaculture → Medicine.",
    "item_type": "inventory",
    "unit_price": "0.00",
    "cost": "0.00",
    "quantity_on_hand": "0.0000",
    "unit": "kg",
    "pos_category": "medicine",
    "content_weight_kg": null,
    "pieces_per_kg": null,
    "category": "Pond care",
    "barcode": "",
    "is_taxable": true,
    "is_pos_available": true,
    "is_active": true,
    "image_url": "",
    "revenue_account": null,
    "cogs_account": null,
    "inventory_account": null,
    "expense_account": null,
    "opening_stock_quantity": "0.0000",
    "opening_stock_unit_cost": "0.0000",
    "opening_balance_date": null,
    "opening_balance_journal": null,
    "created_at": "2026-05-28T02:57:28.345Z",
    "updated_at": "2026-05-28T02:57:28.345Z"
  }
},
{
  "model": "api.item",
  "pk": 117,
  "fields": {
    "company": 3,
    "item_number": "AQ-MED-dolomite",
    "name": "Dolomite",
    "description": "Built-in pond care / medicine SKU — typical dose rates apply in Aquaculture → Medicine.",
    "item_type": "inventory",
    "unit_price": "0.00",
    "cost": "0.00",
    "quantity_on_hand": "0.0000",
    "unit": "kg",
    "pos_category": "medicine",
    "content_weight_kg": null,
    "pieces_per_kg": null,
    "category": "Pond care",
    "barcode": "",
    "is_taxable": true,
    "is_pos_available": true,
    "is_active": true,
    "image_url": "",
    "revenue_account": null,
    "cogs_account": null,
    "inventory_account": null,
    "expense_account": null,
    "opening_stock_quantity": "0.0000",
    "opening_stock_unit_cost": "0.0000",
    "opening_balance_date": null,
    "opening_balance_journal": null,
    "created_at": "2026-05-28T02:57:28.360Z",
    "updated_at": "2026-05-28T02:57:28.360Z"
  }
},
{
  "model": "api.item",
  "pk": 118,
  "fields": {
    "company": 3,
    "item_number": "AQ-MED-zeolite",
    "name": "Zeolite",
    "description": "Built-in pond care / medicine SKU — typical dose rates apply in Aquaculture → Medicine.",
    "item_type": "inventory",
    "unit_price": "0.00",
    "cost": "0.00",
    "quantity_on_hand": "0.0000",
    "unit": "kg",
    "pos_category": "medicine",
    "content_weight_kg": null,
    "pieces_per_kg": null,
    "category": "Pond care",
    "barcode": "",
    "is_taxable": true,
    "is_pos_available": true,
    "is_active": true,
    "image_url": "",
    "revenue_account": null,
    "cogs_account": null,
    "inventory_account": null,
    "expense_account": null,
    "opening_stock_quantity": "0.0000",
    "opening_stock_unit_cost": "0.0000",
    "opening_balance_date": null,
    "opening_balance_journal": null,
    "created_at": "2026-05-28T02:57:28.380Z",
    "updated_at": "2026-05-28T02:57:28.380Z"
  }
},
{
  "model": "api.item",
  "pk": 119,
  "fields": {
    "company": 3,
    "item_number": "AQ-MED-salt",
    "name": "Salt (NaCl)",
    "description": "Built-in pond care / medicine SKU — typical dose rates apply in Aquaculture → Medicine.",
    "item_type": "inventory",
    "unit_price": "0.00",
    "cost": "0.00",
    "quantity_on_hand": "0.0000",
    "unit": "kg",
    "pos_category": "medicine",
    "content_weight_kg": null,
    "pieces_per_kg": null,
    "category": "Pond care",
    "barcode": "",
    "is_taxable": true,
    "is_pos_available": true,
    "is_active": true,
    "image_url": "",
    "revenue_account": null,
    "cogs_account": null,
    "inventory_account": null,
    "expense_account": null,
    "opening_stock_quantity": "0.0000",
    "opening_stock_unit_cost": "0.0000",
    "opening_balance_date": null,
    "opening_balance_journal": null,
    "created_at": "2026-05-28T02:57:28.397Z",
    "updated_at": "2026-05-28T02:57:28.397Z"
  }
},
{
  "model": "api.item",
  "pk": 120,
  "fields": {
    "company": 3,
    "item_number": "AQ-MED-kmno4",
    "name": "Potassium permanganate (KMnO₄)",
    "description": "Built-in pond care / medicine SKU — typical dose rates apply in Aquaculture → Medicine.",
    "item_type": "inventory",
    "unit_price": "0.00",
    "cost": "0.00",
    "quantity_on_hand": "0.0000",
    "unit": "kg",
    "pos_category": "medicine",
    "content_weight_kg": null,
    "pieces_per_kg": null,
    "category": "Pond care",
    "barcode": "",
    "is_taxable": true,
    "is_pos_available": true,
    "is_active": true,
    "image_url": "",
    "revenue_account": null,
    "cogs_account": null,
    "inventory_account": null,
    "expense_account": null,
    "opening_stock_quantity": "0.0000",
    "opening_stock_unit_cost": "0.0000",
    "opening_balance_date": null,
    "opening_balance_journal": null,
    "created_at": "2026-05-28T02:57:28.413Z",
    "updated_at": "2026-05-28T02:57:28.413Z"
  }
},
{
  "model": "api.item",
  "pk": 121,
  "fields": {
    "company": 3,
    "item_number": "AQ-MED-formalin",
    "name": "Formalin (37–40% formaldehyde)",
    "description": "Built-in pond care / medicine SKU — typical dose rates apply in Aquaculture → Medicine.",
    "item_type": "inventory",
    "unit_price": "0.00",
    "cost": "0.00",
    "quantity_on_hand": "0.0000",
    "unit": "liter",
    "pos_category": "medicine",
    "content_weight_kg": null,
    "pieces_per_kg": null,
    "category": "Pond care",
    "barcode": "",
    "is_taxable": true,
    "is_pos_available": true,
    "is_active": true,
    "image_url": "",
    "revenue_account": null,
    "cogs_account": null,
    "inventory_account": null,
    "expense_account": null,
    "opening_stock_quantity": "0.0000",
    "opening_stock_unit_cost": "0.0000",
    "opening_balance_date": null,
    "opening_balance_journal": null,
    "created_at": "2026-05-28T02:57:28.425Z",
    "updated_at": "2026-05-28T02:57:28.425Z"
  }
},
{
  "model": "api.item",
  "pk": 122,
  "fields": {
    "company": 3,
    "item_number": "AQ-MED-copper_sulphate",
    "name": "Copper sulphate (bluestone)",
    "description": "Built-in pond care / medicine SKU — typical dose rates apply in Aquaculture → Medicine.",
    "item_type": "inventory",
    "unit_price": "0.00",
    "cost": "0.00",
    "quantity_on_hand": "0.0000",
    "unit": "kg",
    "pos_category": "medicine",
    "content_weight_kg": null,
    "pieces_per_kg": null,
    "category": "Pond care",
    "barcode": "",
    "is_taxable": true,
    "is_pos_available": true,
    "is_active": true,
    "image_url": "",
    "revenue_account": null,
    "cogs_account": null,
    "inventory_account": null,
    "expense_account": null,
    "opening_stock_quantity": "0.0000",
    "opening_stock_unit_cost": "0.0000",
    "opening_balance_date": null,
    "opening_balance_journal": null,
    "created_at": "2026-05-28T02:57:28.440Z",
    "updated_at": "2026-05-28T02:57:28.440Z"
  }
},
{
  "model": "api.item",
  "pk": 123,
  "fields": {
    "company": 3,
    "item_number": "AQ-MED-malachite",
    "name": "Malachite green",
    "description": "Built-in pond care / medicine SKU — typical dose rates apply in Aquaculture → Medicine.",
    "item_type": "inventory",
    "unit_price": "0.00",
    "cost": "0.00",
    "quantity_on_hand": "0.0000",
    "unit": "liter",
    "pos_category": "medicine",
    "content_weight_kg": null,
    "pieces_per_kg": null,
    "category": "Pond care",
    "barcode": "",
    "is_taxable": true,
    "is_pos_available": true,
    "is_active": true,
    "image_url": "",
    "revenue_account": null,
    "cogs_account": null,
    "inventory_account": null,
    "expense_account": null,
    "opening_stock_quantity": "0.0000",
    "opening_stock_unit_cost": "0.0000",
    "opening_balance_date": null,
    "opening_balance_journal": null,
    "created_at": "2026-05-28T02:57:28.452Z",
    "updated_at": "2026-05-28T02:57:28.452Z"
  }
},
{
  "model": "api.item",
  "pk": 124,
  "fields": {
    "company": 3,
    "item_number": "AQ-MED-methylene_blue",
    "name": "Methylene blue",
    "description": "Built-in pond care / medicine SKU — typical dose rates apply in Aquaculture → Medicine.",
    "item_type": "inventory",
    "unit_price": "0.00",
    "cost": "0.00",
    "quantity_on_hand": "0.0000",
    "unit": "liter",
    "pos_category": "medicine",
    "content_weight_kg": null,
    "pieces_per_kg": null,
    "category": "Pond care",
    "barcode": "",
    "is_taxable": true,
    "is_pos_available": true,
    "is_active": true,
    "image_url": "",
    "revenue_account": null,
    "cogs_account": null,
    "inventory_account": null,
    "expense_account": null,
    "opening_stock_quantity": "0.0000",
    "opening_stock_unit_cost": "0.0000",
    "opening_balance_date": null,
    "opening_balance_journal": null,
    "created_at": "2026-05-28T02:57:28.464Z",
    "updated_at": "2026-05-28T02:57:28.464Z"
  }
},
{
  "model": "api.item",
  "pk": 125,
  "fields": {
    "company": 3,
    "item_number": "AQ-MED-h2o2",
    "name": "Hydrogen peroxide (H₂O₂)",
    "description": "Built-in pond care / medicine SKU — typical dose rates apply in Aquaculture → Medicine.",
    "item_type": "inventory",
    "unit_price": "0.00",
    "cost": "0.00",
    "quantity_on_hand": "0.0000",
    "unit": "liter",
    "pos_category": "medicine",
    "content_weight_kg": null,
    "pieces_per_kg": null,
    "category": "Pond care",
    "barcode": "",
    "is_taxable": true,
    "is_pos_available": true,
    "is_active": true,
    "image_url": "",
    "revenue_account": null,
    "cogs_account": null,
    "inventory_account": null,
    "expense_account": null,
    "opening_stock_quantity": "0.0000",
    "opening_stock_unit_cost": "0.0000",
    "opening_balance_date": null,
    "opening_balance_journal": null,
    "created_at": "2026-05-28T02:57:28.479Z",
    "updated_at": "2026-05-28T02:57:28.479Z"
  }
},
{
  "model": "api.item",
  "pk": 126,
  "fields": {
    "company": 3,
    "item_number": "AQ-MED-bleach",
    "name": "Calcium hypochlorite / pond bleach",
    "description": "Built-in pond care / medicine SKU — typical dose rates apply in Aquaculture → Medicine.",
    "item_type": "inventory",
    "unit_price": "0.00",
    "cost": "0.00",
    "quantity_on_hand": "0.0000",
    "unit": "kg",
    "pos_category": "medicine",
    "content_weight_kg": null,
    "pieces_per_kg": null,
    "category": "Pond care",
    "barcode": "",
    "is_taxable": true,
    "is_pos_available": true,
    "is_active": true,
    "image_url": "",
    "revenue_account": null,
    "cogs_account": null,
    "inventory_account": null,
    "expense_account": null,
    "opening_stock_quantity": "0.0000",
    "opening_stock_unit_cost": "0.0000",
    "opening_balance_date": null,
    "opening_balance_journal": null,
    "created_at": "2026-05-28T02:57:28.495Z",
    "updated_at": "2026-05-28T02:57:28.495Z"
  }
},
{
  "model": "api.item",
  "pk": 127,
  "fields": {
    "company": 3,
    "item_number": "AQ-MED-oxytetracycline",
    "name": "Oxytetracycline (OTC / Terramycin)",
    "description": "Built-in pond care / medicine SKU — typical dose rates apply in Aquaculture → Medicine.",
    "item_type": "inventory",
    "unit_price": "0.00",
    "cost": "0.00",
    "quantity_on_hand": "0.0000",
    "unit": "kg",
    "pos_category": "medicine",
    "content_weight_kg": null,
    "pieces_per_kg": null,
    "category": "Medicine",
    "barcode": "",
    "is_taxable": true,
    "is_pos_available": true,
    "is_active": true,
    "image_url": "",
    "revenue_account": null,
    "cogs_account": null,
    "inventory_account": null,
    "expense_account": null,
    "opening_stock_quantity": "0.0000",
    "opening_stock_unit_cost": "0.0000",
    "opening_balance_date": null,
    "opening_balance_journal": null,
    "created_at": "2026-05-28T02:57:28.497Z",
    "updated_at": "2026-05-28T02:57:28.497Z"
  }
},
{
  "model": "api.item",
  "pk": 128,
  "fields": {
    "company": 3,
    "item_number": "AQ-MED-florfenicol",
    "name": "Florfenicol",
    "description": "Built-in pond care / medicine SKU — typical dose rates apply in Aquaculture → Medicine.",
    "item_type": "inventory",
    "unit_price": "0.00",
    "cost": "0.00",
    "quantity_on_hand": "0.0000",
    "unit": "kg",
    "pos_category": "medicine",
    "content_weight_kg": null,
    "pieces_per_kg": null,
    "category": "Medicine",
    "barcode": "",
    "is_taxable": true,
    "is_pos_available": true,
    "is_active": true,
    "image_url": "",
    "revenue_account": null,
    "cogs_account": null,
    "inventory_account": null,
    "expense_account": null,
    "opening_stock_quantity": "0.0000",
    "opening_stock_unit_cost": "0.0000",
    "opening_balance_date": null,
    "opening_balance_journal": null,
    "created_at": "2026-05-28T02:57:28.513Z",
    "updated_at": "2026-05-28T02:57:28.513Z"
  }
},
{
  "model": "api.item",
  "pk": 129,
  "fields": {
    "company": 3,
    "item_number": "AQ-MED-cifax",
    "name": "CIFAX / ciprofloxacin (where approved)",
    "description": "Built-in pond care / medicine SKU — typical dose rates apply in Aquaculture → Medicine.",
    "item_type": "inventory",
    "unit_price": "0.00",
    "cost": "0.00",
    "quantity_on_hand": "0.0000",
    "unit": "bottle",
    "pos_category": "medicine",
    "content_weight_kg": null,
    "pieces_per_kg": null,
    "category": "Medicine",
    "barcode": "",
    "is_taxable": true,
    "is_pos_available": true,
    "is_active": true,
    "image_url": "",
    "revenue_account": null,
    "cogs_account": null,
    "inventory_account": null,
    "expense_account": null,
    "opening_stock_quantity": "0.0000",
    "opening_stock_unit_cost": "0.0000",
    "opening_balance_date": null,
    "opening_balance_journal": null,
    "created_at": "2026-05-28T02:57:28.534Z",
    "updated_at": "2026-05-28T02:57:28.534Z"
  }
},
{
  "model": "api.item",
  "pk": 130,
  "fields": {
    "company": 3,
    "item_number": "AQ-MED-probiotic",
    "name": "Aquaculture probiotic",
    "description": "Built-in pond care / medicine SKU — typical dose rates apply in Aquaculture → Medicine.",
    "item_type": "inventory",
    "unit_price": "0.00",
    "cost": "0.00",
    "quantity_on_hand": "0.0000",
    "unit": "liter",
    "pos_category": "medicine",
    "content_weight_kg": null,
    "pieces_per_kg": null,
    "category": "Pond care",
    "barcode": "",
    "is_taxable": true,
    "is_pos_available": true,
    "is_active": true,
    "image_url": "",
    "revenue_account": null,
    "cogs_account": null,
    "inventory_account": null,
    "expense_account": null,
    "opening_stock_quantity": "0.0000",
    "opening_stock_unit_cost": "0.0000",
    "opening_balance_date": null,
    "opening_balance_journal": null,
    "created_at": "2026-05-28T02:57:28.547Z",
    "updated_at": "2026-05-28T02:57:28.547Z"
  }
},
{
  "model": "api.item",
  "pk": 131,
  "fields": {
    "company": 3,
    "item_number": "AQ-MED-vitamin_c",
    "name": "Vitamin C / ascorbic acid",
    "description": "Built-in pond care / medicine SKU — typical dose rates apply in Aquaculture → Medicine.",
    "item_type": "inventory",
    "unit_price": "0.00",
    "cost": "0.00",
    "quantity_on_hand": "0.0000",
    "unit": "kg",
    "pos_category": "medicine",
    "content_weight_kg": null,
    "pieces_per_kg": null,
    "category": "Pond care",
    "barcode": "",
    "is_taxable": true,
    "is_pos_available": true,
    "is_active": true,
    "image_url": "",
    "revenue_account": null,
    "cogs_account": null,
    "inventory_account": null,
    "expense_account": null,
    "opening_stock_quantity": "0.0000",
    "opening_stock_unit_cost": "0.0000",
    "opening_balance_date": null,
    "opening_balance_journal": null,
    "created_at": "2026-05-28T02:57:28.547Z",
    "updated_at": "2026-05-28T02:57:28.547Z"
  }
},
{
  "model": "api.item",
  "pk": 132,
  "fields": {
    "company": 3,
    "item_number": "AQ-MED-mineral_premix",
    "name": "Mineral / vitamin premix",
    "description": "Built-in pond care / medicine SKU — typical dose rates apply in Aquaculture → Medicine.",
    "item_type": "inventory",
    "unit_price": "0.00",
    "cost": "0.00",
    "quantity_on_hand": "0.0000",
    "unit": "kg",
    "pos_category": "medicine",
    "content_weight_kg": null,
    "pieces_per_kg": null,
    "category": "Pond care",
    "barcode": "",
    "is_taxable": true,
    "is_pos_available": true,
    "is_active": true,
    "image_url": "",
    "revenue_account": null,
    "cogs_account": null,
    "inventory_account": null,
    "expense_account": null,
    "opening_stock_quantity": "0.0000",
    "opening_stock_unit_cost": "0.0000",
    "opening_balance_date": null,
    "opening_balance_journal": null,
    "created_at": "2026-05-28T02:57:28.563Z",
    "updated_at": "2026-05-28T02:57:28.563Z"
  }
},
{
  "model": "api.item",
  "pk": 133,
  "fields": {
    "company": 3,
    "item_number": "AQ-MED-alum",
    "name": "Alum (aluminium sulphate)",
    "description": "Built-in pond care / medicine SKU — typical dose rates apply in Aquaculture → Medicine.",
    "item_type": "inventory",
    "unit_price": "0.00",
    "cost": "0.00",
    "quantity_on_hand": "0.0000",
    "unit": "kg",
    "pos_category": "medicine",
    "content_weight_kg": null,
    "pieces_per_kg": null,
    "category": "Pond care",
    "barcode": "",
    "is_taxable": true,
    "is_pos_available": true,
    "is_active": true,
    "image_url": "",
    "revenue_account": null,
    "cogs_account": null,
    "inventory_account": null,
    "expense_account": null,
    "opening_stock_quantity": "0.0000",
    "opening_stock_unit_cost": "0.0000",
    "opening_balance_date": null,
    "opening_balance_journal": null,
    "created_at": "2026-05-28T02:57:28.582Z",
    "updated_at": "2026-05-28T02:57:28.582Z"
  }
},
{
  "model": "api.item",
  "pk": 134,
  "fields": {
    "company": 3,
    "item_number": "AQ-MED-potassium_permanganate_feed",
    "name": "Potassium (KCl) / pond K supplement",
    "description": "Built-in pond care / medicine SKU — typical dose rates apply in Aquaculture → Medicine.",
    "item_type": "inventory",
    "unit_price": "0.00",
    "cost": "0.00",
    "quantity_on_hand": "0.0000",
    "unit": "kg",
    "pos_category": "medicine",
    "content_weight_kg": null,
    "pieces_per_kg": null,
    "category": "Pond care",
    "barcode": "",
    "is_taxable": true,
    "is_pos_available": true,
    "is_active": true,
    "image_url": "",
    "revenue_account": null,
    "cogs_account": null,
    "inventory_account": null,
    "expense_account": null,
    "opening_stock_quantity": "0.0000",
    "opening_stock_unit_cost": "0.0000",
    "opening_balance_date": null,
    "opening_balance_journal": null,
    "created_at": "2026-05-28T02:57:28.601Z",
    "updated_at": "2026-05-28T02:57:28.601Z"
  }
},
{
  "model": "api.item",
  "pk": 135,
  "fields": {
    "company": 1,
    "item_number": "ITM-43",
    "name": "Octane Super",
    "description": "Octane Super",
    "item_type": "inventory",
    "unit_price": "150.00",
    "cost": "145.00",
    "quantity_on_hand": "7000.0000",
    "unit": "liter",
    "pos_category": "general",
    "content_weight_kg": null,
    "pieces_per_kg": null,
    "category": "Fuel",
    "barcode": "",
    "is_taxable": true,
    "is_pos_available": true,
    "is_active": true,
    "image_url": "",
    "revenue_account": 46,
    "cogs_account": 58,
    "inventory_account": 13,
    "expense_account": null,
    "opening_stock_quantity": "7000.0000",
    "opening_stock_unit_cost": "145.0000",
    "opening_balance_date": "2026-06-01",
    "opening_balance_journal": 105,
    "created_at": "2026-05-31T18:21:26.519Z",
    "updated_at": "2026-05-31T18:21:26.519Z"
  }
},
{
  "model": "api.item",
  "pk": 136,
  "fields": {
    "company": 2,
    "item_number": "AQ-MED-ag_lime",
    "name": "Agricultural lime (CaCO₃ / chuna)",
    "description": "Built-in pond care / medicine SKU — typical dose rates apply in Aquaculture → Medicine.",
    "item_type": "inventory",
    "unit_price": "0.00",
    "cost": "0.00",
    "quantity_on_hand": "0.0000",
    "unit": "kg",
    "pos_category": "medicine",
    "content_weight_kg": null,
    "pieces_per_kg": null,
    "category": "Pond care",
    "barcode": "",
    "is_taxable": true,
    "is_pos_available": true,
    "is_active": true,
    "image_url": "",
    "revenue_account": null,
    "cogs_account": null,
    "inventory_account": null,
    "expense_account": null,
    "opening_stock_quantity": "0.0000",
    "opening_stock_unit_cost": "0.0000",
    "opening_balance_date": null,
    "opening_balance_journal": null,
    "created_at": "2026-06-04T11:01:53.459Z",
    "updated_at": "2026-06-04T11:01:53.459Z"
  }
},
{
  "model": "api.item",
  "pk": 137,
  "fields": {
    "company": 2,
    "item_number": "AQ-MED-hydrated_lime",
    "name": "Hydrated lime (Ca(OH)₂)",
    "description": "Built-in pond care / medicine SKU — typical dose rates apply in Aquaculture → Medicine.",
    "item_type": "inventory",
    "unit_price": "0.00",
    "cost": "0.00",
    "quantity_on_hand": "0.0000",
    "unit": "kg",
    "pos_category": "medicine",
    "content_weight_kg": null,
    "pieces_per_kg": null,
    "category": "Pond care",
    "barcode": "",
    "is_taxable": true,
    "is_pos_available": true,
    "is_active": true,
    "image_url": "",
    "revenue_account": null,
    "cogs_account": null,
    "inventory_account": null,
    "expense_account": null,
    "opening_stock_quantity": "0.0000",
    "opening_stock_unit_cost": "0.0000",
    "opening_balance_date": null,
    "opening_balance_journal": null,
    "created_at": "2026-06-04T11:01:53.464Z",
    "updated_at": "2026-06-04T11:01:53.464Z"
  }
},
{
  "model": "api.item",
  "pk": 138,
  "fields": {
    "company": 2,
    "item_number": "AQ-MED-dolomite",
    "name": "Dolomite",
    "description": "Built-in pond care / medicine SKU — typical dose rates apply in Aquaculture → Medicine.",
    "item_type": "inventory",
    "unit_price": "0.00",
    "cost": "0.00",
    "quantity_on_hand": "0.0000",
    "unit": "kg",
    "pos_category": "medicine",
    "content_weight_kg": null,
    "pieces_per_kg": null,
    "category": "Pond care",
    "barcode": "",
    "is_taxable": true,
    "is_pos_available": true,
    "is_active": true,
    "image_url": "",
    "revenue_account": null,
    "cogs_account": null,
    "inventory_account": null,
    "expense_account": null,
    "opening_stock_quantity": "0.0000",
    "opening_stock_unit_cost": "0.0000",
    "opening_balance_date": null,
    "opening_balance_journal": null,
    "created_at": "2026-06-04T11:01:53.465Z",
    "updated_at": "2026-06-04T11:01:53.465Z"
  }
},
{
  "model": "api.item",
  "pk": 139,
  "fields": {
    "company": 2,
    "item_number": "AQ-MED-zeolite",
    "name": "Zeolite",
    "description": "Built-in pond care / medicine SKU — typical dose rates apply in Aquaculture → Medicine.",
    "item_type": "inventory",
    "unit_price": "0.00",
    "cost": "0.00",
    "quantity_on_hand": "0.0000",
    "unit": "kg",
    "pos_category": "medicine",
    "content_weight_kg": null,
    "pieces_per_kg": null,
    "category": "Pond care",
    "barcode": "",
    "is_taxable": true,
    "is_pos_available": true,
    "is_active": true,
    "image_url": "",
    "revenue_account": null,
    "cogs_account": null,
    "inventory_account": null,
    "expense_account": null,
    "opening_stock_quantity": "0.0000",
    "opening_stock_unit_cost": "0.0000",
    "opening_balance_date": null,
    "opening_balance_journal": null,
    "created_at": "2026-06-04T11:01:53.466Z",
    "updated_at": "2026-06-04T11:01:53.466Z"
  }
},
{
  "model": "api.item",
  "pk": 140,
  "fields": {
    "company": 2,
    "item_number": "AQ-MED-salt",
    "name": "Salt (NaCl)",
    "description": "Built-in pond care / medicine SKU — typical dose rates apply in Aquaculture → Medicine.",
    "item_type": "inventory",
    "unit_price": "0.00",
    "cost": "0.00",
    "quantity_on_hand": "0.0000",
    "unit": "kg",
    "pos_category": "medicine",
    "content_weight_kg": null,
    "pieces_per_kg": null,
    "category": "Pond care",
    "barcode": "",
    "is_taxable": true,
    "is_pos_available": true,
    "is_active": true,
    "image_url": "",
    "revenue_account": null,
    "cogs_account": null,
    "inventory_account": null,
    "expense_account": null,
    "opening_stock_quantity": "0.0000",
    "opening_stock_unit_cost": "0.0000",
    "opening_balance_date": null,
    "opening_balance_journal": null,
    "created_at": "2026-06-04T11:01:53.467Z",
    "updated_at": "2026-06-04T11:01:53.468Z"
  }
},
{
  "model": "api.item",
  "pk": 141,
  "fields": {
    "company": 2,
    "item_number": "AQ-MED-kmno4",
    "name": "Potassium permanganate (KMnO₄)",
    "description": "Built-in pond care / medicine SKU — typical dose rates apply in Aquaculture → Medicine.",
    "item_type": "inventory",
    "unit_price": "0.00",
    "cost": "0.00",
    "quantity_on_hand": "0.0000",
    "unit": "kg",
    "pos_category": "medicine",
    "content_weight_kg": null,
    "pieces_per_kg": null,
    "category": "Pond care",
    "barcode": "",
    "is_taxable": true,
    "is_pos_available": true,
    "is_active": true,
    "image_url": "",
    "revenue_account": null,
    "cogs_account": null,
    "inventory_account": null,
    "expense_account": null,
    "opening_stock_quantity": "0.0000",
    "opening_stock_unit_cost": "0.0000",
    "opening_balance_date": null,
    "opening_balance_journal": null,
    "created_at": "2026-06-04T11:01:53.469Z",
    "updated_at": "2026-06-04T11:01:53.469Z"
  }
},
{
  "model": "api.item",
  "pk": 142,
  "fields": {
    "company": 2,
    "item_number": "AQ-MED-formalin",
    "name": "Formalin (37–40% formaldehyde)",
    "description": "Built-in pond care / medicine SKU — typical dose rates apply in Aquaculture → Medicine.",
    "item_type": "inventory",
    "unit_price": "0.00",
    "cost": "0.00",
    "quantity_on_hand": "0.0000",
    "unit": "liter",
    "pos_category": "medicine",
    "content_weight_kg": null,
    "pieces_per_kg": null,
    "category": "Pond care",
    "barcode": "",
    "is_taxable": true,
    "is_pos_available": true,
    "is_active": true,
    "image_url": "",
    "revenue_account": null,
    "cogs_account": null,
    "inventory_account": null,
    "expense_account": null,
    "opening_stock_quantity": "0.0000",
    "opening_stock_unit_cost": "0.0000",
    "opening_balance_date": null,
    "opening_balance_journal": null,
    "created_at": "2026-06-04T11:01:53.470Z",
    "updated_at": "2026-06-04T11:01:53.470Z"
  }
},
{
  "model": "api.item",
  "pk": 143,
  "fields": {
    "company": 2,
    "item_number": "AQ-MED-copper_sulphate",
    "name": "Copper sulphate (bluestone)",
    "description": "Built-in pond care / medicine SKU — typical dose rates apply in Aquaculture → Medicine.",
    "item_type": "inventory",
    "unit_price": "0.00",
    "cost": "0.00",
    "quantity_on_hand": "0.0000",
    "unit": "kg",
    "pos_category": "medicine",
    "content_weight_kg": null,
    "pieces_per_kg": null,
    "category": "Pond care",
    "barcode": "",
    "is_taxable": true,
    "is_pos_available": true,
    "is_active": true,
    "image_url": "",
    "revenue_account": null,
    "cogs_account": null,
    "inventory_account": null,
    "expense_account": null,
    "opening_stock_quantity": "0.0000",
    "opening_stock_unit_cost": "0.0000",
    "opening_balance_date": null,
    "opening_balance_journal": null,
    "created_at": "2026-06-04T11:01:53.471Z",
    "updated_at": "2026-06-04T11:01:53.471Z"
  }
},
{
  "model": "api.item",
  "pk": 144,
  "fields": {
    "company": 2,
    "item_number": "AQ-MED-malachite",
    "name": "Malachite green",
    "description": "Built-in pond care / medicine SKU — typical dose rates apply in Aquaculture → Medicine.",
    "item_type": "inventory",
    "unit_price": "0.00",
    "cost": "0.00",
    "quantity_on_hand": "0.0000",
    "unit": "liter",
    "pos_category": "medicine",
    "content_weight_kg": null,
    "pieces_per_kg": null,
    "category": "Pond care",
    "barcode": "",
    "is_taxable": true,
    "is_pos_available": true,
    "is_active": true,
    "image_url": "",
    "revenue_account": null,
    "cogs_account": null,
    "inventory_account": null,
    "expense_account": null,
    "opening_stock_quantity": "0.0000",
    "opening_stock_unit_cost": "0.0000",
    "opening_balance_date": null,
    "opening_balance_journal": null,
    "created_at": "2026-06-04T11:01:53.472Z",
    "updated_at": "2026-06-04T11:01:53.472Z"
  }
},
{
  "model": "api.item",
  "pk": 145,
  "fields": {
    "company": 2,
    "item_number": "AQ-MED-methylene_blue",
    "name": "Methylene blue",
    "description": "Built-in pond care / medicine SKU — typical dose rates apply in Aquaculture → Medicine.",
    "item_type": "inventory",
    "unit_price": "0.00",
    "cost": "0.00",
    "quantity_on_hand": "0.0000",
    "unit": "liter",
    "pos_category": "medicine",
    "content_weight_kg": null,
    "pieces_per_kg": null,
    "category": "Pond care",
    "barcode": "",
    "is_taxable": true,
    "is_pos_available": true,
    "is_active": true,
    "image_url": "",
    "revenue_account": null,
    "cogs_account": null,
    "inventory_account": null,
    "expense_account": null,
    "opening_stock_quantity": "0.0000",
    "opening_stock_unit_cost": "0.0000",
    "opening_balance_date": null,
    "opening_balance_journal": null,
    "created_at": "2026-06-04T11:01:53.476Z",
    "updated_at": "2026-06-04T11:01:53.476Z"
  }
},
{
  "model": "api.item",
  "pk": 146,
  "fields": {
    "company": 2,
    "item_number": "AQ-MED-h2o2",
    "name": "Hydrogen peroxide (H₂O₂)",
    "description": "Built-in pond care / medicine SKU — typical dose rates apply in Aquaculture → Medicine.",
    "item_type": "inventory",
    "unit_price": "0.00",
    "cost": "0.00",
    "quantity_on_hand": "0.0000",
    "unit": "liter",
    "pos_category": "medicine",
    "content_weight_kg": null,
    "pieces_per_kg": null,
    "category": "Pond care",
    "barcode": "",
    "is_taxable": true,
    "is_pos_available": true,
    "is_active": true,
    "image_url": "",
    "revenue_account": null,
    "cogs_account": null,
    "inventory_account": null,
    "expense_account": null,
    "opening_stock_quantity": "0.0000",
    "opening_stock_unit_cost": "0.0000",
    "opening_balance_date": null,
    "opening_balance_journal": null,
    "created_at": "2026-06-04T11:01:53.478Z",
    "updated_at": "2026-06-04T11:01:53.478Z"
  }
},
{
  "model": "api.item",
  "pk": 147,
  "fields": {
    "company": 2,
    "item_number": "AQ-MED-bleach",
    "name": "Calcium hypochlorite / pond bleach",
    "description": "Built-in pond care / medicine SKU — typical dose rates apply in Aquaculture → Medicine.",
    "item_type": "inventory",
    "unit_price": "0.00",
    "cost": "0.00",
    "quantity_on_hand": "0.0000",
    "unit": "kg",
    "pos_category": "medicine",
    "content_weight_kg": null,
    "pieces_per_kg": null,
    "category": "Pond care",
    "barcode": "",
    "is_taxable": true,
    "is_pos_available": true,
    "is_active": true,
    "image_url": "",
    "revenue_account": null,
    "cogs_account": null,
    "inventory_account": null,
    "expense_account": null,
    "opening_stock_quantity": "0.0000",
    "opening_stock_unit_cost": "0.0000",
    "opening_balance_date": null,
    "opening_balance_journal": null,
    "created_at": "2026-06-04T11:01:53.479Z",
    "updated_at": "2026-06-04T11:01:53.479Z"
  }
},
{
  "model": "api.item",
  "pk": 148,
  "fields": {
    "company": 2,
    "item_number": "AQ-MED-oxytetracycline",
    "name": "Oxytetracycline (OTC / Terramycin)",
    "description": "Built-in pond care / medicine SKU — typical dose rates apply in Aquaculture → Medicine.",
    "item_type": "inventory",
    "unit_price": "0.00",
    "cost": "0.00",
    "quantity_on_hand": "0.0000",
    "unit": "kg",
    "pos_category": "medicine",
    "content_weight_kg": null,
    "pieces_per_kg": null,
    "category": "Medicine",
    "barcode": "",
    "is_taxable": true,
    "is_pos_available": true,
    "is_active": true,
    "image_url": "",
    "revenue_account": null,
    "cogs_account": null,
    "inventory_account": null,
    "expense_account": null,
    "opening_stock_quantity": "0.0000",
    "opening_stock_unit_cost": "0.0000",
    "opening_balance_date": null,
    "opening_balance_journal": null,
    "created_at": "2026-06-04T11:01:53.480Z",
    "updated_at": "2026-06-04T11:01:53.480Z"
  }
},
{
  "model": "api.item",
  "pk": 149,
  "fields": {
    "company": 2,
    "item_number": "AQ-MED-florfenicol",
    "name": "Florfenicol",
    "description": "Built-in pond care / medicine SKU — typical dose rates apply in Aquaculture → Medicine.",
    "item_type": "inventory",
    "unit_price": "0.00",
    "cost": "0.00",
    "quantity_on_hand": "0.0000",
    "unit": "kg",
    "pos_category": "medicine",
    "content_weight_kg": null,
    "pieces_per_kg": null,
    "category": "Medicine",
    "barcode": "",
    "is_taxable": true,
    "is_pos_available": true,
    "is_active": true,
    "image_url": "",
    "revenue_account": null,
    "cogs_account": null,
    "inventory_account": null,
    "expense_account": null,
    "opening_stock_quantity": "0.0000",
    "opening_stock_unit_cost": "0.0000",
    "opening_balance_date": null,
    "opening_balance_journal": null,
    "created_at": "2026-06-04T11:01:53.482Z",
    "updated_at": "2026-06-04T11:01:53.482Z"
  }
},
{
  "model": "api.item",
  "pk": 150,
  "fields": {
    "company": 2,
    "item_number": "AQ-MED-cifax",
    "name": "CIFAX / ciprofloxacin (where approved)",
    "description": "Built-in pond care / medicine SKU — typical dose rates apply in Aquaculture → Medicine.",
    "item_type": "inventory",
    "unit_price": "0.00",
    "cost": "0.00",
    "quantity_on_hand": "0.0000",
    "unit": "bottle",
    "pos_category": "medicine",
    "content_weight_kg": null,
    "pieces_per_kg": null,
    "category": "Medicine",
    "barcode": "",
    "is_taxable": true,
    "is_pos_available": true,
    "is_active": true,
    "image_url": "",
    "revenue_account": null,
    "cogs_account": null,
    "inventory_account": null,
    "expense_account": null,
    "opening_stock_quantity": "0.0000",
    "opening_stock_unit_cost": "0.0000",
    "opening_balance_date": null,
    "opening_balance_journal": null,
    "created_at": "2026-06-04T11:01:53.483Z",
    "updated_at": "2026-06-04T11:01:53.483Z"
  }
},
{
  "model": "api.item",
  "pk": 151,
  "fields": {
    "company": 2,
    "item_number": "AQ-MED-probiotic",
    "name": "Aquaculture probiotic",
    "description": "Built-in pond care / medicine SKU — typical dose rates apply in Aquaculture → Medicine.",
    "item_type": "inventory",
    "unit_price": "0.00",
    "cost": "0.00",
    "quantity_on_hand": "0.0000",
    "unit": "liter",
    "pos_category": "medicine",
    "content_weight_kg": null,
    "pieces_per_kg": null,
    "category": "Pond care",
    "barcode": "",
    "is_taxable": true,
    "is_pos_available": true,
    "is_active": true,
    "image_url": "",
    "revenue_account": null,
    "cogs_account": null,
    "inventory_account": null,
    "expense_account": null,
    "opening_stock_quantity": "0.0000",
    "opening_stock_unit_cost": "0.0000",
    "opening_balance_date": null,
    "opening_balance_journal": null,
    "created_at": "2026-06-04T11:01:53.484Z",
    "updated_at": "2026-06-04T11:01:53.484Z"
  }
},
{
  "model": "api.item",
  "pk": 152,
  "fields": {
    "company": 2,
    "item_number": "AQ-MED-vitamin_c",
    "name": "Vitamin C / ascorbic acid",
    "description": "Built-in pond care / medicine SKU — typical dose rates apply in Aquaculture → Medicine.",
    "item_type": "inventory",
    "unit_price": "0.00",
    "cost": "0.00",
    "quantity_on_hand": "0.0000",
    "unit": "kg",
    "pos_category": "medicine",
    "content_weight_kg": null,
    "pieces_per_kg": null,
    "category": "Pond care",
    "barcode": "",
    "is_taxable": true,
    "is_pos_available": true,
    "is_active": true,
    "image_url": "",
    "revenue_account": null,
    "cogs_account": null,
    "inventory_account": null,
    "expense_account": null,
    "opening_stock_quantity": "0.0000",
    "opening_stock_unit_cost": "0.0000",
    "opening_balance_date": null,
    "opening_balance_journal": null,
    "created_at": "2026-06-04T11:01:53.485Z",
    "updated_at": "2026-06-04T11:01:53.485Z"
  }
},
{
  "model": "api.item",
  "pk": 153,
  "fields": {
    "company": 2,
    "item_number": "AQ-MED-mineral_premix",
    "name": "Mineral / vitamin premix",
    "description": "Built-in pond care / medicine SKU — typical dose rates apply in Aquaculture → Medicine.",
    "item_type": "inventory",
    "unit_price": "0.00",
    "cost": "0.00",
    "quantity_on_hand": "0.0000",
    "unit": "kg",
    "pos_category": "medicine",
    "content_weight_kg": null,
    "pieces_per_kg": null,
    "category": "Pond care",
    "barcode": "",
    "is_taxable": true,
    "is_pos_available": true,
    "is_active": true,
    "image_url": "",
    "revenue_account": null,
    "cogs_account": null,
    "inventory_account": null,
    "expense_account": null,
    "opening_stock_quantity": "0.0000",
    "opening_stock_unit_cost": "0.0000",
    "opening_balance_date": null,
    "opening_balance_journal": null,
    "created_at": "2026-06-04T11:01:53.486Z",
    "updated_at": "2026-06-04T11:01:53.486Z"
  }
},
{
  "model": "api.item",
  "pk": 154,
  "fields": {
    "company": 2,
    "item_number": "AQ-MED-alum",
    "name": "Alum (aluminium sulphate)",
    "description": "Built-in pond care / medicine SKU — typical dose rates apply in Aquaculture → Medicine.",
    "item_type": "inventory",
    "unit_price": "0.00",
    "cost": "0.00",
    "quantity_on_hand": "0.0000",
    "unit": "kg",
    "pos_category": "medicine",
    "content_weight_kg": null,
    "pieces_per_kg": null,
    "category": "Pond care",
    "barcode": "",
    "is_taxable": true,
    "is_pos_available": true,
    "is_active": true,
    "image_url": "",
    "revenue_account": null,
    "cogs_account": null,
    "inventory_account": null,
    "expense_account": null,
    "opening_stock_quantity": "0.0000",
    "opening_stock_unit_cost": "0.0000",
    "opening_balance_date": null,
    "opening_balance_journal": null,
    "created_at": "2026-06-04T11:01:53.487Z",
    "updated_at": "2026-06-04T11:01:53.487Z"
  }
},
{
  "model": "api.item",
  "pk": 155,
  "fields": {
    "company": 2,
    "item_number": "AQ-MED-potassium_permanganate_feed",
    "name": "Potassium (KCl) / pond K supplement",
    "description": "Built-in pond care / medicine SKU — typical dose rates apply in Aquaculture → Medicine.",
    "item_type": "inventory",
    "unit_price": "0.00",
    "cost": "0.00",
    "quantity_on_hand": "0.0000",
    "unit": "kg",
    "pos_category": "medicine",
    "content_weight_kg": null,
    "pieces_per_kg": null,
    "category": "Pond care",
    "barcode": "",
    "is_taxable": true,
    "is_pos_available": true,
    "is_active": true,
    "image_url": "",
    "revenue_account": null,
    "cogs_account": null,
    "inventory_account": null,
    "expense_account": null,
    "opening_stock_quantity": "0.0000",
    "opening_stock_unit_cost": "0.0000",
    "opening_balance_date": null,
    "opening_balance_journal": null,
    "created_at": "2026-06-04T11:01:53.489Z",
    "updated_at": "2026-06-04T11:01:53.489Z"
  }
},
{
  "model": "api.itemstationstock",
  "pk": 1,
  "fields": {
    "company": 2,
    "station": 2,
    "item": 14,
    "quantity": "0.0000",
    "updated_at": "2026-05-06T11:46:34.306Z"
  }
},
{
  "model": "api.itemstationstock",
  "pk": 2,
  "fields": {
    "company": 1,
    "station": 1,
    "item": 15,
    "quantity": "5000.0000",
    "updated_at": "2026-05-06T12:13:21.309Z"
  }
},
{
  "model": "api.itemstationstock",
  "pk": 3,
  "fields": {
    "company": 1,
    "station": 1,
    "item": 16,
    "quantity": "0.0000",
    "updated_at": "2026-05-07T03:54:28.294Z"
  }
},
{
  "model": "api.itemstationstock",
  "pk": 4,
  "fields": {
    "company": 1,
    "station": 1,
    "item": 17,
    "quantity": "0.0000",
    "updated_at": "2026-05-07T04:21:19.863Z"
  }
},
{
  "model": "api.itemstationstock",
  "pk": 5,
  "fields": {
    "company": 1,
    "station": 4,
    "item": 17,
    "quantity": "200.0000",
    "updated_at": "2026-05-07T04:22:31.618Z"
  }
},
{
  "model": "api.itemstationstock",
  "pk": 6,
  "fields": {
    "company": 1,
    "station": 1,
    "item": 18,
    "quantity": "300000.0000",
    "updated_at": "2026-05-09T01:31:00.132Z"
  }
},
{
  "model": "api.itemstationstock",
  "pk": 7,
  "fields": {
    "company": 1,
    "station": 1,
    "item": 69,
    "quantity": "0.0000",
    "updated_at": "2026-05-09T03:36:29.156Z"
  }
},
{
  "model": "api.itemstationstock",
  "pk": 8,
  "fields": {
    "company": 1,
    "station": 1,
    "item": 1,
    "quantity": "0.0000",
    "updated_at": "2026-05-11T02:52:34.823Z"
  }
},
{
  "model": "api.itemstationstock",
  "pk": 9,
  "fields": {
    "company": 1,
    "station": 4,
    "item": 26,
    "quantity": "9.0000",
    "updated_at": "2026-05-16T18:58:20.846Z"
  }
},
{
  "model": "api.itemstationstock",
  "pk": 10,
  "fields": {
    "company": 1,
    "station": 4,
    "item": 25,
    "quantity": "1500.0000",
    "updated_at": "2026-05-19T20:53:17.973Z"
  }
},
{
  "model": "api.itemstationstock",
  "pk": 11,
  "fields": {
    "company": 1,
    "station": 1,
    "item": 24,
    "quantity": "0.0000",
    "updated_at": "2026-05-20T02:14:16.757Z"
  }
},
{
  "model": "api.itemstationstock",
  "pk": 12,
  "fields": {
    "company": 1,
    "station": 4,
    "item": 24,
    "quantity": "150.0000",
    "updated_at": "2026-05-20T02:29:36.735Z"
  }
},
{
  "model": "api.itemstationstock",
  "pk": 13,
  "fields": {
    "company": 1,
    "station": 4,
    "item": 76,
    "quantity": "380.0000",
    "updated_at": "2026-05-21T19:32:05.059Z"
  }
},
{
  "model": "api.itemstationstock",
  "pk": 14,
  "fields": {
    "company": 1,
    "station": 5,
    "item": 16,
    "quantity": "80.0000",
    "updated_at": "2026-05-26T14:02:13.246Z"
  }
},
{
  "model": "api.itemstationstock",
  "pk": 15,
  "fields": {
    "company": 1,
    "station": 5,
    "item": 17,
    "quantity": "80.0000",
    "updated_at": "2026-05-26T14:02:13.263Z"
  }
},
{
  "model": "api.itemstationstock",
  "pk": 16,
  "fields": {
    "company": 1,
    "station": 5,
    "item": 20,
    "quantity": "80.0000",
    "updated_at": "2026-05-26T14:02:13.282Z"
  }
},
{
  "model": "api.itemstationstock",
  "pk": 17,
  "fields": {
    "company": 1,
    "station": 5,
    "item": 21,
    "quantity": "80.0000",
    "updated_at": "2026-05-26T14:02:13.282Z"
  }
},
{
  "model": "api.itemstationstock",
  "pk": 18,
  "fields": {
    "company": 1,
    "station": 5,
    "item": 22,
    "quantity": "80.0000",
    "updated_at": "2026-05-26T14:02:13.296Z"
  }
},
{
  "model": "api.itemstationstock",
  "pk": 19,
  "fields": {
    "company": 1,
    "station": 5,
    "item": 23,
    "quantity": "80.0000",
    "updated_at": "2026-05-26T14:02:13.312Z"
  }
},
{
  "model": "api.itemstationstock",
  "pk": 20,
  "fields": {
    "company": 1,
    "station": 5,
    "item": 110,
    "quantity": "80.0000",
    "updated_at": "2026-05-26T14:02:13.313Z"
  }
},
{
  "model": "api.itemstationstock",
  "pk": 21,
  "fields": {
    "company": 1,
    "station": 5,
    "item": 111,
    "quantity": "122.0000",
    "updated_at": "2026-05-26T14:02:13.330Z"
  }
},
{
  "model": "api.itemstationstock",
  "pk": 22,
  "fields": {
    "company": 1,
    "station": 5,
    "item": 70,
    "quantity": "80.0000",
    "updated_at": "2026-05-26T14:02:13.330Z"
  }
},
{
  "model": "api.itemstationstock",
  "pk": 23,
  "fields": {
    "company": 1,
    "station": 5,
    "item": 71,
    "quantity": "80.0000",
    "updated_at": "2026-05-26T14:02:13.346Z"
  }
},
{
  "model": "api.itemstationstock",
  "pk": 24,
  "fields": {
    "company": 1,
    "station": 5,
    "item": 72,
    "quantity": "80.0000",
    "updated_at": "2026-05-26T14:02:13.363Z"
  }
},
{
  "model": "api.itemstationstock",
  "pk": 25,
  "fields": {
    "company": 1,
    "station": 5,
    "item": 73,
    "quantity": "80.0000",
    "updated_at": "2026-05-26T14:02:13.363Z"
  }
},
{
  "model": "api.itemstationstock",
  "pk": 26,
  "fields": {
    "company": 1,
    "station": 5,
    "item": 74,
    "quantity": "80.0000",
    "updated_at": "2026-05-26T14:02:13.380Z"
  }
},
{
  "model": "api.itemstationstock",
  "pk": 27,
  "fields": {
    "company": 1,
    "station": 5,
    "item": 76,
    "quantity": "80.0000",
    "updated_at": "2026-05-26T14:02:13.396Z"
  }
},
{
  "model": "api.itemstationstock",
  "pk": 28,
  "fields": {
    "company": 1,
    "station": 5,
    "item": 77,
    "quantity": "75.0000",
    "updated_at": "2026-05-26T14:02:13.396Z"
  }
},
{
  "model": "api.itemstationstock",
  "pk": 29,
  "fields": {
    "company": 1,
    "station": 5,
    "item": 78,
    "quantity": "80.0000",
    "updated_at": "2026-05-26T14:02:13.413Z"
  }
},
{
  "model": "api.itemstationstock",
  "pk": 30,
  "fields": {
    "company": 1,
    "station": 5,
    "item": 79,
    "quantity": "80.0000",
    "updated_at": "2026-05-26T14:02:13.422Z"
  }
},
{
  "model": "api.itemstationstock",
  "pk": 31,
  "fields": {
    "company": 1,
    "station": 5,
    "item": 80,
    "quantity": "80.0000",
    "updated_at": "2026-05-26T14:02:13.437Z"
  }
},
{
  "model": "api.itemstationstock",
  "pk": 32,
  "fields": {
    "company": 1,
    "station": 5,
    "item": 1,
    "quantity": "80.0000",
    "updated_at": "2026-05-26T14:02:13.446Z"
  }
},
{
  "model": "api.itemstationstock",
  "pk": 33,
  "fields": {
    "company": 1,
    "station": 5,
    "item": 2,
    "quantity": "80.0000",
    "updated_at": "2026-05-26T14:02:13.459Z"
  }
},
{
  "model": "api.itemstationstock",
  "pk": 34,
  "fields": {
    "company": 1,
    "station": 5,
    "item": 3,
    "quantity": "80.0000",
    "updated_at": "2026-05-26T14:02:13.472Z"
  }
},
{
  "model": "api.itemstationstock",
  "pk": 35,
  "fields": {
    "company": 1,
    "station": 5,
    "item": 4,
    "quantity": "80.0000",
    "updated_at": "2026-05-26T14:02:13.480Z"
  }
},
{
  "model": "api.itemstationstock",
  "pk": 36,
  "fields": {
    "company": 1,
    "station": 5,
    "item": 5,
    "quantity": "80.0000",
    "updated_at": "2026-05-26T14:02:13.496Z"
  }
},
{
  "model": "api.itemstationstock",
  "pk": 37,
  "fields": {
    "company": 1,
    "station": 5,
    "item": 6,
    "quantity": "80.0000",
    "updated_at": "2026-05-26T14:02:13.519Z"
  }
},
{
  "model": "api.itemstationstock",
  "pk": 38,
  "fields": {
    "company": 1,
    "station": 5,
    "item": 7,
    "quantity": "80.0000",
    "updated_at": "2026-05-26T14:02:13.529Z"
  }
},
{
  "model": "api.itemstationstock",
  "pk": 39,
  "fields": {
    "company": 1,
    "station": 5,
    "item": 8,
    "quantity": "80.0000",
    "updated_at": "2026-05-26T14:02:13.536Z"
  }
},
{
  "model": "api.itemstationstock",
  "pk": 40,
  "fields": {
    "company": 1,
    "station": 5,
    "item": 9,
    "quantity": "80.0000",
    "updated_at": "2026-05-26T14:02:13.546Z"
  }
},
{
  "model": "api.itemstationstock",
  "pk": 41,
  "fields": {
    "company": 1,
    "station": 5,
    "item": 33,
    "quantity": "80.0000",
    "updated_at": "2026-05-26T14:02:13.562Z"
  }
},
{
  "model": "api.itemstationstock",
  "pk": 42,
  "fields": {
    "company": 1,
    "station": 5,
    "item": 34,
    "quantity": "80.0000",
    "updated_at": "2026-05-26T14:02:13.574Z"
  }
},
{
  "model": "api.itemstationstock",
  "pk": 43,
  "fields": {
    "company": 1,
    "station": 5,
    "item": 69,
    "quantity": "80.0000",
    "updated_at": "2026-05-26T14:02:13.583Z"
  }
},
{
  "model": "api.itemstationstock",
  "pk": 44,
  "fields": {
    "company": 1,
    "station": 1,
    "item": 2,
    "quantity": "40.0000",
    "updated_at": "2026-05-26T14:02:13.596Z"
  }
},
{
  "model": "api.itemstationstock",
  "pk": 45,
  "fields": {
    "company": 1,
    "station": 1,
    "item": 3,
    "quantity": "40.0000",
    "updated_at": "2026-05-26T14:02:13.607Z"
  }
},
{
  "model": "api.itemstationstock",
  "pk": 46,
  "fields": {
    "company": 1,
    "station": 1,
    "item": 4,
    "quantity": "40.0000",
    "updated_at": "2026-05-26T14:02:13.621Z"
  }
},
{
  "model": "api.itemstationstock",
  "pk": 47,
  "fields": {
    "company": 1,
    "station": 1,
    "item": 5,
    "quantity": "40.0000",
    "updated_at": "2026-05-26T14:02:13.630Z"
  }
},
{
  "model": "api.itemstationstock",
  "pk": 48,
  "fields": {
    "company": 1,
    "station": 1,
    "item": 6,
    "quantity": "40.0000",
    "updated_at": "2026-05-26T14:02:13.630Z"
  }
},
{
  "model": "api.itemstationstock",
  "pk": 49,
  "fields": {
    "company": 1,
    "station": 5,
    "item": 85,
    "quantity": "10.0000",
    "updated_at": "2026-05-26T14:02:14.213Z"
  }
},
{
  "model": "api.itemstationstock",
  "pk": 50,
  "fields": {
    "company": 1,
    "station": 1,
    "item": 95,
    "quantity": "8.0000",
    "updated_at": "2026-05-26T14:14:40.756Z"
  }
},
{
  "model": "api.itemstationstock",
  "pk": 51,
  "fields": {
    "company": 1,
    "station": 5,
    "item": 95,
    "quantity": "12.0000",
    "updated_at": "2026-05-26T14:14:40.790Z"
  }
},
{
  "model": "api.itemstationstock",
  "pk": 53,
  "fields": {
    "company": 1,
    "station": 1,
    "item": 135,
    "quantity": "7000.0000",
    "updated_at": "2026-05-31T18:21:26.534Z"
  }
},
{
  "model": "api.itemstationstock",
  "pk": 54,
  "fields": {
    "company": 1,
    "station": 1,
    "item": 7,
    "quantity": "4500.0000",
    "updated_at": "2026-06-04T10:13:21.333Z"
  }
},
{
  "model": "api.itempondstock",
  "pk": 5,
  "fields": {
    "company": 1,
    "pond": 5,
    "item": 17,
    "quantity": "40.0000",
    "updated_at": "2026-05-07T05:46:52.207Z"
  }
},
{
  "model": "api.itempondstock",
  "pk": 6,
  "fields": {
    "company": 1,
    "pond": 4,
    "item": 17,
    "quantity": "42.0000",
    "updated_at": "2026-05-07T06:46:16.641Z"
  }
},
{
  "model": "api.itempondstock",
  "pk": 7,
  "fields": {
    "company": 1,
    "pond": 19,
    "item": 18,
    "quantity": "200000.0000",
    "updated_at": "2026-05-09T01:19:47.769Z"
  }
},
{
  "model": "api.itempondstock",
  "pk": 8,
  "fields": {
    "company": 1,
    "pond": 3,
    "item": 17,
    "quantity": "50.0000",
    "updated_at": "2026-05-09T19:07:44.332Z"
  }
},
{
  "model": "api.itempondstock",
  "pk": 9,
  "fields": {
    "company": 1,
    "pond": 3,
    "item": 24,
    "quantity": "25.0000",
    "updated_at": "2026-05-20T02:30:42.766Z"
  }
},
{
  "model": "api.itempondstock",
  "pk": 10,
  "fields": {
    "company": 1,
    "pond": 2,
    "item": 76,
    "quantity": "79.5000",
    "updated_at": "2026-05-21T19:34:11.106Z"
  }
},
{
  "model": "api.itempondstock",
  "pk": 11,
  "fields": {
    "company": 1,
    "pond": 27,
    "item": 16,
    "quantity": "420.0000",
    "updated_at": "2026-05-26T14:02:12.813Z"
  }
},
{
  "model": "api.itempondstock",
  "pk": 12,
  "fields": {
    "company": 1,
    "pond": 28,
    "item": 16,
    "quantity": "420.0000",
    "updated_at": "2026-05-26T14:02:12.813Z"
  }
},
{
  "model": "api.itempondstock",
  "pk": 13,
  "fields": {
    "company": 1,
    "pond": 4,
    "item": 111,
    "quantity": "5.0000",
    "updated_at": "2026-05-26T14:15:31.526Z"
  }
},
{
  "model": "api.itempondstock",
  "pk": 14,
  "fields": {
    "company": 1,
    "pond": 4,
    "item": 77,
    "quantity": "2.0000",
    "updated_at": "2026-05-26T14:15:31.542Z"
  }
},
{
  "model": "api.itempondstock",
  "pk": 15,
  "fields": {
    "company": 1,
    "pond": 5,
    "item": 77,
    "quantity": "1.0000",
    "updated_at": "2026-05-26T14:15:31.652Z"
  }
},
{
  "model": "api.itempondstock",
  "pk": 16,
  "fields": {
    "company": 1,
    "pond": 2,
    "item": 18,
    "quantity": "500000.0000",
    "updated_at": "2026-06-29T16:28:03.882Z"
  }
},
{
  "model": "api.pondwarehousestockreceipt",
  "pk": 3,
  "fields": {
    "company": 1,
    "from_station": 4,
    "pond": 3,
    "receipt_number": "PWR-3",
    "created_at": "2026-05-09T19:29:03.510Z"
  }
},
{
  "model": "api.pondwarehousestockreceipt",
  "pk": 4,
  "fields": {
    "company": 1,
    "from_station": 4,
    "pond": 3,
    "receipt_number": "PWR-4",
    "created_at": "2026-05-20T02:30:42.770Z"
  }
},
{
  "model": "api.pondwarehousestockreceipt",
  "pk": 5,
  "fields": {
    "company": 1,
    "from_station": 4,
    "pond": 2,
    "receipt_number": "PWR-5",
    "created_at": "2026-05-21T19:34:11.119Z"
  }
},
{
  "model": "api.pondwarehousestockreceipt",
  "pk": 6,
  "fields": {
    "company": 1,
    "from_station": 4,
    "pond": 4,
    "receipt_number": "COMP-DEMO-PWR-001",
    "created_at": "2026-05-22T11:05:16.721Z"
  }
},
{
  "model": "api.pondwarehousestockreceipt",
  "pk": 7,
  "fields": {
    "company": 1,
    "from_station": 5,
    "pond": 4,
    "receipt_number": "COMP-DEMO-PWR-001",
    "created_at": "2026-05-26T14:15:31.542Z"
  }
},
{
  "model": "api.pondwarehousestockreceipt",
  "pk": 8,
  "fields": {
    "company": 1,
    "from_station": 5,
    "pond": 4,
    "receipt_number": "PWR-8",
    "created_at": "2026-05-26T14:15:31.542Z"
  }
},
{
  "model": "api.pondwarehousestockreceiptline",
  "pk": 3,
  "fields": {
    "receipt": 3,
    "item": 17,
    "quantity": "50.0000"
  }
},
{
  "model": "api.pondwarehousestockreceiptline",
  "pk": 4,
  "fields": {
    "receipt": 4,
    "item": 24,
    "quantity": "50.0000"
  }
},
{
  "model": "api.pondwarehousestockreceiptline",
  "pk": 5,
  "fields": {
    "receipt": 5,
    "item": 76,
    "quantity": "120.0000"
  }
},
{
  "model": "api.pondwarehousestockreceiptline",
  "pk": 6,
  "fields": {
    "receipt": 6,
    "item": 17,
    "quantity": "45.0000"
  }
},
{
  "model": "api.pondwarehousestockreceiptline",
  "pk": 7,
  "fields": {
    "receipt": 7,
    "item": 111,
    "quantity": "8.0000"
  }
},
{
  "model": "api.pondwarehousestockreceiptline",
  "pk": 8,
  "fields": {
    "receipt": 8,
    "item": 77,
    "quantity": "5.0000"
  }
},
{
  "model": "api.pondwarehouseinterpondtransfer",
  "pk": 1,
  "fields": {
    "company": 1,
    "from_pond": 4,
    "to_pond": 5,
    "transfer_number": "PWIP-1",
    "memo": "[COMP-DEMO] Medicine reallocation between Ashari ponds",
    "created_at": "2026-05-26T14:15:31.659Z"
  }
},
{
  "model": "api.pondwarehouseinterpondtransferline",
  "pk": 1,
  "fields": {
    "transfer": 1,
    "item": 77,
    "quantity": "1.0000"
  }
},
{
  "model": "api.tank",
  "pk": 1,
  "fields": {
    "company": 1,
    "station": 1,
    "product": 12,
    "tank_number": "T-D-01",
    "tank_name": "Diesel Tank 1",
    "capacity": "20000.0000",
    "current_stock": "18270.0000",
    "reorder_level": "0.0000",
    "unit_of_measure": "L",
    "is_active": true,
    "created_at": "2026-05-05T13:27:32.296Z",
    "updated_at": "2026-05-05T13:27:32.296Z"
  }
},
{
  "model": "api.tank",
  "pk": 2,
  "fields": {
    "company": 1,
    "station": 1,
    "product": 15,
    "tank_number": "T-P-01",
    "tank_name": "Octane Tank 1",
    "capacity": "15000.0000",
    "current_stock": "11420.0000",
    "reorder_level": "2000.0000",
    "unit_of_measure": "L",
    "is_active": true,
    "created_at": "2026-05-05T13:27:32.306Z",
    "updated_at": "2026-05-07T04:02:00.522Z"
  }
},
{
  "model": "api.tank",
  "pk": 3,
  "fields": {
    "company": 1,
    "station": 1,
    "product": 13,
    "tank_number": "T-P-01",
    "tank_name": "Petrol Tank 1",
    "capacity": "15000.0000",
    "current_stock": "3000.0000",
    "reorder_level": "0.0000",
    "unit_of_measure": "L",
    "is_active": true,
    "created_at": "2026-05-07T06:01:24.163Z",
    "updated_at": "2026-05-07T06:01:24.163Z"
  }
},
{
  "model": "api.island",
  "pk": 1,
  "fields": {
    "company": 1,
    "station": 1,
    "island_code": "ISL-1",
    "island_name": "Island 1",
    "location_description": "",
    "is_active": true,
    "created_at": "2026-05-05T13:27:32.316Z",
    "updated_at": "2026-05-05T13:27:32.316Z"
  }
},
{
  "model": "api.island",
  "pk": 2,
  "fields": {
    "company": 1,
    "station": 1,
    "island_code": "ISL-2",
    "island_name": "Island 2",
    "location_description": "",
    "is_active": true,
    "created_at": "2026-05-06T12:12:14.266Z",
    "updated_at": "2026-05-06T12:12:14.266Z"
  }
},
{
  "model": "api.dispenser",
  "pk": 1,
  "fields": {
    "company": 1,
    "island": 1,
    "dispenser_code": "DSP-1",
    "dispenser_name": "Dispenser 1",
    "model": "",
    "serial_number": "",
    "is_active": true,
    "created_at": "2026-05-05T13:27:32.327Z",
    "updated_at": "2026-05-05T13:27:32.327Z"
  }
},
{
  "model": "api.dispenser",
  "pk": 2,
  "fields": {
    "company": 1,
    "island": 2,
    "dispenser_code": "DSP-2",
    "dispenser_name": "Dispenser 2",
    "model": "",
    "serial_number": "",
    "is_active": true,
    "created_at": "2026-05-06T12:12:14.282Z",
    "updated_at": "2026-05-06T12:12:14.282Z"
  }
},
{
  "model": "api.meter",
  "pk": 1,
  "fields": {
    "company": 1,
    "dispenser": 1,
    "meter_code": "",
    "meter_number": "M-D-01",
    "meter_name": "Diesel Meter",
    "current_reading": "230.0000",
    "last_reset_date": null,
    "reset_count": 0,
    "is_active": true,
    "created_at": "2026-05-05T13:27:32.340Z",
    "updated_at": "2026-05-05T13:27:32.340Z"
  }
},
{
  "model": "api.meter",
  "pk": 2,
  "fields": {
    "company": 1,
    "dispenser": 1,
    "meter_code": "",
    "meter_number": "M-P-01",
    "meter_name": "Octane Meter",
    "current_reading": "80.0000",
    "last_reset_date": null,
    "reset_count": 0,
    "is_active": true,
    "created_at": "2026-05-05T13:27:32.350Z",
    "updated_at": "2026-05-07T04:03:15.373Z"
  }
},
{
  "model": "api.meter",
  "pk": 3,
  "fields": {
    "company": 1,
    "dispenser": 2,
    "meter_code": "",
    "meter_number": "M-D-02",
    "meter_name": "Diesel Meter 2",
    "current_reading": "0.0000",
    "last_reset_date": null,
    "reset_count": 0,
    "is_active": true,
    "created_at": "2026-05-06T12:12:14.308Z",
    "updated_at": "2026-05-07T04:03:45.595Z"
  }
},
{
  "model": "api.meter",
  "pk": 5,
  "fields": {
    "company": 1,
    "dispenser": 1,
    "meter_code": "",
    "meter_number": "M-P-01",
    "meter_name": "Petrol Meter",
    "current_reading": "0.0000",
    "last_reset_date": null,
    "reset_count": 0,
    "is_active": true,
    "created_at": "2026-05-07T06:01:24.178Z",
    "updated_at": "2026-05-07T06:01:24.178Z"
  }
},
{
  "model": "api.meter",
  "pk": 6,
  "fields": {
    "company": 1,
    "dispenser": 2,
    "meter_code": "",
    "meter_number": "M-P-02",
    "meter_name": "Petrol Meter 2",
    "current_reading": "0.0000",
    "last_reset_date": null,
    "reset_count": 0,
    "is_active": true,
    "created_at": "2026-05-07T06:01:24.191Z",
    "updated_at": "2026-05-07T06:01:24.191Z"
  }
},
{
  "model": "api.nozzle",
  "pk": 1,
  "fields": {
    "company": 1,
    "meter": 1,
    "tank": 1,
    "product": 12,
    "nozzle_number": "NZ-D-01",
    "nozzle_code": "",
    "nozzle_name": "Diesel Meter - Diesel",
    "color_code": "#EAB308",
    "is_operational": true,
    "is_active": true,
    "created_at": "2026-05-05T13:27:32.363Z",
    "updated_at": "2026-05-07T04:04:04.838Z"
  }
},
{
  "model": "api.nozzle",
  "pk": 3,
  "fields": {
    "company": 1,
    "meter": 3,
    "tank": 1,
    "product": 12,
    "nozzle_number": "NZ-D-02",
    "nozzle_code": "",
    "nozzle_name": "Diesel Meter 2 - Diesel",
    "color_code": "#EAB308",
    "is_operational": true,
    "is_active": true,
    "created_at": "2026-05-06T12:12:14.363Z",
    "updated_at": "2026-05-07T04:04:58.677Z"
  }
},
{
  "model": "api.nozzle",
  "pk": 5,
  "fields": {
    "company": 1,
    "meter": 2,
    "tank": 2,
    "product": 15,
    "nozzle_number": "NZL-1",
    "nozzle_code": "",
    "nozzle_name": "Octane Meter - Octane",
    "color_code": "#3B82F6",
    "is_operational": true,
    "is_active": true,
    "created_at": "2026-05-07T04:04:43.550Z",
    "updated_at": "2026-05-07T04:04:43.550Z"
  }
},
{
  "model": "api.nozzle",
  "pk": 6,
  "fields": {
    "company": 1,
    "meter": 5,
    "tank": 3,
    "product": 13,
    "nozzle_number": "NZ-P-01",
    "nozzle_code": "",
    "nozzle_name": "Petrol Meter - Petrol",
    "color_code": "#DC2626",
    "is_operational": true,
    "is_active": true,
    "created_at": "2026-05-07T06:01:24.205Z",
    "updated_at": "2026-05-07T06:01:24.205Z"
  }
},
{
  "model": "api.nozzle",
  "pk": 7,
  "fields": {
    "company": 1,
    "meter": 6,
    "tank": 3,
    "product": 13,
    "nozzle_number": "NZ-P-02",
    "nozzle_code": "",
    "nozzle_name": "Petrol Meter 2 - Petrol",
    "color_code": "#DC2626",
    "is_operational": true,
    "is_active": true,
    "created_at": "2026-05-07T06:01:24.217Z",
    "updated_at": "2026-05-07T06:01:24.217Z"
  }
},
{
  "model": "api.customer",
  "pk": 1,
  "fields": {
    "company": 2,
    "default_station": 2,
    "customer_number": "CUST-1",
    "display_name": "Aquaculture — Digonta-Grow Out",
    "first_name": "",
    "company_name": "",
    "email": "",
    "phone": "",
    "billing_address_line1": "",
    "billing_city": "",
    "billing_state": "",
    "billing_country": "",
    "bank_account_number": "",
    "bank_name": "",
    "bank_branch": "",
    "bank_routing_number": "",
    "opening_balance": "0.00",
    "opening_balance_date": null,
    "opening_balance_journal": null,
    "current_balance": "0.00",
    "is_active": true,
    "created_at": "2026-05-06T03:32:25.482Z",
    "updated_at": "2026-05-06T03:32:25.482Z"
  }
},
{
  "model": "api.customer",
  "pk": 2,
  "fields": {
    "company": 1,
    "default_station": 4,
    "customer_number": "CUST-1",
    "display_name": "Abul Bapari",
    "first_name": "Abul Hossain",
    "company_name": "Abul Bapari",
    "email": "",
    "phone": "+8801774556783",
    "billing_address_line1": "",
    "billing_city": "",
    "billing_state": "",
    "billing_country": "",
    "bank_account_number": "",
    "bank_name": "",
    "bank_branch": "",
    "bank_routing_number": "",
    "opening_balance": "0.00",
    "opening_balance_date": "2026-05-07",
    "opening_balance_journal": null,
    "current_balance": "15000.00",
    "is_active": true,
    "created_at": "2026-05-06T12:05:19.965Z",
    "updated_at": "2026-05-11T04:30:00.596Z"
  }
},
{
  "model": "api.customer",
  "pk": 3,
  "fields": {
    "company": 1,
    "default_station": 4,
    "customer_number": "CUST-2",
    "display_name": "Nadim Bapari",
    "first_name": "Nadim Dewan",
    "company_name": "Nadim Bapari",
    "email": "",
    "phone": "",
    "billing_address_line1": "",
    "billing_city": "",
    "billing_state": "",
    "billing_country": "",
    "bank_account_number": "",
    "bank_name": "",
    "bank_branch": "",
    "bank_routing_number": "",
    "opening_balance": "0.00",
    "opening_balance_date": "2026-05-07",
    "opening_balance_journal": null,
    "current_balance": "680000.00",
    "is_active": true,
    "created_at": "2026-05-06T12:05:19.990Z",
    "updated_at": "2026-05-09T18:57:00.046Z"
  }
},
{
  "model": "api.customer",
  "pk": 4,
  "fields": {
    "company": 1,
    "default_station": 4,
    "customer_number": "CUST-3",
    "display_name": "Rajon",
    "first_name": "Rajon Khan",
    "company_name": "Rajon",
    "email": "",
    "phone": "",
    "billing_address_line1": "",
    "billing_city": "",
    "billing_state": "",
    "billing_country": "",
    "bank_account_number": "",
    "bank_name": "",
    "bank_branch": "",
    "bank_routing_number": "",
    "opening_balance": "0.00",
    "opening_balance_date": "2026-05-07",
    "opening_balance_journal": null,
    "current_balance": "0.00",
    "is_active": true,
    "created_at": "2026-05-06T12:05:20.014Z",
    "updated_at": "2026-05-09T18:57:09.716Z"
  }
},
{
  "model": "api.customer",
  "pk": 5,
  "fields": {
    "company": 1,
    "default_station": null,
    "customer_number": "CUST-4",
    "display_name": "",
    "first_name": "",
    "company_name": "",
    "email": "",
    "phone": "",
    "billing_address_line1": "",
    "billing_city": "",
    "billing_state": "",
    "billing_country": "",
    "bank_account_number": "",
    "bank_name": "",
    "bank_branch": "",
    "bank_routing_number": "",
    "opening_balance": "0.00",
    "opening_balance_date": "2026-05-09",
    "opening_balance_journal": null,
    "current_balance": "0.00",
    "is_active": true,
    "created_at": "2026-05-06T12:05:20.037Z",
    "updated_at": "2026-05-09T18:58:53.005Z"
  }
},
{
  "model": "api.customer",
  "pk": 6,
  "fields": {
    "company": 1,
    "default_station": null,
    "customer_number": "CUST-5",
    "display_name": "Aquaculture — Bulk Demo Pond 5",
    "first_name": "",
    "company_name": "",
    "email": "",
    "phone": "",
    "billing_address_line1": "",
    "billing_city": "",
    "billing_state": "",
    "billing_country": "",
    "bank_account_number": "",
    "bank_name": "",
    "bank_branch": "",
    "bank_routing_number": "",
    "opening_balance": "0.00",
    "opening_balance_date": null,
    "opening_balance_journal": null,
    "current_balance": "0.00",
    "is_active": false,
    "created_at": "2026-05-06T12:05:20.060Z",
    "updated_at": "2026-05-06T12:05:20.060Z"
  }
},
{
  "model": "api.customer",
  "pk": 7,
  "fields": {
    "company": 1,
    "default_station": 4,
    "customer_number": "CUST-6",
    "display_name": "Aquaculture — Digonta Nursing",
    "first_name": "",
    "company_name": "",
    "email": "",
    "phone": "",
    "billing_address_line1": "",
    "billing_city": "",
    "billing_state": "",
    "billing_country": "",
    "bank_account_number": "",
    "bank_name": "",
    "bank_branch": "",
    "bank_routing_number": "",
    "opening_balance": "0.00",
    "opening_balance_date": null,
    "opening_balance_journal": null,
    "current_balance": "0.00",
    "is_active": true,
    "created_at": "2026-05-08T12:35:44.414Z",
    "updated_at": "2026-05-08T12:35:44.414Z"
  }
},
{
  "model": "api.customer",
  "pk": 8,
  "fields": {
    "company": 1,
    "default_station": null,
    "customer_number": "WALK-IN",
    "display_name": "Walk-in",
    "first_name": "",
    "company_name": "",
    "email": "",
    "phone": "",
    "billing_address_line1": "",
    "billing_city": "",
    "billing_state": "",
    "billing_country": "",
    "bank_account_number": "",
    "bank_name": "",
    "bank_branch": "",
    "bank_routing_number": "",
    "opening_balance": "0.00",
    "opening_balance_date": null,
    "opening_balance_journal": null,
    "current_balance": "0.00",
    "is_active": true,
    "created_at": "2026-05-11T14:32:28.766Z",
    "updated_at": "2026-05-11T14:32:28.766Z"
  }
},
{
  "model": "api.customer",
  "pk": 9,
  "fields": {
    "company": 1,
    "default_station": 4,
    "customer_number": "CUST-7",
    "display_name": "Aquaculture — Digonta",
    "first_name": "",
    "company_name": "",
    "email": "",
    "phone": "",
    "billing_address_line1": "",
    "billing_city": "",
    "billing_state": "",
    "billing_country": "",
    "bank_account_number": "",
    "bank_name": "",
    "bank_branch": "",
    "bank_routing_number": "",
    "opening_balance": "0.00",
    "opening_balance_date": null,
    "opening_balance_journal": null,
    "current_balance": "0.00",
    "is_active": true,
    "created_at": "2026-05-16T19:31:08.196Z",
    "updated_at": "2026-05-16T19:31:08.196Z"
  }
},
{
  "model": "api.customer",
  "pk": 10,
  "fields": {
    "company": 1,
    "default_station": 4,
    "customer_number": "CUST-8",
    "display_name": "Aquaculture — Mynuddin",
    "first_name": "",
    "company_name": "",
    "email": "",
    "phone": "",
    "billing_address_line1": "",
    "billing_city": "",
    "billing_state": "",
    "billing_country": "",
    "bank_account_number": "",
    "bank_name": "",
    "bank_branch": "",
    "bank_routing_number": "",
    "opening_balance": "0.00",
    "opening_balance_date": null,
    "opening_balance_journal": null,
    "current_balance": "800.00",
    "is_active": true,
    "created_at": "2026-05-16T19:31:08.202Z",
    "updated_at": "2026-05-16T19:31:08.202Z"
  }
},
{
  "model": "api.customer",
  "pk": 11,
  "fields": {
    "company": 1,
    "default_station": 4,
    "customer_number": "CUST-9",
    "display_name": "Aquaculture — Ashari-1",
    "first_name": "",
    "company_name": "",
    "email": "",
    "phone": "",
    "billing_address_line1": "",
    "billing_city": "",
    "billing_state": "",
    "billing_country": "",
    "bank_account_number": "",
    "bank_name": "",
    "bank_branch": "",
    "bank_routing_number": "",
    "opening_balance": "0.00",
    "opening_balance_date": null,
    "opening_balance_journal": null,
    "current_balance": "0.00",
    "is_active": true,
    "created_at": "2026-05-16T19:31:08.206Z",
    "updated_at": "2026-05-16T19:31:08.206Z"
  }
},
{
  "model": "api.customer",
  "pk": 12,
  "fields": {
    "company": 1,
    "default_station": 4,
    "customer_number": "CUST-10",
    "display_name": "Aquaculture — Ashari-2",
    "first_name": "",
    "company_name": "",
    "email": "",
    "phone": "",
    "billing_address_line1": "",
    "billing_city": "",
    "billing_state": "",
    "billing_country": "",
    "bank_account_number": "",
    "bank_name": "",
    "bank_branch": "",
    "bank_routing_number": "",
    "opening_balance": "0.00",
    "opening_balance_date": null,
    "opening_balance_journal": null,
    "current_balance": "0.00",
    "is_active": true,
    "created_at": "2026-05-16T19:31:08.210Z",
    "updated_at": "2026-05-16T19:31:08.210Z"
  }
},
{
  "model": "api.customer",
  "pk": 13,
  "fields": {
    "company": 1,
    "default_station": 1,
    "customer_number": "CUST-11",
    "display_name": "Nobin Agro",
    "first_name": "Ehsanul Haque Nobin",
    "company_name": "Nobin Agro",
    "email": "",
    "phone": "",
    "billing_address_line1": "",
    "billing_city": "",
    "billing_state": "",
    "billing_country": "",
    "bank_account_number": "",
    "bank_name": "",
    "bank_branch": "",
    "bank_routing_number": "",
    "opening_balance": "120000.00",
    "opening_balance_date": "2026-05-26",
    "opening_balance_journal": null,
    "current_balance": "132540.00",
    "is_active": true,
    "created_at": "2026-05-26T12:16:37.342Z",
    "updated_at": "2026-05-26T12:18:42.001Z"
  }
},
{
  "model": "api.customer",
  "pk": 14,
  "fields": {
    "company": 1,
    "default_station": 1,
    "customer_number": "CUST-12",
    "display_name": "Aquaculture — Demo Grow-out Pond",
    "first_name": "",
    "company_name": "",
    "email": "",
    "phone": "",
    "billing_address_line1": "",
    "billing_city": "",
    "billing_state": "",
    "billing_country": "",
    "bank_account_number": "",
    "bank_name": "",
    "bank_branch": "",
    "bank_routing_number": "",
    "opening_balance": "0.00",
    "opening_balance_date": null,
    "opening_balance_journal": null,
    "current_balance": "0.00",
    "is_active": true,
    "created_at": "2026-05-26T14:01:57.612Z",
    "updated_at": "2026-05-26T14:01:57.612Z"
  }
},
{
  "model": "api.customer",
  "pk": 15,
  "fields": {
    "company": 1,
    "default_station": 4,
    "customer_number": "CUST-13",
    "display_name": "Aquaculture — Demo Nursery Pond",
    "first_name": "",
    "company_name": "",
    "email": "",
    "phone": "",
    "billing_address_line1": "",
    "billing_city": "",
    "billing_state": "",
    "billing_country": "",
    "bank_account_number": "",
    "bank_name": "",
    "bank_branch": "",
    "bank_routing_number": "",
    "opening_balance": "0.00",
    "opening_balance_date": null,
    "opening_balance_journal": null,
    "current_balance": "0.00",
    "is_active": true,
    "created_at": "2026-05-26T14:01:57.612Z",
    "updated_at": "2026-05-26T14:01:57.612Z"
  }
},
{
  "model": "api.customer",
  "pk": 16,
  "fields": {
    "company": 1,
    "default_station": 4,
    "customer_number": "CUST-14",
    "display_name": "Aquaculture — Bulk Demo Pond 1",
    "first_name": "",
    "company_name": "",
    "email": "",
    "phone": "",
    "billing_address_line1": "",
    "billing_city": "",
    "billing_state": "",
    "billing_country": "",
    "bank_account_number": "",
    "bank_name": "",
    "bank_branch": "",
    "bank_routing_number": "",
    "opening_balance": "0.00",
    "opening_balance_date": null,
    "opening_balance_journal": null,
    "current_balance": "0.00",
    "is_active": true,
    "created_at": "2026-05-26T14:02:12.050Z",
    "updated_at": "2026-05-26T14:02:12.050Z"
  }
},
{
  "model": "api.customer",
  "pk": 17,
  "fields": {
    "company": 1,
    "default_station": 4,
    "customer_number": "CUST-15",
    "display_name": "Aquaculture — Bulk Demo Pond 2",
    "first_name": "",
    "company_name": "",
    "email": "",
    "phone": "",
    "billing_address_line1": "",
    "billing_city": "",
    "billing_state": "",
    "billing_country": "",
    "bank_account_number": "",
    "bank_name": "",
    "bank_branch": "",
    "bank_routing_number": "",
    "opening_balance": "0.00",
    "opening_balance_date": null,
    "opening_balance_journal": null,
    "current_balance": "0.00",
    "is_active": true,
    "created_at": "2026-05-26T14:02:12.063Z",
    "updated_at": "2026-05-26T14:02:12.063Z"
  }
},
{
  "model": "api.customer",
  "pk": 18,
  "fields": {
    "company": 1,
    "default_station": 4,
    "customer_number": "CUST-16",
    "display_name": "Aquaculture — Bulk Demo Pond 3",
    "first_name": "",
    "company_name": "",
    "email": "",
    "phone": "",
    "billing_address_line1": "",
    "billing_city": "",
    "billing_state": "",
    "billing_country": "",
    "bank_account_number": "",
    "bank_name": "",
    "bank_branch": "",
    "bank_routing_number": "",
    "opening_balance": "0.00",
    "opening_balance_date": null,
    "opening_balance_journal": null,
    "current_balance": "0.00",
    "is_active": true,
    "created_at": "2026-05-26T14:02:12.079Z",
    "updated_at": "2026-05-26T14:02:12.079Z"
  }
},
{
  "model": "api.customer",
  "pk": 19,
  "fields": {
    "company": 1,
    "default_station": 4,
    "customer_number": "CUST-17",
    "display_name": "Aquaculture — Bulk Demo Pond 4",
    "first_name": "",
    "company_name": "",
    "email": "",
    "phone": "",
    "billing_address_line1": "",
    "billing_city": "",
    "billing_state": "",
    "billing_country": "",
    "bank_account_number": "",
    "bank_name": "",
    "bank_branch": "",
    "bank_routing_number": "",
    "opening_balance": "0.00",
    "opening_balance_date": null,
    "opening_balance_journal": null,
    "current_balance": "0.00",
    "is_active": true,
    "created_at": "2026-05-26T14:02:12.096Z",
    "updated_at": "2026-05-26T14:02:12.096Z"
  }
},
{
  "model": "api.customer",
  "pk": 20,
  "fields": {
    "company": 1,
    "default_station": 4,
    "customer_number": "CUST-18",
    "display_name": "Aquaculture — Bulk Demo Pond 5",
    "first_name": "",
    "company_name": "",
    "email": "",
    "phone": "",
    "billing_address_line1": "",
    "billing_city": "",
    "billing_state": "",
    "billing_country": "",
    "bank_account_number": "",
    "bank_name": "",
    "bank_branch": "",
    "bank_routing_number": "",
    "opening_balance": "0.00",
    "opening_balance_date": null,
    "opening_balance_journal": null,
    "current_balance": "0.00",
    "is_active": true,
    "created_at": "2026-05-26T14:02:12.113Z",
    "updated_at": "2026-05-26T14:02:12.113Z"
  }
},
{
  "model": "api.customer",
  "pk": 21,
  "fields": {
    "company": 1,
    "default_station": null,
    "customer_number": "COMP-CUST-FUEL-01",
    "display_name": "Metro Transport Ltd",
    "first_name": "",
    "company_name": "Metro Transport Ltd",
    "email": "",
    "phone": "",
    "billing_address_line1": "",
    "billing_city": "",
    "billing_state": "",
    "billing_country": "",
    "bank_account_number": "",
    "bank_name": "",
    "bank_branch": "",
    "bank_routing_number": "",
    "opening_balance": "0.00",
    "opening_balance_date": null,
    "opening_balance_journal": null,
    "current_balance": "0.00",
    "is_active": true,
    "created_at": "2026-05-26T14:02:13.650Z",
    "updated_at": "2026-05-26T14:02:13.650Z"
  }
},
{
  "model": "api.customer",
  "pk": 22,
  "fields": {
    "company": 1,
    "default_station": null,
    "customer_number": "COMP-CUST-FUEL-02",
    "display_name": "Green Line Paribahan",
    "first_name": "",
    "company_name": "Green Line Paribahan",
    "email": "",
    "phone": "",
    "billing_address_line1": "",
    "billing_city": "",
    "billing_state": "",
    "billing_country": "",
    "bank_account_number": "",
    "bank_name": "",
    "bank_branch": "",
    "bank_routing_number": "",
    "opening_balance": "0.00",
    "opening_balance_date": null,
    "opening_balance_journal": null,
    "current_balance": "-700.00",
    "is_active": true,
    "created_at": "2026-05-26T14:02:13.663Z",
    "updated_at": "2026-05-26T14:02:13.663Z"
  }
},
{
  "model": "api.customer",
  "pk": 23,
  "fields": {
    "company": 1,
    "default_station": null,
    "customer_number": "COMP-CUST-AQ-01",
    "display_name": "Ashari Fish Traders",
    "first_name": "",
    "company_name": "Ashari Fish Traders",
    "email": "",
    "phone": "",
    "billing_address_line1": "",
    "billing_city": "",
    "billing_state": "",
    "billing_country": "",
    "bank_account_number": "",
    "bank_name": "",
    "bank_branch": "",
    "bank_routing_number": "",
    "opening_balance": "0.00",
    "opening_balance_date": null,
    "opening_balance_journal": null,
    "current_balance": "0.00",
    "is_active": true,
    "created_at": "2026-05-26T14:02:13.678Z",
    "updated_at": "2026-05-26T14:02:13.678Z"
  }
},
{
  "model": "api.customer",
  "pk": 24,
  "fields": {
    "company": 1,
    "default_station": null,
    "customer_number": "COMP-CUST-AQ-02",
    "display_name": "Dhaka Live Fish Market",
    "first_name": "",
    "company_name": "Dhaka Live Fish Market",
    "email": "",
    "phone": "",
    "billing_address_line1": "",
    "billing_city": "",
    "billing_state": "",
    "billing_country": "",
    "bank_account_number": "",
    "bank_name": "",
    "bank_branch": "",
    "bank_routing_number": "",
    "opening_balance": "0.00",
    "opening_balance_date": null,
    "opening_balance_journal": null,
    "current_balance": "0.00",
    "is_active": true,
    "created_at": "2026-05-26T14:02:13.689Z",
    "updated_at": "2026-05-26T14:02:13.689Z"
  }
},
{
  "model": "api.customer",
  "pk": 25,
  "fields": {
    "company": 1,
    "default_station": null,
    "customer_number": "COMP-CUST-SHOP-01",
    "display_name": "Walk-in Retail",
    "first_name": "",
    "company_name": "Walk-in Retail",
    "email": "",
    "phone": "",
    "billing_address_line1": "",
    "billing_city": "",
    "billing_state": "",
    "billing_country": "",
    "bank_account_number": "",
    "bank_name": "",
    "bank_branch": "",
    "bank_routing_number": "",
    "opening_balance": "0.00",
    "opening_balance_date": null,
    "opening_balance_journal": null,
    "current_balance": "0.00",
    "is_active": true,
    "created_at": "2026-05-26T14:02:13.698Z",
    "updated_at": "2026-05-26T14:02:13.698Z"
  }
},
{
  "model": "api.customer",
  "pk": 26,
  "fields": {
    "company": 1,
    "default_station": 4,
    "customer_number": "CUST-19",
    "display_name": "Aquaculture — Khalishpur Grow-A",
    "first_name": "",
    "company_name": "",
    "email": "",
    "phone": "",
    "billing_address_line1": "",
    "billing_city": "",
    "billing_state": "",
    "billing_country": "",
    "bank_account_number": "",
    "bank_name": "",
    "bank_branch": "",
    "bank_routing_number": "",
    "opening_balance": "0.00",
    "opening_balance_date": null,
    "opening_balance_journal": null,
    "current_balance": "0.00",
    "is_active": true,
    "created_at": "2026-05-28T09:56:47.651Z",
    "updated_at": "2026-05-28T09:56:47.651Z"
  }
},
{
  "model": "api.customer",
  "pk": 27,
  "fields": {
    "company": 1,
    "default_station": 4,
    "customer_number": "CUST-20",
    "display_name": "Aquaculture — Chalna Grow-B",
    "first_name": "",
    "company_name": "",
    "email": "",
    "phone": "",
    "billing_address_line1": "",
    "billing_city": "",
    "billing_state": "",
    "billing_country": "",
    "bank_account_number": "",
    "bank_name": "",
    "bank_branch": "",
    "bank_routing_number": "",
    "opening_balance": "0.00",
    "opening_balance_date": null,
    "opening_balance_journal": null,
    "current_balance": "0.00",
    "is_active": true,
    "created_at": "2026-05-28T09:56:47.692Z",
    "updated_at": "2026-05-28T09:56:47.692Z"
  }
},
{
  "model": "api.customer",
  "pk": 28,
  "fields": {
    "company": 1,
    "default_station": 4,
    "customer_number": "CUST-21",
    "display_name": "Aquaculture — Rupsha Nursery-C",
    "first_name": "",
    "company_name": "",
    "email": "",
    "phone": "",
    "billing_address_line1": "",
    "billing_city": "",
    "billing_state": "",
    "billing_country": "",
    "bank_account_number": "",
    "bank_name": "",
    "bank_branch": "",
    "bank_routing_number": "",
    "opening_balance": "0.00",
    "opening_balance_date": null,
    "opening_balance_journal": null,
    "current_balance": "0.00",
    "is_active": true,
    "created_at": "2026-05-28T09:56:47.743Z",
    "updated_at": "2026-05-28T09:56:47.743Z"
  }
},
{
  "model": "api.customer",
  "pk": 29,
  "fields": {
    "company": 1,
    "default_station": 4,
    "customer_number": "CUST-22",
    "display_name": "Aquaculture — Batiaghata Finisher-D",
    "first_name": "",
    "company_name": "",
    "email": "",
    "phone": "",
    "billing_address_line1": "",
    "billing_city": "",
    "billing_state": "",
    "billing_country": "",
    "bank_account_number": "",
    "bank_name": "",
    "bank_branch": "",
    "bank_routing_number": "",
    "opening_balance": "0.00",
    "opening_balance_date": null,
    "opening_balance_journal": null,
    "current_balance": "0.00",
    "is_active": true,
    "created_at": "2026-05-28T09:56:47.798Z",
    "updated_at": "2026-05-28T09:56:47.798Z"
  }
},
{
  "model": "api.vendor",
  "pk": 1,
  "fields": {
    "company": 1,
    "default_station": 4,
    "default_aquaculture_pond": null,
    "default_expense_account": null,
    "vendor_number": "BULK-VEND-01",
    "company_name": "CP Bangladesh Limited",
    "display_name": "CP Bangladesh Limited",
    "contact_person": "AP Desk",
    "email": "bulk-vend-1@demo.local",
    "phone": "+880-2-9000001",
    "billing_address_line1": "Demo Industrial Block 1, Dhaka",
    "bank_account_number": "",
    "bank_name": "",
    "bank_branch": "",
    "bank_routing_number": "",
    "opening_balance": "0.00",
    "opening_balance_date": "2026-05-07",
    "opening_balance_journal": null,
    "current_balance": "2964000.00",
    "is_active": true,
    "created_at": "2026-05-06T12:05:20.507Z",
    "updated_at": "2026-05-08T19:06:46.174Z"
  }
},
{
  "model": "api.vendor",
  "pk": 2,
  "fields": {
    "company": 1,
    "default_station": 4,
    "default_aquaculture_pond": null,
    "default_expense_account": null,
    "vendor_number": "BULK-VEND-02",
    "company_name": "FishTech",
    "display_name": "FishTech",
    "contact_person": "AP Desk",
    "email": "bulk-vend-2@demo.local",
    "phone": "+880-2-9000002",
    "billing_address_line1": "Tejgao Industrial Block 2, Dhaka",
    "bank_account_number": "",
    "bank_name": "",
    "bank_branch": "",
    "bank_routing_number": "",
    "opening_balance": "0.00",
    "opening_balance_date": "2026-05-08",
    "opening_balance_journal": null,
    "current_balance": "60000.00",
    "is_active": true,
    "created_at": "2026-05-06T12:05:20.521Z",
    "updated_at": "2026-05-08T19:06:56.436Z"
  }
},
{
  "model": "api.vendor",
  "pk": 3,
  "fields": {
    "company": 1,
    "default_station": 1,
    "default_aquaculture_pond": null,
    "default_expense_account": null,
    "vendor_number": "BULK-VEND-03",
    "company_name": "New Hope Bangladesh Ltd",
    "display_name": "New Hope Bangladesh Ltd",
    "contact_person": "AP Desk",
    "email": "bulk-vend-3@demo.local",
    "phone": "+880-2-9000003",
    "billing_address_line1": "Demo Industrial Block 3, Dhaka",
    "bank_account_number": "",
    "bank_name": "",
    "bank_branch": "",
    "bank_routing_number": "",
    "opening_balance": "0.00",
    "opening_balance_date": "2026-05-09",
    "opening_balance_journal": null,
    "current_balance": "0.00",
    "is_active": true,
    "created_at": "2026-05-06T12:05:20.537Z",
    "updated_at": "2026-05-09T00:17:59.210Z"
  }
},
{
  "model": "api.vendor",
  "pk": 4,
  "fields": {
    "company": 1,
    "default_station": 1,
    "default_aquaculture_pond": null,
    "default_expense_account": null,
    "vendor_number": "BULK-VEND-04",
    "company_name": "Heide Feed ltd",
    "display_name": "Heide Feed ltd",
    "contact_person": "AP Desk",
    "email": "bulk-vend-4@demo.local",
    "phone": "+880-2-9000004",
    "billing_address_line1": "Demo Industrial Block 4, Dhaka",
    "bank_account_number": "",
    "bank_name": "",
    "bank_branch": "",
    "bank_routing_number": "",
    "opening_balance": "0.00",
    "opening_balance_date": "2026-05-09",
    "opening_balance_journal": null,
    "current_balance": "0.00",
    "is_active": true,
    "created_at": "2026-05-06T12:05:20.551Z",
    "updated_at": "2026-05-09T00:18:38.834Z"
  }
},
{
  "model": "api.vendor",
  "pk": 5,
  "fields": {
    "company": 1,
    "default_station": 1,
    "default_aquaculture_pond": null,
    "default_expense_account": null,
    "vendor_number": "BULK-VEND-05",
    "company_name": "Nourish Feed Ltd",
    "display_name": "Nourish Feed Ltd",
    "contact_person": "AP Desk",
    "email": "bulk-vend-5@demo.local",
    "phone": "+880-2-9000005",
    "billing_address_line1": "Demo Industrial Block 5, Dhaka",
    "bank_account_number": "",
    "bank_name": "",
    "bank_branch": "",
    "bank_routing_number": "",
    "opening_balance": "0.00",
    "opening_balance_date": "2026-05-09",
    "opening_balance_journal": null,
    "current_balance": "0.00",
    "is_active": true,
    "created_at": "2026-05-06T12:05:20.564Z",
    "updated_at": "2026-05-09T00:19:10.450Z"
  }
},
{
  "model": "api.vendor",
  "pk": 6,
  "fields": {
    "company": 1,
    "default_station": null,
    "default_aquaculture_pond": 19,
    "default_expense_account": null,
    "vendor_number": "VND-1",
    "company_name": "Quality Feed Ltd",
    "display_name": "Quality Feed Ltd",
    "contact_person": "Jahirul Amin",
    "email": "",
    "phone": "",
    "billing_address_line1": "",
    "bank_account_number": "",
    "bank_name": "",
    "bank_branch": "",
    "bank_routing_number": "",
    "opening_balance": "0.00",
    "opening_balance_date": "2026-05-09",
    "opening_balance_journal": null,
    "current_balance": "0.00",
    "is_active": true,
    "created_at": "2026-05-09T00:31:28.224Z",
    "updated_at": "2026-05-09T01:22:38.151Z"
  }
},
{
  "model": "api.vendor",
  "pk": 7,
  "fields": {
    "company": 1,
    "default_station": null,
    "default_aquaculture_pond": null,
    "default_expense_account": null,
    "vendor_number": "VND-2",
    "company_name": "Gazipur Supplies",
    "display_name": "Gazipur Supplies",
    "contact_person": "Hasibul Hassan",
    "email": "Hasibul@gmail.com",
    "phone": "+8801615778792",
    "billing_address_line1": "Gazipur",
    "bank_account_number": "",
    "bank_name": "",
    "bank_branch": "",
    "bank_routing_number": "",
    "opening_balance": "0.00",
    "opening_balance_date": "2026-05-16",
    "opening_balance_journal": null,
    "current_balance": "75000.00",
    "is_active": true,
    "created_at": "2026-05-16T13:39:22.446Z",
    "updated_at": "2026-05-16T13:39:22.446Z"
  }
},
{
  "model": "api.vendor",
  "pk": 8,
  "fields": {
    "company": 1,
    "default_station": null,
    "default_aquaculture_pond": null,
    "default_expense_account": null,
    "vendor_number": "VND-3",
    "company_name": "Local Supply",
    "display_name": "Local Supply",
    "contact_person": "",
    "email": "",
    "phone": "",
    "billing_address_line1": "",
    "bank_account_number": "",
    "bank_name": "",
    "bank_branch": "",
    "bank_routing_number": "",
    "opening_balance": "0.00",
    "opening_balance_date": "2026-05-16",
    "opening_balance_journal": null,
    "current_balance": "100000.00",
    "is_active": true,
    "created_at": "2026-05-16T20:25:11.496Z",
    "updated_at": "2026-05-16T20:25:11.496Z"
  }
},
{
  "model": "api.vendor",
  "pk": 9,
  "fields": {
    "company": 1,
    "default_station": null,
    "default_aquaculture_pond": null,
    "default_expense_account": 63,
    "vendor_number": "VND-4",
    "company_name": "Palli Bidyut",
    "display_name": "Palli Bidyut",
    "contact_person": "",
    "email": "",
    "phone": "",
    "billing_address_line1": "",
    "bank_account_number": "",
    "bank_name": "",
    "bank_branch": "",
    "bank_routing_number": "",
    "opening_balance": "0.00",
    "opening_balance_date": "2026-05-18",
    "opening_balance_journal": null,
    "current_balance": "0.00",
    "is_active": true,
    "created_at": "2026-05-18T23:05:53.200Z",
    "updated_at": "2026-05-18T23:05:53.200Z"
  }
},
{
  "model": "api.vendor",
  "pk": 10,
  "fields": {
    "company": 1,
    "default_station": null,
    "default_aquaculture_pond": null,
    "default_expense_account": null,
    "vendor_number": "VND-DEMO-01",
    "company_name": "Bangladesh Petroleum Logistics Ltd",
    "display_name": "BPL Logistics",
    "contact_person": "Procurement Desk",
    "email": "procurement@bpl-demo.local",
    "phone": "+880-2-5500100",
    "billing_address_line1": "Tejgaon Industrial Area, Dhaka",
    "bank_account_number": "",
    "bank_name": "",
    "bank_branch": "",
    "bank_routing_number": "",
    "opening_balance": "0.00",
    "opening_balance_date": null,
    "opening_balance_journal": null,
    "current_balance": "0.00",
    "is_active": true,
    "created_at": "2026-05-26T14:01:57.112Z",
    "updated_at": "2026-05-26T14:01:57.112Z"
  }
},
{
  "model": "api.vendor",
  "pk": 11,
  "fields": {
    "company": 1,
    "default_station": null,
    "default_aquaculture_pond": null,
    "default_expense_account": null,
    "vendor_number": "VND-DEMO-02",
    "company_name": "National Lubricants Distributors",
    "display_name": "National Lubricants",
    "contact_person": "Sales",
    "email": "sales@natlube-demo.local",
    "phone": "+880-171-1002000",
    "billing_address_line1": "Motijheel C/A, Dhaka",
    "bank_account_number": "",
    "bank_name": "",
    "bank_branch": "",
    "bank_routing_number": "",
    "opening_balance": "0.00",
    "opening_balance_date": null,
    "opening_balance_journal": null,
    "current_balance": "0.00",
    "is_active": true,
    "created_at": "2026-05-26T14:01:57.116Z",
    "updated_at": "2026-05-26T14:01:57.116Z"
  }
},
{
  "model": "api.vendor",
  "pk": 12,
  "fields": {
    "company": 1,
    "default_station": null,
    "default_aquaculture_pond": null,
    "default_expense_account": null,
    "vendor_number": "VND-DEMO-03",
    "company_name": "City C-Store Wholesale",
    "display_name": "City Wholesale",
    "contact_person": "Warehouse",
    "email": "orders@citywholesale-demo.local",
    "phone": "+880-181-2003000",
    "billing_address_line1": "Ashulia, Gazipur",
    "bank_account_number": "",
    "bank_name": "",
    "bank_branch": "",
    "bank_routing_number": "",
    "opening_balance": "0.00",
    "opening_balance_date": null,
    "opening_balance_journal": null,
    "current_balance": "0.00",
    "is_active": true,
    "created_at": "2026-05-26T14:01:57.129Z",
    "updated_at": "2026-05-26T14:01:57.129Z"
  }
},
{
  "model": "api.vendor",
  "pk": 13,
  "fields": {
    "company": 1,
    "default_station": null,
    "default_aquaculture_pond": null,
    "default_expense_account": null,
    "vendor_number": "VND-DEMO-04",
    "company_name": "PowerGrid Utilities Co.",
    "display_name": "PowerGrid",
    "contact_person": "Accounts",
    "email": "ap@powergrid-demo.local",
    "phone": "+880-2-9334400",
    "billing_address_line1": "WASA Road, Dhaka",
    "bank_account_number": "",
    "bank_name": "",
    "bank_branch": "",
    "bank_routing_number": "",
    "opening_balance": "0.00",
    "opening_balance_date": null,
    "opening_balance_journal": null,
    "current_balance": "0.00",
    "is_active": true,
    "created_at": "2026-05-26T14:01:57.146Z",
    "updated_at": "2026-05-26T14:01:57.146Z"
  }
},
{
  "model": "api.vendor",
  "pk": 14,
  "fields": {
    "company": 1,
    "default_station": null,
    "default_aquaculture_pond": null,
    "default_expense_account": null,
    "vendor_number": "COMP-VND-FEED",
    "company_name": "National Fish Feed Ltd",
    "display_name": "National Fish Feed Ltd",
    "contact_person": "",
    "email": "",
    "phone": "",
    "billing_address_line1": "",
    "bank_account_number": "",
    "bank_name": "",
    "bank_branch": "",
    "bank_routing_number": "",
    "opening_balance": "0.00",
    "opening_balance_date": null,
    "opening_balance_journal": null,
    "current_balance": "151000.00",
    "is_active": true,
    "created_at": "2026-05-26T14:02:13.710Z",
    "updated_at": "2026-05-26T14:02:13.710Z"
  }
},
{
  "model": "api.vendor",
  "pk": 15,
  "fields": {
    "company": 1,
    "default_station": null,
    "default_aquaculture_pond": null,
    "default_expense_account": null,
    "vendor_number": "COMP-VND-FRY",
    "company_name": "Southeast Hatchery Co.",
    "display_name": "Southeast Hatchery Co.",
    "contact_person": "",
    "email": "",
    "phone": "",
    "billing_address_line1": "",
    "bank_account_number": "",
    "bank_name": "",
    "bank_branch": "",
    "bank_routing_number": "",
    "opening_balance": "0.00",
    "opening_balance_date": null,
    "opening_balance_journal": null,
    "current_balance": "0.00",
    "is_active": true,
    "created_at": "2026-05-26T14:02:13.716Z",
    "updated_at": "2026-05-26T14:02:13.716Z"
  }
},
{
  "model": "api.vendor",
  "pk": 16,
  "fields": {
    "company": 1,
    "default_station": null,
    "default_aquaculture_pond": null,
    "default_expense_account": null,
    "vendor_number": "COMP-VND-MED",
    "company_name": "Aqua Pharma Distributors",
    "display_name": "Aqua Pharma Distributors",
    "contact_person": "",
    "email": "",
    "phone": "",
    "billing_address_line1": "",
    "bank_account_number": "",
    "bank_name": "",
    "bank_branch": "",
    "bank_routing_number": "",
    "opening_balance": "0.00",
    "opening_balance_date": null,
    "opening_balance_journal": null,
    "current_balance": "0.00",
    "is_active": true,
    "created_at": "2026-05-26T14:02:13.730Z",
    "updated_at": "2026-05-26T14:02:13.730Z"
  }
},
{
  "model": "api.vendor",
  "pk": 17,
  "fields": {
    "company": 1,
    "default_station": null,
    "default_aquaculture_pond": null,
    "default_expense_account": null,
    "vendor_number": "COMP-VND-LAND",
    "company_name": "Mynuddin Family Estate",
    "display_name": "Mynuddin Family Estate",
    "contact_person": "",
    "email": "",
    "phone": "",
    "billing_address_line1": "",
    "bank_account_number": "",
    "bank_name": "",
    "bank_branch": "",
    "bank_routing_number": "",
    "opening_balance": "0.00",
    "opening_balance_date": null,
    "opening_balance_journal": null,
    "current_balance": "0.00",
    "is_active": true,
    "created_at": "2026-05-26T14:02:13.733Z",
    "updated_at": "2026-05-26T14:02:13.733Z"
  }
},
{
  "model": "api.vendor",
  "pk": 18,
  "fields": {
    "company": 1,
    "default_station": 4,
    "default_aquaculture_pond": null,
    "default_expense_account": 80,
    "vendor_number": "VND-5",
    "company_name": "Sumon Traders",
    "display_name": "Sumon Traders",
    "contact_person": "Shahin Khan",
    "email": "",
    "phone": "",
    "billing_address_line1": "",
    "bank_account_number": "",
    "bank_name": "",
    "bank_branch": "",
    "bank_routing_number": "",
    "opening_balance": "0.00",
    "opening_balance_date": "2026-05-01",
    "opening_balance_journal": null,
    "current_balance": "3258000.00",
    "is_active": true,
    "created_at": "2026-05-29T16:45:53.150Z",
    "updated_at": "2026-05-29T16:45:53.150Z"
  }
},
{
  "model": "api.employee",
  "pk": 1,
  "fields": {
    "company": 1,
    "home_station": null,
    "home_aquaculture_pond": null,
    "aquaculture_labor_scope": "all_ponds_equal",
    "employee_number": "EMP-00001",
    "employee_code": "EMP-00001",
    "first_name": "Yunus",
    "last_name": "Khan",
    "email": "yunuskhan@gmail.com",
    "phone": "+880178546780",
    "job_title": "Pond Manager",
    "department": "Maintenance",
    "hire_date": "2025-06-15",
    "salary": "20000.00",
    "opening_balance": "0.00",
    "opening_balance_date": null,
    "opening_balance_journal": null,
    "current_balance": "0.01",
    "is_active": true,
    "created_at": "2026-05-14T17:41:13.549Z",
    "updated_at": "2026-05-19T14:19:45.882Z"
  }
},
{
  "model": "api.employee",
  "pk": 2,
  "fields": {
    "company": 1,
    "home_station": 4,
    "home_aquaculture_pond": 2,
    "aquaculture_labor_scope": "assigned_pond",
    "employee_number": "EMP-00002",
    "employee_code": "EMP-00002",
    "first_name": "Baro",
    "last_name": "Babu",
    "email": "barobabu@gmailcom",
    "phone": "+8801675342763",
    "job_title": "Operator",
    "department": "Aquaculture",
    "hire_date": "2025-01-01",
    "salary": "14000.00",
    "opening_balance": "0.00",
    "opening_balance_date": "2026-05-22",
    "opening_balance_journal": null,
    "current_balance": "-0.01",
    "is_active": true,
    "created_at": "2026-05-22T10:53:34.370Z",
    "updated_at": "2026-05-22T10:55:18.655Z"
  }
},
{
  "model": "api.employee",
  "pk": 3,
  "fields": {
    "company": 1,
    "home_station": null,
    "home_aquaculture_pond": null,
    "aquaculture_labor_scope": "not_applicable",
    "employee_number": "EMP-001",
    "employee_code": "EMP-001",
    "first_name": "Karim",
    "last_name": "Hossain",
    "email": "karim.h@masterfs-demo.local",
    "phone": "+880-171-1000001",
    "job_title": "Station Manager",
    "department": "Operations",
    "hire_date": "2022-03-01",
    "salary": "85000.00",
    "opening_balance": "0.00",
    "opening_balance_date": null,
    "opening_balance_journal": null,
    "current_balance": "0.00",
    "is_active": true,
    "created_at": "2026-05-26T14:01:57.500Z",
    "updated_at": "2026-05-26T14:01:57.500Z"
  }
},
{
  "model": "api.employee",
  "pk": 4,
  "fields": {
    "company": 1,
    "home_station": null,
    "home_aquaculture_pond": null,
    "aquaculture_labor_scope": "not_applicable",
    "employee_number": "EMP-002",
    "employee_code": "EMP-002",
    "first_name": "Nasrin",
    "last_name": "Akter",
    "email": "nasrin.a@masterfs-demo.local",
    "phone": "+880-181-2000002",
    "job_title": "Head Cashier",
    "department": "Front Office",
    "hire_date": "2022-06-15",
    "salary": "42000.00",
    "opening_balance": "0.00",
    "opening_balance_date": null,
    "opening_balance_journal": null,
    "current_balance": "-0.01",
    "is_active": true,
    "created_at": "2026-05-26T14:01:57.512Z",
    "updated_at": "2026-05-26T14:01:57.512Z"
  }
},
{
  "model": "api.employee",
  "pk": 5,
  "fields": {
    "company": 1,
    "home_station": null,
    "home_aquaculture_pond": null,
    "aquaculture_labor_scope": "not_applicable",
    "employee_number": "EMP-003",
    "employee_code": "EMP-003",
    "first_name": "Rafiq",
    "last_name": "Islam",
    "email": "rafiq.i@masterfs-demo.local",
    "phone": "+880-191-3000003",
    "job_title": "Pump Attendant",
    "department": "Forecourt",
    "hire_date": "2023-01-10",
    "salary": "28000.00",
    "opening_balance": "0.00",
    "opening_balance_date": null,
    "opening_balance_journal": null,
    "current_balance": "0.00",
    "is_active": true,
    "created_at": "2026-05-26T14:01:57.522Z",
    "updated_at": "2026-05-26T14:01:57.522Z"
  }
},
{
  "model": "api.employee",
  "pk": 6,
  "fields": {
    "company": 1,
    "home_station": null,
    "home_aquaculture_pond": null,
    "aquaculture_labor_scope": "not_applicable",
    "employee_number": "EMP-004",
    "employee_code": "EMP-004",
    "first_name": "Shila",
    "last_name": "Begum",
    "email": "shila.b@masterfs-demo.local",
    "phone": "+880-161-4000004",
    "job_title": "Inventory Clerk",
    "department": "Shop",
    "hire_date": "2023-08-01",
    "salary": "35000.00",
    "opening_balance": "0.00",
    "opening_balance_date": null,
    "opening_balance_journal": null,
    "current_balance": "0.00",
    "is_active": true,
    "created_at": "2026-05-26T14:01:57.530Z",
    "updated_at": "2026-05-26T14:01:57.530Z"
  }
},
{
  "model": "api.employee",
  "pk": 7,
  "fields": {
    "company": 1,
    "home_station": null,
    "home_aquaculture_pond": null,
    "aquaculture_labor_scope": "not_applicable",
    "employee_number": "EMP-005",
    "employee_code": "EMP-005",
    "first_name": "Jamal",
    "last_name": "Uddin",
    "email": "jamal.u@masterfs-demo.local",
    "phone": "+880-151-5000005",
    "job_title": "Night Supervisor",
    "department": "Operations",
    "hire_date": "2024-02-20",
    "salary": "48000.00",
    "opening_balance": "0.00",
    "opening_balance_date": null,
    "opening_balance_journal": null,
    "current_balance": "0.01",
    "is_active": true,
    "created_at": "2026-05-26T14:01:57.548Z",
    "updated_at": "2026-05-26T14:01:57.548Z"
  }
},
{
  "model": "api.employeeledgerentry",
  "pk": 1,
  "fields": {
    "employee": 1,
    "payroll_run": 4,
    "entry_date": "2026-05-14",
    "entry_type": "payroll",
    "reference": "AUTO-PR4-E1-G",
    "memo": "Gross pay — PR-00004",
    "debit": "20000.00",
    "credit": "0.00",
    "created_at": "2026-05-14T19:04:28.138Z"
  }
},
{
  "model": "api.employeeledgerentry",
  "pk": 2,
  "fields": {
    "employee": 1,
    "payroll_run": 4,
    "entry_date": "2026-05-14",
    "entry_type": "payroll",
    "reference": "AUTO-PR4-E1-N",
    "memo": "Net pay — PR-00004",
    "debit": "0.00",
    "credit": "20000.00",
    "created_at": "2026-05-14T19:04:28.176Z"
  }
},
{
  "model": "api.employeeledgerentry",
  "pk": 24,
  "fields": {
    "employee": 1,
    "payroll_run": 6,
    "entry_date": "2026-05-23",
    "entry_type": "payroll",
    "reference": "AUTO-PR6-E1-G",
    "memo": "Gross pay — COMP-DEMO-PAY-001",
    "debit": "13897.06",
    "credit": "0.00",
    "created_at": "2026-05-26T14:14:41.521Z"
  }
},
{
  "model": "api.employeeledgerentry",
  "pk": 25,
  "fields": {
    "employee": 1,
    "payroll_run": 6,
    "entry_date": "2026-05-23",
    "entry_type": "payroll",
    "reference": "AUTO-PR6-E1-D",
    "memo": "Deductions / withholdings — COMP-DEMO-PAY-001",
    "debit": "0.00",
    "credit": "972.79",
    "created_at": "2026-05-26T14:14:41.538Z"
  }
},
{
  "model": "api.employeeledgerentry",
  "pk": 26,
  "fields": {
    "employee": 1,
    "payroll_run": 6,
    "entry_date": "2026-05-23",
    "entry_type": "payroll",
    "reference": "AUTO-PR6-E1-N",
    "memo": "Net pay — COMP-DEMO-PAY-001",
    "debit": "0.00",
    "credit": "12924.26",
    "created_at": "2026-05-26T14:14:41.538Z"
  }
},
{
  "model": "api.employeeledgerentry",
  "pk": 27,
  "fields": {
    "employee": 2,
    "payroll_run": 6,
    "entry_date": "2026-05-23",
    "entry_type": "payroll",
    "reference": "AUTO-PR6-E2-G",
    "memo": "Gross pay — COMP-DEMO-PAY-001",
    "debit": "9727.94",
    "credit": "0.00",
    "created_at": "2026-05-26T14:14:41.555Z"
  }
},
{
  "model": "api.employeeledgerentry",
  "pk": 28,
  "fields": {
    "employee": 2,
    "payroll_run": 6,
    "entry_date": "2026-05-23",
    "entry_type": "payroll",
    "reference": "AUTO-PR6-E2-D",
    "memo": "Deductions / withholdings — COMP-DEMO-PAY-001",
    "debit": "0.00",
    "credit": "680.96",
    "created_at": "2026-05-26T14:14:41.571Z"
  }
},
{
  "model": "api.employeeledgerentry",
  "pk": 29,
  "fields": {
    "employee": 2,
    "payroll_run": 6,
    "entry_date": "2026-05-23",
    "entry_type": "payroll",
    "reference": "AUTO-PR6-E2-N",
    "memo": "Net pay — COMP-DEMO-PAY-001",
    "debit": "0.00",
    "credit": "9046.99",
    "created_at": "2026-05-26T14:14:41.571Z"
  }
},
{
  "model": "api.employeeledgerentry",
  "pk": 30,
  "fields": {
    "employee": 3,
    "payroll_run": 6,
    "entry_date": "2026-05-23",
    "entry_type": "payroll",
    "reference": "AUTO-PR6-E3-G",
    "memo": "Gross pay — COMP-DEMO-PAY-001",
    "debit": "59062.50",
    "credit": "0.00",
    "created_at": "2026-05-26T14:14:41.588Z"
  }
},
{
  "model": "api.employeeledgerentry",
  "pk": 31,
  "fields": {
    "employee": 3,
    "payroll_run": 6,
    "entry_date": "2026-05-23",
    "entry_type": "payroll",
    "reference": "AUTO-PR6-E3-D",
    "memo": "Deductions / withholdings — COMP-DEMO-PAY-001",
    "debit": "0.00",
    "credit": "4134.38",
    "created_at": "2026-05-26T14:14:41.605Z"
  }
},
{
  "model": "api.employeeledgerentry",
  "pk": 32,
  "fields": {
    "employee": 3,
    "payroll_run": 6,
    "entry_date": "2026-05-23",
    "entry_type": "payroll",
    "reference": "AUTO-PR6-E3-N",
    "memo": "Net pay — COMP-DEMO-PAY-001",
    "debit": "0.00",
    "credit": "54928.12",
    "created_at": "2026-05-26T14:14:41.605Z"
  }
},
{
  "model": "api.employeeledgerentry",
  "pk": 33,
  "fields": {
    "employee": 4,
    "payroll_run": 6,
    "entry_date": "2026-05-23",
    "entry_type": "payroll",
    "reference": "AUTO-PR6-E4-G",
    "memo": "Gross pay — COMP-DEMO-PAY-001",
    "debit": "29183.82",
    "credit": "0.00",
    "created_at": "2026-05-26T14:14:41.622Z"
  }
},
{
  "model": "api.employeeledgerentry",
  "pk": 34,
  "fields": {
    "employee": 4,
    "payroll_run": 6,
    "entry_date": "2026-05-23",
    "entry_type": "payroll",
    "reference": "AUTO-PR6-E4-D",
    "memo": "Deductions / withholdings — COMP-DEMO-PAY-001",
    "debit": "0.00",
    "credit": "2042.87",
    "created_at": "2026-05-26T14:14:41.638Z"
  }
},
{
  "model": "api.employeeledgerentry",
  "pk": 35,
  "fields": {
    "employee": 4,
    "payroll_run": 6,
    "entry_date": "2026-05-23",
    "entry_type": "payroll",
    "reference": "AUTO-PR6-E4-N",
    "memo": "Net pay — COMP-DEMO-PAY-001",
    "debit": "0.00",
    "credit": "27140.96",
    "created_at": "2026-05-26T14:14:41.638Z"
  }
},
{
  "model": "api.employeeledgerentry",
  "pk": 36,
  "fields": {
    "employee": 5,
    "payroll_run": 6,
    "entry_date": "2026-05-23",
    "entry_type": "payroll",
    "reference": "AUTO-PR6-E5-G",
    "memo": "Gross pay — COMP-DEMO-PAY-001",
    "debit": "19455.88",
    "credit": "0.00",
    "created_at": "2026-05-26T14:14:41.655Z"
  }
},
{
  "model": "api.employeeledgerentry",
  "pk": 37,
  "fields": {
    "employee": 5,
    "payroll_run": 6,
    "entry_date": "2026-05-23",
    "entry_type": "payroll",
    "reference": "AUTO-PR6-E5-D",
    "memo": "Deductions / withholdings — COMP-DEMO-PAY-001",
    "debit": "0.00",
    "credit": "1361.91",
    "created_at": "2026-05-26T14:14:41.672Z"
  }
},
{
  "model": "api.employeeledgerentry",
  "pk": 38,
  "fields": {
    "employee": 5,
    "payroll_run": 6,
    "entry_date": "2026-05-23",
    "entry_type": "payroll",
    "reference": "AUTO-PR6-E5-N",
    "memo": "Net pay — COMP-DEMO-PAY-001",
    "debit": "0.00",
    "credit": "18093.97",
    "created_at": "2026-05-26T14:14:41.672Z"
  }
},
{
  "model": "api.employeeledgerentry",
  "pk": 39,
  "fields": {
    "employee": 6,
    "payroll_run": 6,
    "entry_date": "2026-05-23",
    "entry_type": "payroll",
    "reference": "AUTO-PR6-E6-G",
    "memo": "Gross pay — COMP-DEMO-PAY-001",
    "debit": "24319.85",
    "credit": "0.00",
    "created_at": "2026-05-26T14:14:41.688Z"
  }
},
{
  "model": "api.employeeledgerentry",
  "pk": 40,
  "fields": {
    "employee": 6,
    "payroll_run": 6,
    "entry_date": "2026-05-23",
    "entry_type": "payroll",
    "reference": "AUTO-PR6-E6-D",
    "memo": "Deductions / withholdings — COMP-DEMO-PAY-001",
    "debit": "0.00",
    "credit": "1702.39",
    "created_at": "2026-05-26T14:14:41.705Z"
  }
},
{
  "model": "api.employeeledgerentry",
  "pk": 41,
  "fields": {
    "employee": 6,
    "payroll_run": 6,
    "entry_date": "2026-05-23",
    "entry_type": "payroll",
    "reference": "AUTO-PR6-E6-N",
    "memo": "Net pay — COMP-DEMO-PAY-001",
    "debit": "0.00",
    "credit": "22617.46",
    "created_at": "2026-05-26T14:14:41.705Z"
  }
},
{
  "model": "api.employeeledgerentry",
  "pk": 42,
  "fields": {
    "employee": 7,
    "payroll_run": 6,
    "entry_date": "2026-05-23",
    "entry_type": "payroll",
    "reference": "AUTO-PR6-E7-G",
    "memo": "Gross pay — COMP-DEMO-PAY-001",
    "debit": "33352.95",
    "credit": "0.00",
    "created_at": "2026-05-26T14:14:41.722Z"
  }
},
{
  "model": "api.employeeledgerentry",
  "pk": 43,
  "fields": {
    "employee": 7,
    "payroll_run": 6,
    "entry_date": "2026-05-23",
    "entry_type": "payroll",
    "reference": "AUTO-PR6-E7-D",
    "memo": "Deductions / withholdings — COMP-DEMO-PAY-001",
    "debit": "0.00",
    "credit": "2334.70",
    "created_at": "2026-05-26T14:14:41.738Z"
  }
},
{
  "model": "api.employeeledgerentry",
  "pk": 44,
  "fields": {
    "employee": 7,
    "payroll_run": 6,
    "entry_date": "2026-05-23",
    "entry_type": "payroll",
    "reference": "AUTO-PR6-E7-N",
    "memo": "Net pay — COMP-DEMO-PAY-001",
    "debit": "0.00",
    "credit": "31018.24",
    "created_at": "2026-05-26T14:14:41.749Z"
  }
},
{
  "model": "api.payrollrun",
  "pk": 4,
  "fields": {
    "company": 1,
    "station": null,
    "subledger_employee": null,
    "payroll_number": "PR-00004",
    "pay_period_start": "2026-04-01",
    "pay_period_end": "2026-04-30",
    "payment_date": "2026-05-14",
    "base_salary_total": "20000.00",
    "overtime_amount": "0.00",
    "bonus_amount": "0.00",
    "other_earnings_amount": "0.00",
    "total_gross": "20000.00",
    "total_deductions": "0.00",
    "total_net": "20000.00",
    "salary_expense_account": null,
    "status": "paid",
    "notes": "",
    "salary_journal": 20,
    "created_at": "2026-05-14T17:27:56.457Z",
    "updated_at": "2026-05-14T18:18:56.637Z"
  }
},
{
  "model": "api.payrollrun",
  "pk": 5,
  "fields": {
    "company": 1,
    "station": null,
    "subledger_employee": null,
    "payroll_number": "DASH-DEMO-001",
    "pay_period_start": "2026-05-01",
    "pay_period_end": "2026-05-25",
    "payment_date": "2026-05-25",
    "base_salary_total": "0.00",
    "overtime_amount": "0.00",
    "bonus_amount": "0.00",
    "other_earnings_amount": "0.00",
    "total_gross": "78000.00",
    "total_deductions": "5500.00",
    "total_net": "72500.00",
    "salary_expense_account": null,
    "status": "draft",
    "notes": "[DASHBOARD-DEMO] Pond labour allocation demo.",
    "salary_journal": null,
    "created_at": "2026-05-26T14:02:12.772Z",
    "updated_at": "2026-05-26T14:02:12.772Z"
  }
},
{
  "model": "api.payrollrun",
  "pk": 6,
  "fields": {
    "company": 1,
    "station": 1,
    "subledger_employee": null,
    "payroll_number": "COMP-DEMO-PAY-001",
    "pay_period_start": "2026-04-01",
    "pay_period_end": "2026-04-30",
    "payment_date": "2026-05-23",
    "base_salary_total": "0.00",
    "overtime_amount": "0.00",
    "bonus_amount": "0.00",
    "other_earnings_amount": "0.00",
    "total_gross": "189000.00",
    "total_deductions": "13230.00",
    "total_net": "175770.00",
    "salary_expense_account": null,
    "status": "paid",
    "notes": "[COMP-DEMO] Monthly payroll sample",
    "salary_journal": 71,
    "created_at": "2026-05-26T14:02:14.239Z",
    "updated_at": "2026-05-26T14:02:14.239Z"
  }
},
{
  "model": "api.chartofaccount",
  "pk": 1,
  "fields": {
    "company": 1,
    "account_code": "1010",
    "account_name": "Cash on Hand — Station Tills",
    "account_type": "asset",
    "account_sub_type": "cash_on_hand",
    "description": "Physical cash in registers and safes.\n\nFSERP / system use: Default cash side for paid POS invoices and similar flows; also used for Payments received when 1020 is not in the chart.",
    "parent": null,
    "opening_balance": "0.00",
    "opening_balance_date": "2026-05-05",
    "is_active": true,
    "created_at": "2026-05-05T13:27:31.111Z",
    "updated_at": "2026-05-05T13:27:31.111Z"
  }
},
{
  "model": "api.chartofaccount",
  "pk": 2,
  "fields": {
    "company": 1,
    "account_code": "1020",
    "account_name": "Cash Clearing — Undeposited",
    "account_type": "asset",
    "account_sub_type": "other_current_asset",
    "description": "Cash receipts not yet deposited to bank.\n\nFSERP / system use: Undeposited funds — preferred debit for Payments received when no bank register is selected (both 1010 and 1020 present); batch deposits move from here into the bank GL.",
    "parent": null,
    "opening_balance": "0.00",
    "opening_balance_date": "2026-05-05",
    "is_active": true,
    "created_at": "2026-05-05T13:27:31.122Z",
    "updated_at": "2026-05-05T13:27:31.123Z"
  }
},
{
  "model": "api.chartofaccount",
  "pk": 3,
  "fields": {
    "company": 1,
    "account_code": "1030",
    "account_name": "Bank — Operating Account",
    "account_type": "asset",
    "account_sub_type": "checking",
    "description": "Primary operating bank account.\n\nFSERP / system use: Operating bank GL; payments received/made and bank-linked transfers when no per-bank GL is set. Owner cash contributions: debit 1030, credit 3000 (Owner Equity / Shareholder Capital) in a journal entry — link your Bank Account register to this chart account so the bank statement shows the same GL activity. Loans module: use as Settlement GL for disbursements/repayments when cash moves through this bank account.",
    "parent": null,
    "opening_balance": "0.00",
    "opening_balance_date": "2026-05-05",
    "is_active": true,
    "created_at": "2026-05-05T13:27:31.134Z",
    "updated_at": "2026-05-05T13:27:31.134Z"
  }
},
{
  "model": "api.chartofaccount",
  "pk": 4,
  "fields": {
    "company": 1,
    "account_code": "1040",
    "account_name": "Bank — Card Settlement",
    "account_type": "asset",
    "account_sub_type": "checking",
    "description": "Dedicated account for card acquirer settlements (optional).",
    "parent": null,
    "opening_balance": "0.00",
    "opening_balance_date": "2026-05-05",
    "is_active": true,
    "created_at": "2026-05-05T13:27:31.143Z",
    "updated_at": "2026-05-05T13:27:31.143Z"
  }
},
{
  "model": "api.chartofaccount",
  "pk": 5,
  "fields": {
    "company": 1,
    "account_code": "1050",
    "account_name": "Bank — Tax / Trust (Statutory)",
    "account_type": "asset",
    "account_sub_type": "checking",
    "description": "Segregated statutory or tax trust account if required.",
    "parent": null,
    "opening_balance": "0.00",
    "opening_balance_date": "2026-05-05",
    "is_active": true,
    "created_at": "2026-05-05T13:27:31.154Z",
    "updated_at": "2026-05-05T13:27:31.154Z"
  }
},
{
  "model": "api.chartofaccount",
  "pk": 6,
  "fields": {
    "company": 1,
    "account_code": "1100",
    "account_name": "Accounts Receivable — Trade",
    "account_type": "asset",
    "account_sub_type": "accounts_receivable",
    "description": "Credit sales to walk-in or commercial customers.\n\nFSERP / system use: Trade receivables: credit invoices (sent/partial), customer payments received, and remaining AR on mark-paid.",
    "parent": null,
    "opening_balance": "0.00",
    "opening_balance_date": "2026-05-05",
    "is_active": true,
    "created_at": "2026-05-05T13:27:31.165Z",
    "updated_at": "2026-05-05T13:27:31.165Z"
  }
},
{
  "model": "api.chartofaccount",
  "pk": 7,
  "fields": {
    "company": 1,
    "account_code": "1110",
    "account_name": "Accounts Receivable — Fleet / Commercial",
    "account_type": "asset",
    "account_sub_type": "accounts_receivable",
    "description": "Billed fleet cards and commercial charge accounts.",
    "parent": null,
    "opening_balance": "0.00",
    "opening_balance_date": "2026-05-05",
    "is_active": true,
    "created_at": "2026-05-05T13:27:31.177Z",
    "updated_at": "2026-05-05T13:27:31.177Z"
  }
},
{
  "model": "api.chartofaccount",
  "pk": 8,
  "fields": {
    "company": 1,
    "account_code": "1120",
    "account_name": "Card Clearing — Visa / MC / Domestic Debit",
    "account_type": "asset",
    "account_sub_type": "other_current_asset",
    "description": "Unsettled card batches (acquirer clearing).\n\nFSERP / system use: Card / acquirer clearing: debit side for card POS sales when payment_method is card.",
    "parent": null,
    "opening_balance": "0.00",
    "opening_balance_date": "2026-05-05",
    "is_active": true,
    "created_at": "2026-05-05T13:27:31.187Z",
    "updated_at": "2026-05-05T13:27:31.187Z"
  }
},
{
  "model": "api.chartofaccount",
  "pk": 9,
  "fields": {
    "company": 1,
    "account_code": "1130",
    "account_name": "Card Clearing — Amex / Other Schemes",
    "account_type": "asset",
    "account_sub_type": "other_current_asset",
    "description": "Secondary card networks with different settlement cycles.",
    "parent": null,
    "opening_balance": "0.00",
    "opening_balance_date": "2026-05-05",
    "is_active": true,
    "created_at": "2026-05-05T13:27:31.197Z",
    "updated_at": "2026-05-05T13:27:31.197Z"
  }
},
{
  "model": "api.chartofaccount",
  "pk": 10,
  "fields": {
    "company": 1,
    "account_code": "1140",
    "account_name": "Allowance for Doubtful Accounts",
    "account_type": "asset",
    "account_sub_type": "allowance_for_bad_debts",
    "description": "Contra-AR reserve (credit balance; nets against receivables on the balance sheet).",
    "parent": null,
    "opening_balance": "0.00",
    "opening_balance_date": "2026-05-05",
    "is_active": true,
    "created_at": "2026-05-05T13:27:31.208Z",
    "updated_at": "2026-05-05T13:27:31.208Z"
  }
},
{
  "model": "api.chartofaccount",
  "pk": 11,
  "fields": {
    "company": 1,
    "account_code": "1150",
    "account_name": "Employee Advances & Loans",
    "account_type": "asset",
    "account_sub_type": "other_current_asset",
    "description": "Staff advances recoverable via payroll.",
    "parent": null,
    "opening_balance": "0.00",
    "opening_balance_date": "2026-05-05",
    "is_active": true,
    "created_at": "2026-05-05T13:27:31.219Z",
    "updated_at": "2026-05-05T13:27:31.219Z"
  }
},
{
  "model": "api.chartofaccount",
  "pk": 12,
  "fields": {
    "company": 1,
    "account_code": "1160",
    "account_name": "Loans Receivable — Principal (Money Lent)",
    "account_type": "loan",
    "account_sub_type": "loan_receivable",
    "description": "Balance-sheet principal for funds you lent to others. Use as **Principal GL** on Loans → **Lent**.\n\nFSERP / system use: Loans — principal receivable: Principal GL for money you **lent** (Loans → Lent). Chart type Loan, subtype loan receivable.",
    "parent": null,
    "opening_balance": "0.00",
    "opening_balance_date": "2026-05-05",
    "is_active": true,
    "created_at": "2026-05-05T13:27:31.227Z",
    "updated_at": "2026-05-05T13:27:31.227Z"
  }
},
{
  "model": "api.chartofaccount",
  "pk": 13,
  "fields": {
    "company": 1,
    "account_code": "1200",
    "account_name": "Inventory — Fuel (Wet Stock at Cost)",
    "account_type": "asset",
    "account_sub_type": "inventory",
    "description": "Tank inventory valued at cost (FIFO/weighted average per policy).\n\nFSERP / system use: Fuel (wet-stock) inventory: credited when COGS posts for fuel lines with item cost.",
    "parent": null,
    "opening_balance": "0.00",
    "opening_balance_date": "2026-05-05",
    "is_active": true,
    "created_at": "2026-05-05T13:27:31.238Z",
    "updated_at": "2026-05-05T13:27:31.238Z"
  }
},
{
  "model": "api.chartofaccount",
  "pk": 14,
  "fields": {
    "company": 1,
    "account_code": "1210",
    "account_name": "Inventory — Lubricants & Fluids",
    "account_type": "asset",
    "account_sub_type": "inventory",
    "description": "Oils, DEF, additives on hand.",
    "parent": null,
    "opening_balance": "0.00",
    "opening_balance_date": "2026-05-05",
    "is_active": true,
    "created_at": "2026-05-05T13:27:31.249Z",
    "updated_at": "2026-05-05T13:27:31.249Z"
  }
},
{
  "model": "api.chartofaccount",
  "pk": 15,
  "fields": {
    "company": 1,
    "account_code": "1220",
    "account_name": "Inventory — C-Store / Shop",
    "account_type": "asset",
    "account_sub_type": "inventory",
    "description": "Merchandise inventory for convenience retail.\n\nFSERP / system use: Shop / c-store inventory: credited when COGS posts for non-fuel lines with item cost.",
    "parent": null,
    "opening_balance": "0.00",
    "opening_balance_date": "2026-05-05",
    "is_active": true,
    "created_at": "2026-05-05T13:27:31.260Z",
    "updated_at": "2026-05-05T13:27:31.260Z"
  }
},
{
  "model": "api.chartofaccount",
  "pk": 16,
  "fields": {
    "company": 1,
    "account_code": "1230",
    "account_name": "Inventory — Other Products",
    "account_type": "asset",
    "account_sub_type": "inventory",
    "description": "Car care, accessories, other resale goods.",
    "parent": null,
    "opening_balance": "0.00",
    "opening_balance_date": "2026-05-05",
    "is_active": true,
    "created_at": "2026-05-05T13:27:31.269Z",
    "updated_at": "2026-05-05T13:27:31.269Z"
  }
},
{
  "model": "api.chartofaccount",
  "pk": 17,
  "fields": {
    "company": 1,
    "account_code": "1300",
    "account_name": "Prepaid Insurance",
    "account_type": "asset",
    "account_sub_type": "prepaid_expenses",
    "description": "Unexpired insurance premiums.",
    "parent": null,
    "opening_balance": "0.00",
    "opening_balance_date": "2026-05-05",
    "is_active": true,
    "created_at": "2026-05-05T13:27:31.280Z",
    "updated_at": "2026-05-05T13:27:31.280Z"
  }
},
{
  "model": "api.chartofaccount",
  "pk": 18,
  "fields": {
    "company": 1,
    "account_code": "1310",
    "account_name": "Prepaid Rent or Lease",
    "account_type": "asset",
    "account_sub_type": "prepaid_expenses",
    "description": "Rent paid in advance.",
    "parent": null,
    "opening_balance": "0.00",
    "opening_balance_date": "2026-05-05",
    "is_active": true,
    "created_at": "2026-05-05T13:27:31.291Z",
    "updated_at": "2026-05-05T13:27:31.291Z"
  }
},
{
  "model": "api.chartofaccount",
  "pk": 19,
  "fields": {
    "company": 1,
    "account_code": "1320",
    "account_name": "Prepaid Other",
    "account_type": "asset",
    "account_sub_type": "prepaid_expenses",
    "description": "Licenses, subscriptions, other prepaids.",
    "parent": null,
    "opening_balance": "0.00",
    "opening_balance_date": "2026-05-05",
    "is_active": true,
    "created_at": "2026-05-05T13:27:31.299Z",
    "updated_at": "2026-05-05T13:27:31.300Z"
  }
},
{
  "model": "api.chartofaccount",
  "pk": 20,
  "fields": {
    "company": 1,
    "account_code": "1330",
    "account_name": "Deposits — Utilities & Landlords",
    "account_type": "asset",
    "account_sub_type": "other_current_asset",
    "description": "Refundable utility or lease deposits.",
    "parent": null,
    "opening_balance": "0.00",
    "opening_balance_date": "2026-05-05",
    "is_active": true,
    "created_at": "2026-05-05T13:27:31.311Z",
    "updated_at": "2026-05-05T13:27:31.311Z"
  }
},
{
  "model": "api.chartofaccount",
  "pk": 21,
  "fields": {
    "company": 1,
    "account_code": "1500",
    "account_name": "Land",
    "account_type": "asset",
    "account_sub_type": "fixed_asset",
    "description": "Owned land (if capitalized separately).",
    "parent": null,
    "opening_balance": "0.00",
    "opening_balance_date": "2026-05-05",
    "is_active": true,
    "created_at": "2026-05-05T13:27:31.321Z",
    "updated_at": "2026-05-05T13:27:31.321Z"
  }
},
{
  "model": "api.chartofaccount",
  "pk": 22,
  "fields": {
    "company": 1,
    "account_code": "1510",
    "account_name": "Buildings — Station & Canopy",
    "account_type": "asset",
    "account_sub_type": "fixed_asset",
    "description": "Building and canopy structures.",
    "parent": null,
    "opening_balance": "0.00",
    "opening_balance_date": "2026-05-05",
    "is_active": true,
    "created_at": "2026-05-05T13:27:31.331Z",
    "updated_at": "2026-05-05T13:27:31.332Z"
  }
},
{
  "model": "api.chartofaccount",
  "pk": 23,
  "fields": {
    "company": 1,
    "account_code": "1520",
    "account_name": "Dispensing Equipment & Underground Systems",
    "account_type": "asset",
    "account_sub_type": "machinery_and_equipment",
    "description": "Pumps, lines, tank-related equipment.",
    "parent": null,
    "opening_balance": "0.00",
    "opening_balance_date": "2026-05-05",
    "is_active": true,
    "created_at": "2026-05-05T13:27:31.342Z",
    "updated_at": "2026-05-05T13:27:31.342Z"
  }
},
{
  "model": "api.chartofaccount",
  "pk": 24,
  "fields": {
    "company": 1,
    "account_code": "1530",
    "account_name": "Point of Sale & IT Equipment",
    "account_type": "asset",
    "account_sub_type": "machinery_and_equipment",
    "description": "POS, servers, networking, peripherals.",
    "parent": null,
    "opening_balance": "0.00",
    "opening_balance_date": "2026-05-05",
    "is_active": true,
    "created_at": "2026-05-05T13:27:31.353Z",
    "updated_at": "2026-05-05T13:27:31.353Z"
  }
},
{
  "model": "api.chartofaccount",
  "pk": 25,
  "fields": {
    "company": 1,
    "account_code": "1540",
    "account_name": "Vehicles & Mobile Equipment",
    "account_type": "asset",
    "account_sub_type": "vehicles",
    "description": "Delivery and service vehicles.",
    "parent": null,
    "opening_balance": "0.00",
    "opening_balance_date": "2026-05-05",
    "is_active": true,
    "created_at": "2026-05-05T13:27:31.361Z",
    "updated_at": "2026-05-05T13:27:31.361Z"
  }
},
{
  "model": "api.chartofaccount",
  "pk": 26,
  "fields": {
    "company": 1,
    "account_code": "1550",
    "account_name": "Accumulated Depreciation — Buildings & Equipment",
    "account_type": "asset",
    "account_sub_type": "accumulated_depreciation",
    "description": "Contra-asset: accumulated depreciation (credit balance).",
    "parent": null,
    "opening_balance": "0.00",
    "opening_balance_date": "2026-05-05",
    "is_active": true,
    "created_at": "2026-05-05T13:27:31.370Z",
    "updated_at": "2026-05-05T13:27:31.370Z"
  }
},
{
  "model": "api.chartofaccount",
  "pk": 27,
  "fields": {
    "company": 1,
    "account_code": "1560",
    "account_name": "Construction / Capex in Progress",
    "account_type": "asset",
    "account_sub_type": "fixed_asset",
    "description": "Capital projects not yet placed in service.",
    "parent": null,
    "opening_balance": "0.00",
    "opening_balance_date": "2026-05-05",
    "is_active": true,
    "created_at": "2026-05-05T13:27:31.381Z",
    "updated_at": "2026-05-05T13:27:31.381Z"
  }
},
{
  "model": "api.chartofaccount",
  "pk": 28,
  "fields": {
    "company": 1,
    "account_code": "2000",
    "account_name": "Accounts Payable — Trade",
    "account_type": "liability",
    "account_sub_type": "accounts_payable",
    "description": "Vendor invoices — general.\n\nFSERP / system use: Trade payables: vendor bills (non-draft) and payment-made journals.",
    "parent": null,
    "opening_balance": "0.00",
    "opening_balance_date": "2026-05-05",
    "is_active": true,
    "created_at": "2026-05-05T13:27:31.391Z",
    "updated_at": "2026-05-05T13:27:31.391Z"
  }
},
{
  "model": "api.chartofaccount",
  "pk": 29,
  "fields": {
    "company": 1,
    "account_code": "2010",
    "account_name": "Accounts Payable — Fuel Supplier",
    "account_type": "liability",
    "account_sub_type": "accounts_payable",
    "description": "Wet-stock and fuel delivery payables.",
    "parent": null,
    "opening_balance": "0.00",
    "opening_balance_date": "2026-05-05",
    "is_active": true,
    "created_at": "2026-05-05T13:27:31.402Z",
    "updated_at": "2026-05-05T13:27:31.402Z"
  }
},
{
  "model": "api.chartofaccount",
  "pk": 30,
  "fields": {
    "company": 1,
    "account_code": "2020",
    "account_name": "Credit Cards Payable — Company Cards",
    "account_type": "liability",
    "account_sub_type": "credit_card",
    "description": "Balances on corporate purchasing cards.",
    "parent": null,
    "opening_balance": "0.00",
    "opening_balance_date": "2026-05-05",
    "is_active": true,
    "created_at": "2026-05-05T13:27:31.412Z",
    "updated_at": "2026-05-05T13:27:31.413Z"
  }
},
{
  "model": "api.chartofaccount",
  "pk": 31,
  "fields": {
    "company": 1,
    "account_code": "2030",
    "account_name": "Customer Deposits & Prepayments",
    "account_type": "liability",
    "account_sub_type": "other_current_liability",
    "description": "Customer prepayments or deposits taken.",
    "parent": null,
    "opening_balance": "0.00",
    "opening_balance_date": "2026-05-05",
    "is_active": true,
    "created_at": "2026-05-05T13:27:31.423Z",
    "updated_at": "2026-05-05T13:27:31.423Z"
  }
},
{
  "model": "api.chartofaccount",
  "pk": 32,
  "fields": {
    "company": 1,
    "account_code": "2100",
    "account_name": "Sales / VAT Payable",
    "account_type": "liability",
    "account_sub_type": "sales_tax_payable",
    "description": "Collected sales or value-added tax remitted to authority.\n\nFSERP / system use: Collected VAT / sales tax on invoices and bills (output and simplified input side on bills).",
    "parent": null,
    "opening_balance": "0.00",
    "opening_balance_date": "2026-05-05",
    "is_active": true,
    "created_at": "2026-05-05T13:27:31.434Z",
    "updated_at": "2026-05-05T13:27:31.434Z"
  }
},
{
  "model": "api.chartofaccount",
  "pk": 33,
  "fields": {
    "company": 1,
    "account_code": "2110",
    "account_name": "Excise / Fuel Duty Payable",
    "account_type": "liability",
    "account_sub_type": "other_current_liability",
    "description": "Fuel excise or carbon levies (rename per jurisdiction).",
    "parent": null,
    "opening_balance": "0.00",
    "opening_balance_date": "2026-05-05",
    "is_active": true,
    "created_at": "2026-05-05T13:27:31.443Z",
    "updated_at": "2026-05-05T13:27:31.443Z"
  }
},
{
  "model": "api.chartofaccount",
  "pk": 34,
  "fields": {
    "company": 1,
    "account_code": "2120",
    "account_name": "Withholding Tax Payable",
    "account_type": "liability",
    "account_sub_type": "other_current_liability",
    "description": "Employee or vendor withholding due to tax authority.",
    "parent": null,
    "opening_balance": "0.00",
    "opening_balance_date": "2026-05-05",
    "is_active": true,
    "created_at": "2026-05-05T13:27:31.451Z",
    "updated_at": "2026-05-05T13:27:31.451Z"
  }
},
{
  "model": "api.chartofaccount",
  "pk": 35,
  "fields": {
    "company": 1,
    "account_code": "2130",
    "account_name": "Other Statutory Payables",
    "account_type": "liability",
    "account_sub_type": "other_current_liability",
    "description": "Environmental, licensing fees payable, etc.",
    "parent": null,
    "opening_balance": "0.00",
    "opening_balance_date": "2026-05-05",
    "is_active": true,
    "created_at": "2026-05-05T13:27:31.459Z",
    "updated_at": "2026-05-05T13:27:31.459Z"
  }
},
{
  "model": "api.chartofaccount",
  "pk": 36,
  "fields": {
    "company": 1,
    "account_code": "2200",
    "account_name": "Payroll — Salaries & Wages Payable",
    "account_type": "liability",
    "account_sub_type": "payroll_tax_payable",
    "description": "Net pay and accrued wages owed.",
    "parent": null,
    "opening_balance": "0.00",
    "opening_balance_date": "2026-05-05",
    "is_active": true,
    "created_at": "2026-05-05T13:27:31.469Z",
    "updated_at": "2026-05-05T13:27:31.470Z"
  }
},
{
  "model": "api.chartofaccount",
  "pk": 37,
  "fields": {
    "company": 1,
    "account_code": "2210",
    "account_name": "Payroll — Statutory Deductions Payable",
    "account_type": "liability",
    "account_sub_type": "payroll_tax_payable",
    "description": "Social security, health, pension contributions payable.",
    "parent": null,
    "opening_balance": "0.00",
    "opening_balance_date": "2026-05-05",
    "is_active": true,
    "created_at": "2026-05-05T13:27:31.481Z",
    "updated_at": "2026-05-05T13:27:31.481Z"
  }
},
{
  "model": "api.chartofaccount",
  "pk": 38,
  "fields": {
    "company": 1,
    "account_code": "2300",
    "account_name": "Accrued Expenses",
    "account_type": "liability",
    "account_sub_type": "other_current_liability",
    "description": "Accrued utilities, interest, and other period costs.",
    "parent": null,
    "opening_balance": "0.00",
    "opening_balance_date": "2026-05-05",
    "is_active": true,
    "created_at": "2026-05-05T13:27:31.491Z",
    "updated_at": "2026-05-05T13:27:31.491Z"
  }
},
{
  "model": "api.chartofaccount",
  "pk": 39,
  "fields": {
    "company": 1,
    "account_code": "2400",
    "account_name": "Short-Term Loans & Bank Overdraft",
    "account_type": "liability",
    "account_sub_type": "loan_payable",
    "description": "Working capital facilities due within 12 months.",
    "parent": null,
    "opening_balance": "0.00",
    "opening_balance_date": "2026-05-05",
    "is_active": true,
    "created_at": "2026-05-05T13:27:31.501Z",
    "updated_at": "2026-05-05T13:27:31.501Z"
  }
},
{
  "model": "api.chartofaccount",
  "pk": 40,
  "fields": {
    "company": 1,
    "account_code": "2410",
    "account_name": "Loans Payable — Principal (Borrowed Funds)",
    "account_type": "loan",
    "account_sub_type": "loan_payable",
    "description": "Balance-sheet principal for bank and third-party loans you owe. Use as **Principal GL** on Loans → **Borrowed**.\n\nFSERP / system use: Loans — principal payable: Principal GL for money you **borrowed** (Loans → Borrowed). Chart type Loan, subtype loan payable.",
    "parent": null,
    "opening_balance": "0.00",
    "opening_balance_date": "2026-05-05",
    "is_active": true,
    "created_at": "2026-05-05T13:27:31.512Z",
    "updated_at": "2026-05-05T13:27:31.512Z"
  }
},
{
  "model": "api.chartofaccount",
  "pk": 41,
  "fields": {
    "company": 1,
    "account_code": "2500",
    "account_name": "Long-Term Debt",
    "account_type": "liability",
    "account_sub_type": "long_term_liability",
    "description": "Term loans and notes payable beyond 12 months.",
    "parent": null,
    "opening_balance": "0.00",
    "opening_balance_date": "2026-05-05",
    "is_active": true,
    "created_at": "2026-05-05T13:27:31.521Z",
    "updated_at": "2026-05-05T13:27:31.521Z"
  }
},
{
  "model": "api.chartofaccount",
  "pk": 42,
  "fields": {
    "company": 1,
    "account_code": "3000",
    "account_name": "Owner Equity / Shareholder Capital",
    "account_type": "equity",
    "account_sub_type": "owner_equity",
    "description": "Paid-in capital and owner contributions.\n\nFSERP / system use: Owner Equity / Shareholder Capital (3000): credit this (and debit a bank/cash GL) via a manual journal when owners invest cash.",
    "parent": null,
    "opening_balance": "0.00",
    "opening_balance_date": "2026-05-05",
    "is_active": true,
    "created_at": "2026-05-05T13:27:31.532Z",
    "updated_at": "2026-05-05T13:27:31.532Z"
  }
},
{
  "model": "api.chartofaccount",
  "pk": 43,
  "fields": {
    "company": 1,
    "account_code": "3100",
    "account_name": "Retained Earnings",
    "account_type": "equity",
    "account_sub_type": "retained_earnings",
    "description": "Accumulated profits carried forward.",
    "parent": null,
    "opening_balance": "0.00",
    "opening_balance_date": "2026-05-05",
    "is_active": true,
    "created_at": "2026-05-05T13:27:31.540Z",
    "updated_at": "2026-05-05T13:27:31.540Z"
  }
},
{
  "model": "api.chartofaccount",
  "pk": 44,
  "fields": {
    "company": 1,
    "account_code": "3200",
    "account_name": "Opening Balance Equity",
    "account_type": "equity",
    "account_sub_type": "opening_balance_equity",
    "description": "System opening balance offset during initial setup.",
    "parent": null,
    "opening_balance": "0.00",
    "opening_balance_date": "2026-05-05",
    "is_active": true,
    "created_at": "2026-05-05T13:27:31.551Z",
    "updated_at": "2026-05-05T13:27:31.551Z"
  }
},
{
  "model": "api.chartofaccount",
  "pk": 45,
  "fields": {
    "company": 1,
    "account_code": "3300",
    "account_name": "Dividends / Owner Drawings",
    "account_type": "equity",
    "account_sub_type": "equity",
    "description": "Distributions to owners (permanent accounts per policy).\n\nFSERP / system use: Owner drawings / dividends: debit this (and credit bank/cash GL) when owners withdraw; use Journal Entries, not Fund Transfer.",
    "parent": null,
    "opening_balance": "0.00",
    "opening_balance_date": "2026-05-05",
    "is_active": true,
    "created_at": "2026-05-05T13:27:31.562Z",
    "updated_at": "2026-05-05T13:27:31.562Z"
  }
},
{
  "model": "api.chartofaccount",
  "pk": 46,
  "fields": {
    "company": 1,
    "account_code": "4100",
    "account_name": "Fuel Sales — Gasoline / Petrol",
    "account_type": "income",
    "account_sub_type": "sales_of_product_income",
    "description": "Retail gasoline / petrol sales.\n\nFSERP / system use: Revenue for fuel-grade / liter-based POS and invoice lines.",
    "parent": null,
    "opening_balance": "0.00",
    "opening_balance_date": "2026-05-05",
    "is_active": true,
    "created_at": "2026-05-05T13:27:31.573Z",
    "updated_at": "2026-05-05T13:27:31.573Z"
  }
},
{
  "model": "api.chartofaccount",
  "pk": 47,
  "fields": {
    "company": 1,
    "account_code": "4110",
    "account_name": "Fuel Sales — Diesel",
    "account_type": "income",
    "account_sub_type": "sales_of_product_income",
    "description": "Retail diesel sales.",
    "parent": null,
    "opening_balance": "0.00",
    "opening_balance_date": "2026-05-05",
    "is_active": true,
    "created_at": "2026-05-05T13:27:31.584Z",
    "updated_at": "2026-05-05T13:27:31.585Z"
  }
},
{
  "model": "api.chartofaccount",
  "pk": 48,
  "fields": {
    "company": 1,
    "account_code": "4120",
    "account_name": "Fuel Sales — Premium / Super",
    "account_type": "income",
    "account_sub_type": "sales_of_product_income",
    "description": "Higher-octane or premium grades.",
    "parent": null,
    "opening_balance": "0.00",
    "opening_balance_date": "2026-05-05",
    "is_active": true,
    "created_at": "2026-05-05T13:27:31.596Z",
    "updated_at": "2026-05-05T13:27:31.596Z"
  }
},
{
  "model": "api.chartofaccount",
  "pk": 49,
  "fields": {
    "company": 1,
    "account_code": "4130",
    "account_name": "Fuel Sales — Other Grades / Blends",
    "account_type": "income",
    "account_sub_type": "sales_of_product_income",
    "description": "E85, biodiesel blends, other fuels.",
    "parent": null,
    "opening_balance": "0.00",
    "opening_balance_date": "2026-05-05",
    "is_active": true,
    "created_at": "2026-05-05T13:27:31.607Z",
    "updated_at": "2026-05-05T13:27:31.607Z"
  }
},
{
  "model": "api.chartofaccount",
  "pk": 50,
  "fields": {
    "company": 1,
    "account_code": "4140",
    "account_name": "Fuel Sales — Fleet & Commercial (B2B)",
    "account_type": "income",
    "account_sub_type": "sales_of_product_income",
    "description": "Fuel sold on credit to fleet accounts.",
    "parent": null,
    "opening_balance": "0.00",
    "opening_balance_date": "2026-05-05",
    "is_active": true,
    "created_at": "2026-05-05T13:27:31.618Z",
    "updated_at": "2026-05-05T13:27:31.618Z"
  }
},
{
  "model": "api.chartofaccount",
  "pk": 51,
  "fields": {
    "company": 1,
    "account_code": "4200",
    "account_name": "C-Store / Convenience Sales",
    "account_type": "income",
    "account_sub_type": "sales_of_product_income",
    "description": "Merchandise and tobacco where permitted.\n\nFSERP / system use: Revenue for shop / convenience-style POS and invoice lines.",
    "parent": null,
    "opening_balance": "0.00",
    "opening_balance_date": "2026-05-05",
    "is_active": true,
    "created_at": "2026-05-05T13:27:31.629Z",
    "updated_at": "2026-05-05T13:27:31.629Z"
  }
},
{
  "model": "api.chartofaccount",
  "pk": 52,
  "fields": {
    "company": 1,
    "account_code": "4210",
    "account_name": "Lubricants & Additives — Over-the-Counter",
    "account_type": "income",
    "account_sub_type": "sales_of_product_income",
    "description": "Bottled lubes and additives sold at counter.",
    "parent": null,
    "opening_balance": "0.00",
    "opening_balance_date": "2026-05-05",
    "is_active": true,
    "created_at": "2026-05-05T13:27:31.640Z",
    "updated_at": "2026-05-05T13:27:31.640Z"
  }
},
{
  "model": "api.chartofaccount",
  "pk": 53,
  "fields": {
    "company": 1,
    "account_code": "4220",
    "account_name": "Car Wash & Services",
    "account_type": "income",
    "account_sub_type": "service_fee_income",
    "description": "Wash bay and ancillary services revenue.",
    "parent": null,
    "opening_balance": "0.00",
    "opening_balance_date": "2026-05-05",
    "is_active": true,
    "created_at": "2026-05-05T13:27:31.652Z",
    "updated_at": "2026-05-05T13:27:31.652Z"
  }
},
{
  "model": "api.chartofaccount",
  "pk": 54,
  "fields": {
    "company": 1,
    "account_code": "4230",
    "account_name": "Other Operating Revenue",
    "account_type": "income",
    "account_sub_type": "other_income",
    "description": "Air, vacuum, commissions, misc. operating.\n\nFSERP / system use: Fallback revenue when a line does not map to 4100/4200.",
    "parent": null,
    "opening_balance": "0.00",
    "opening_balance_date": "2026-05-05",
    "is_active": true,
    "created_at": "2026-05-05T13:27:31.663Z",
    "updated_at": "2026-05-05T13:27:31.663Z"
  }
},
{
  "model": "api.chartofaccount",
  "pk": 55,
  "fields": {
    "company": 1,
    "account_code": "4300",
    "account_name": "Discounts & Promotions (Contra Revenue)",
    "account_type": "income",
    "account_sub_type": "discounts_refunds_given",
    "description": "Loyalty and pump discounts (contra-revenue; net against sales per policy).",
    "parent": null,
    "opening_balance": "0.00",
    "opening_balance_date": "2026-05-05",
    "is_active": true,
    "created_at": "2026-05-05T13:27:31.673Z",
    "updated_at": "2026-05-05T13:27:31.673Z"
  }
},
{
  "model": "api.chartofaccount",
  "pk": 56,
  "fields": {
    "company": 1,
    "account_code": "4400",
    "account_name": "Interest & Non-Operating Income",
    "account_type": "income",
    "account_sub_type": "other_income",
    "description": "Bank interest, rebates, insurance recoveries.",
    "parent": null,
    "opening_balance": "0.00",
    "opening_balance_date": "2026-05-05",
    "is_active": true,
    "created_at": "2026-05-05T13:27:31.682Z",
    "updated_at": "2026-05-05T13:27:31.682Z"
  }
},
{
  "model": "api.chartofaccount",
  "pk": 57,
  "fields": {
    "company": 1,
    "account_code": "4410",
    "account_name": "Interest Income — Loans Receivable",
    "account_type": "income",
    "account_sub_type": "other_income",
    "description": "Interest earned on lent funds. Optional **Interest GL** when splitting principal vs interest on **Lent** loans.\n\nFSERP / system use: Loans — interest income on funds lent; optional Interest GL when splitting repayments on lent loans.",
    "parent": null,
    "opening_balance": "0.00",
    "opening_balance_date": "2026-05-05",
    "is_active": true,
    "created_at": "2026-05-05T13:27:31.693Z",
    "updated_at": "2026-05-05T13:27:31.693Z"
  }
},
{
  "model": "api.chartofaccount",
  "pk": 58,
  "fields": {
    "company": 1,
    "account_code": "5100",
    "account_name": "Cost of Fuel Sold",
    "account_type": "cost_of_goods_sold",
    "account_sub_type": "cost_of_goods_sold",
    "description": "Fuel COGS (wet stock consumed) matched to fuel revenue.\n\nFSERP / system use: COGS for fuel lines (debit) when items have unit cost.",
    "parent": null,
    "opening_balance": "0.00",
    "opening_balance_date": "2026-05-05",
    "is_active": true,
    "created_at": "2026-05-05T13:27:31.703Z",
    "updated_at": "2026-05-05T13:27:31.703Z"
  }
},
{
  "model": "api.chartofaccount",
  "pk": 59,
  "fields": {
    "company": 1,
    "account_code": "5110",
    "account_name": "Cost of Lubricants & Fluids Sold",
    "account_type": "cost_of_goods_sold",
    "account_sub_type": "supplies_materials_cogs",
    "description": "Product cost for lube and fluids sold.",
    "parent": null,
    "opening_balance": "0.00",
    "opening_balance_date": "2026-05-05",
    "is_active": true,
    "created_at": "2026-05-05T13:27:31.713Z",
    "updated_at": "2026-05-05T13:27:31.713Z"
  }
},
{
  "model": "api.chartofaccount",
  "pk": 60,
  "fields": {
    "company": 1,
    "account_code": "5120",
    "account_name": "Cost of C-Store Goods Sold",
    "account_type": "cost_of_goods_sold",
    "account_sub_type": "cost_of_goods_sold",
    "description": "Merchandise COGS for shop.\n\nFSERP / system use: COGS for shop lines (debit) when items have unit cost.",
    "parent": null,
    "opening_balance": "0.00",
    "opening_balance_date": "2026-05-05",
    "is_active": true,
    "created_at": "2026-05-05T13:27:31.723Z",
    "updated_at": "2026-05-05T13:27:31.723Z"
  }
},
{
  "model": "api.chartofaccount",
  "pk": 61,
  "fields": {
    "company": 1,
    "account_code": "5200",
    "account_name": "Inventory Shrinkage — Fuel (Wet Loss / Variance)",
    "account_type": "cost_of_goods_sold",
    "account_sub_type": "cost_of_goods_sold",
    "description": "Tank loss, evaporation, meter variance beyond tolerance.",
    "parent": null,
    "opening_balance": "0.00",
    "opening_balance_date": "2026-05-05",
    "is_active": true,
    "created_at": "2026-05-05T13:27:31.734Z",
    "updated_at": "2026-05-05T13:27:31.734Z"
  }
},
{
  "model": "api.chartofaccount",
  "pk": 62,
  "fields": {
    "company": 1,
    "account_code": "5210",
    "account_name": "Inventory Shrinkage — Shop / Other",
    "account_type": "cost_of_goods_sold",
    "account_sub_type": "cost_of_goods_sold",
    "description": "Theft, damage, count adjustments (non-fuel).",
    "parent": null,
    "opening_balance": "0.00",
    "opening_balance_date": "2026-05-05",
    "is_active": true,
    "created_at": "2026-05-05T13:27:31.745Z",
    "updated_at": "2026-05-05T13:27:31.745Z"
  }
},
{
  "model": "api.chartofaccount",
  "pk": 63,
  "fields": {
    "company": 1,
    "account_code": "6100",
    "account_name": "Utilities — Electricity",
    "account_type": "expense",
    "account_sub_type": "utilities",
    "description": "Power for pumps, lighting, refrigeration.",
    "parent": null,
    "opening_balance": "0.00",
    "opening_balance_date": "2026-05-05",
    "is_active": true,
    "created_at": "2026-05-05T13:27:31.756Z",
    "updated_at": "2026-05-05T13:27:31.756Z"
  }
},
{
  "model": "api.chartofaccount",
  "pk": 64,
  "fields": {
    "company": 1,
    "account_code": "6110",
    "account_name": "Utilities — Water & Sewer",
    "account_type": "expense",
    "account_sub_type": "utilities",
    "description": "Water for wash and site use.",
    "parent": null,
    "opening_balance": "0.00",
    "opening_balance_date": "2026-05-05",
    "is_active": true,
    "created_at": "2026-05-05T13:27:31.767Z",
    "updated_at": "2026-05-05T13:27:31.767Z"
  }
},
{
  "model": "api.chartofaccount",
  "pk": 65,
  "fields": {
    "company": 1,
    "account_code": "6200",
    "account_name": "Rent or Lease — Land & Building",
    "account_type": "expense",
    "account_sub_type": "rent_or_lease_of_buildings",
    "description": "Site lease or land rent.",
    "parent": null,
    "opening_balance": "0.00",
    "opening_balance_date": "2026-05-05",
    "is_active": true,
    "created_at": "2026-05-05T13:27:31.777Z",
    "updated_at": "2026-05-05T13:27:31.778Z"
  }
},
{
  "model": "api.chartofaccount",
  "pk": 66,
  "fields": {
    "company": 1,
    "account_code": "6210",
    "account_name": "Lease — Equipment & Vehicles",
    "account_type": "expense",
    "account_sub_type": "rent_or_lease_of_buildings",
    "description": "Operating leases for equipment.",
    "parent": null,
    "opening_balance": "0.00",
    "opening_balance_date": "2026-05-05",
    "is_active": true,
    "created_at": "2026-05-05T13:27:31.789Z",
    "updated_at": "2026-05-05T13:27:31.789Z"
  }
},
{
  "model": "api.chartofaccount",
  "pk": 67,
  "fields": {
    "company": 1,
    "account_code": "6300",
    "account_name": "Repairs & Maintenance — Dispensing & Site",
    "account_type": "expense",
    "account_sub_type": "repair_maintenance",
    "description": "Pump repair, line maintenance, forecourt upkeep.",
    "parent": null,
    "opening_balance": "0.00",
    "opening_balance_date": "2026-05-05",
    "is_active": true,
    "created_at": "2026-05-05T13:27:31.799Z",
    "updated_at": "2026-05-05T13:27:31.799Z"
  }
},
{
  "model": "api.chartofaccount",
  "pk": 68,
  "fields": {
    "company": 1,
    "account_code": "6310",
    "account_name": "Repairs & Maintenance — Building & Canopy",
    "account_type": "expense",
    "account_sub_type": "repair_maintenance",
    "description": "Structural and cosmetic maintenance.",
    "parent": null,
    "opening_balance": "0.00",
    "opening_balance_date": "2026-05-05",
    "is_active": true,
    "created_at": "2026-05-05T13:27:31.806Z",
    "updated_at": "2026-05-05T13:27:31.806Z"
  }
},
{
  "model": "api.chartofaccount",
  "pk": 69,
  "fields": {
    "company": 1,
    "account_code": "6400",
    "account_name": "Salaries & Wages",
    "account_type": "expense",
    "account_sub_type": "payroll_expenses",
    "description": "Gross wages before employer taxes and benefits.",
    "parent": null,
    "opening_balance": "0.00",
    "opening_balance_date": "2026-05-05",
    "is_active": true,
    "created_at": "2026-05-05T13:27:31.815Z",
    "updated_at": "2026-05-05T13:27:31.815Z"
  }
},
{
  "model": "api.chartofaccount",
  "pk": 70,
  "fields": {
    "company": 1,
    "account_code": "6410",
    "account_name": "Payroll Taxes & Employer Contributions",
    "account_type": "expense",
    "account_sub_type": "payroll_expenses",
    "description": "Employer payroll taxes and benefits.",
    "parent": null,
    "opening_balance": "0.00",
    "opening_balance_date": "2026-05-05",
    "is_active": true,
    "created_at": "2026-05-05T13:27:31.824Z",
    "updated_at": "2026-05-05T13:27:31.824Z"
  }
},
{
  "model": "api.chartofaccount",
  "pk": 71,
  "fields": {
    "company": 1,
    "account_code": "6420",
    "account_name": "Staff Training & Uniforms",
    "account_type": "expense",
    "account_sub_type": "payroll_expenses",
    "description": "Training, safety gear, uniforms.",
    "parent": null,
    "opening_balance": "0.00",
    "opening_balance_date": "2026-05-05",
    "is_active": true,
    "created_at": "2026-05-05T13:27:31.835Z",
    "updated_at": "2026-05-05T13:27:31.835Z"
  }
},
{
  "model": "api.chartofaccount",
  "pk": 72,
  "fields": {
    "company": 1,
    "account_code": "6500",
    "account_name": "Insurance — Property & Business Interruption",
    "account_type": "expense",
    "account_sub_type": "insurance",
    "description": "Site, inventory, and business continuity coverage.",
    "parent": null,
    "opening_balance": "0.00",
    "opening_balance_date": "2026-05-05",
    "is_active": true,
    "created_at": "2026-05-05T13:27:31.843Z",
    "updated_at": "2026-05-05T13:27:31.843Z"
  }
},
{
  "model": "api.chartofaccount",
  "pk": 73,
  "fields": {
    "company": 1,
    "account_code": "6510",
    "account_name": "Insurance — Liability & Environmental",
    "account_type": "expense",
    "account_sub_type": "insurance",
    "description": "General liability, pollution, statutory coverage.",
    "parent": null,
    "opening_balance": "0.00",
    "opening_balance_date": "2026-05-05",
    "is_active": true,
    "created_at": "2026-05-05T13:27:31.853Z",
    "updated_at": "2026-05-05T13:27:31.853Z"
  }
},
{
  "model": "api.chartofaccount",
  "pk": 74,
  "fields": {
    "company": 1,
    "account_code": "6600",
    "account_name": "Bank Charges & Merchant Service Fees",
    "account_type": "expense",
    "account_sub_type": "office_general_administrative_expenses",
    "description": "Card interchange, acquirer fees, bank service charges.",
    "parent": null,
    "opening_balance": "0.00",
    "opening_balance_date": "2026-05-05",
    "is_active": true,
    "created_at": "2026-05-05T13:27:31.864Z",
    "updated_at": "2026-05-05T13:27:31.864Z"
  }
},
{
  "model": "api.chartofaccount",
  "pk": 75,
  "fields": {
    "company": 1,
    "account_code": "6610",
    "account_name": "Cash Over / Short",
    "account_type": "expense",
    "account_sub_type": "other_business_expenses",
    "description": "Till variances after investigation.",
    "parent": null,
    "opening_balance": "0.00",
    "opening_balance_date": "2026-05-05",
    "is_active": true,
    "created_at": "2026-05-05T13:27:31.875Z",
    "updated_at": "2026-05-05T13:27:31.876Z"
  }
},
{
  "model": "api.chartofaccount",
  "pk": 76,
  "fields": {
    "company": 1,
    "account_code": "6620",
    "account_name": "Interest Expense — Loan Borrowings",
    "account_type": "expense",
    "account_sub_type": "other_business_expenses",
    "description": "Interest paid on borrowed funds. Optional **Interest GL** when splitting principal vs interest on **Borrowed** loans.\n\nFSERP / system use: Loans — interest expense on borrowings; optional Interest GL when splitting repayments on borrowed loans.",
    "parent": null,
    "opening_balance": "0.00",
    "opening_balance_date": "2026-05-05",
    "is_active": true,
    "created_at": "2026-05-05T13:27:31.887Z",
    "updated_at": "2026-05-05T13:27:31.887Z"
  }
},
{
  "model": "api.chartofaccount",
  "pk": 77,
  "fields": {
    "company": 1,
    "account_code": "6700",
    "account_name": "Marketing & Loyalty Programs",
    "account_type": "expense",
    "account_sub_type": "advertising_promotional",
    "description": "Local ads, signage, loyalty subsidies.",
    "parent": null,
    "opening_balance": "0.00",
    "opening_balance_date": "2026-05-05",
    "is_active": true,
    "created_at": "2026-05-05T13:27:31.897Z",
    "updated_at": "2026-05-05T13:27:31.897Z"
  }
},
{
  "model": "api.chartofaccount",
  "pk": 78,
  "fields": {
    "company": 1,
    "account_code": "6800",
    "account_name": "Professional Fees — Legal & Accounting",
    "account_type": "expense",
    "account_sub_type": "office_general_administrative_expenses",
    "description": "Auditors, lawyers, consultants.",
    "parent": null,
    "opening_balance": "0.00",
    "opening_balance_date": "2026-05-05",
    "is_active": true,
    "created_at": "2026-05-05T13:27:31.907Z",
    "updated_at": "2026-05-05T13:27:31.907Z"
  }
},
{
  "model": "api.chartofaccount",
  "pk": 79,
  "fields": {
    "company": 1,
    "account_code": "6810",
    "account_name": "IT & Software Subscriptions",
    "account_type": "expense",
    "account_sub_type": "office_general_administrative_expenses",
    "description": "SaaS, support, cybersecurity.",
    "parent": null,
    "opening_balance": "0.00",
    "opening_balance_date": "2026-05-05",
    "is_active": true,
    "created_at": "2026-05-05T13:27:31.919Z",
    "updated_at": "2026-05-05T13:27:31.919Z"
  }
},
{
  "model": "api.chartofaccount",
  "pk": 80,
  "fields": {
    "company": 1,
    "account_code": "6900",
    "account_name": "Office & Administrative",
    "account_type": "expense",
    "account_sub_type": "office_general_administrative_expenses",
    "description": "Supplies, postage, small tools not capitalized.\n\nFSERP / system use: Default expense for vendor bills (full bill amount to expense when bill posts).",
    "parent": null,
    "opening_balance": "0.00",
    "opening_balance_date": "2026-05-05",
    "is_active": true,
    "created_at": "2026-05-05T13:27:31.930Z",
    "updated_at": "2026-05-05T13:27:31.930Z"
  }
},
{
  "model": "api.chartofaccount",
  "pk": 81,
  "fields": {
    "company": 1,
    "account_code": "6910",
    "account_name": "Donation & Social Support",
    "account_type": "expense",
    "account_sub_type": "other_business_expenses",
    "description": "Charitable giving and local social support paid from station cash; use POS to debit expense and credit cash in hand (1010) or the active register.\n\nFSERP / system use: Donation and social support paid from the station: record in POS; debits 6910 and credits 1010 Cash on Hand or the selected cash register’s linked GL (same as sales deposits).",
    "parent": null,
    "opening_balance": "0.00",
    "opening_balance_date": "2026-05-05",
    "is_active": true,
    "created_at": "2026-05-05T13:27:31.941Z",
    "updated_at": "2026-05-05T13:27:31.941Z"
  }
},
{
  "model": "api.chartofaccount",
  "pk": 82,
  "fields": {
    "company": 1,
    "account_code": "7000",
    "account_name": "Security & Cash Handling Services",
    "account_type": "expense",
    "account_sub_type": "other_business_expenses",
    "description": "CIT, alarms, monitoring.",
    "parent": null,
    "opening_balance": "0.00",
    "opening_balance_date": "2026-05-05",
    "is_active": true,
    "created_at": "2026-05-05T13:27:31.952Z",
    "updated_at": "2026-05-05T13:27:31.952Z"
  }
},
{
  "model": "api.chartofaccount",
  "pk": 83,
  "fields": {
    "company": 1,
    "account_code": "7100",
    "account_name": "Fuel Freight & Delivery In",
    "account_type": "expense",
    "account_sub_type": "supplies_materials",
    "description": "Transport surcharges on wet-stock deliveries.",
    "parent": null,
    "opening_balance": "0.00",
    "opening_balance_date": "2026-05-05",
    "is_active": true,
    "created_at": "2026-05-05T13:27:31.961Z",
    "updated_at": "2026-05-05T13:27:31.961Z"
  }
},
{
  "model": "api.chartofaccount",
  "pk": 84,
  "fields": {
    "company": 1,
    "account_code": "7200",
    "account_name": "Licenses, Permits & Memberships",
    "account_type": "expense",
    "account_sub_type": "other_business_expenses",
    "description": "Station licenses, industry association dues.",
    "parent": null,
    "opening_balance": "0.00",
    "opening_balance_date": "2026-05-05",
    "is_active": true,
    "created_at": "2026-05-05T13:27:31.970Z",
    "updated_at": "2026-05-05T13:27:31.970Z"
  }
},
{
  "model": "api.chartofaccount",
  "pk": 85,
  "fields": {
    "company": 1,
    "account_code": "7300",
    "account_name": "Environmental & Compliance",
    "account_type": "expense",
    "account_sub_type": "other_business_expenses",
    "description": "Testing, inspections, spill prevention supplies.",
    "parent": null,
    "opening_balance": "0.00",
    "opening_balance_date": "2026-05-05",
    "is_active": true,
    "created_at": "2026-05-05T13:27:31.979Z",
    "updated_at": "2026-05-05T13:27:31.979Z"
  }
},
{
  "model": "api.chartofaccount",
  "pk": 86,
  "fields": {
    "company": 1,
    "account_code": "7400",
    "account_name": "Loss on Asset Disposal / Write-off",
    "account_type": "expense",
    "account_sub_type": "other_business_expenses",
    "description": "Net loss on sale or retirement of assets.",
    "parent": null,
    "opening_balance": "0.00",
    "opening_balance_date": "2026-05-05",
    "is_active": true,
    "created_at": "2026-05-05T13:27:31.987Z",
    "updated_at": "2026-05-05T13:27:31.987Z"
  }
},
{
  "model": "api.chartofaccount",
  "pk": 87,
  "fields": {
    "company": 1,
    "account_code": "1580",
    "account_name": "Aquaculture — Pond & Production Equipment (Capitalizable)",
    "account_type": "asset",
    "account_sub_type": "machinery_and_equipment",
    "description": "Capitalize durable pond equipment, aerators, nets, and similar when following a fixed-asset policy.",
    "parent": null,
    "opening_balance": "0.00",
    "opening_balance_date": "2026-05-05",
    "is_active": true,
    "created_at": "2026-05-05T13:47:15.445Z",
    "updated_at": "2026-05-05T13:47:15.445Z"
  }
},
{
  "model": "api.chartofaccount",
  "pk": 88,
  "fields": {
    "company": 1,
    "account_code": "3190",
    "account_name": "Aquaculture — Pond Profit Clearing (Equity)",
    "account_type": "equity",
    "account_sub_type": "retained_earnings",
    "description": "Common credit side when posting pond profit transfers from management P&L into the books; pair with bank or cash.",
    "parent": null,
    "opening_balance": "0.00",
    "opening_balance_date": "2026-05-05",
    "is_active": true,
    "created_at": "2026-05-05T13:47:15.447Z",
    "updated_at": "2026-05-05T13:47:15.447Z"
  }
},
{
  "model": "api.chartofaccount",
  "pk": 89,
  "fields": {
    "company": 1,
    "account_code": "4240",
    "account_name": "Aquaculture Revenue — Fish Harvest Sales",
    "account_type": "income",
    "account_sub_type": "sales_of_product_income",
    "description": "Revenue from table-size / harvest fish sales (see Aquaculture income_type fish_harvest_sale).",
    "parent": null,
    "opening_balance": "0.00",
    "opening_balance_date": "2026-05-05",
    "is_active": true,
    "created_at": "2026-05-05T13:47:15.448Z",
    "updated_at": "2026-05-05T13:47:15.448Z"
  }
},
{
  "model": "api.chartofaccount",
  "pk": 90,
  "fields": {
    "company": 1,
    "account_code": "4241",
    "account_name": "Aquaculture Revenue — Fingerling & Fry Sales",
    "account_type": "income",
    "account_sub_type": "sales_of_product_income",
    "description": "Revenue from seed / fry sales (income_type fingerling_sale).",
    "parent": null,
    "opening_balance": "0.00",
    "opening_balance_date": "2026-05-05",
    "is_active": true,
    "created_at": "2026-05-05T13:47:15.448Z",
    "updated_at": "2026-05-05T13:47:15.448Z"
  }
},
{
  "model": "api.chartofaccount",
  "pk": 91,
  "fields": {
    "company": 1,
    "account_code": "4242",
    "account_name": "Aquaculture Revenue — Processing & Value-Add",
    "account_type": "income",
    "account_sub_type": "service_fee_income",
    "description": "Processing, filleting, smoking, or other value-added services (income_type processing_value_add).",
    "parent": null,
    "opening_balance": "0.00",
    "opening_balance_date": "2026-05-05",
    "is_active": true,
    "created_at": "2026-05-05T13:47:15.448Z",
    "updated_at": "2026-05-05T13:47:15.448Z"
  }
},
{
  "model": "api.chartofaccount",
  "pk": 92,
  "fields": {
    "company": 1,
    "account_code": "4243",
    "account_name": "Aquaculture Revenue — Other",
    "account_type": "income",
    "account_sub_type": "other_income",
    "description": "Other aquaculture-related income (income_type other_income).",
    "parent": null,
    "opening_balance": "0.00",
    "opening_balance_date": "2026-05-05",
    "is_active": true,
    "created_at": "2026-05-05T13:47:15.449Z",
    "updated_at": "2026-05-05T13:47:15.449Z"
  }
},
{
  "model": "api.chartofaccount",
  "pk": 93,
  "fields": {
    "company": 1,
    "account_code": "4244",
    "account_name": "Aquaculture Revenue — Empty Sacks & Scrap Sales",
    "account_type": "income",
    "account_sub_type": "other_income",
    "description": "Empty feed sacks, used or rejected materials, and used or scrap equipment sold from ponds (income_type empty_feed_sack_sale, used_material_sale, rejected_material_sale, used_equipment_sale).",
    "parent": null,
    "opening_balance": "0.00",
    "opening_balance_date": "2026-05-05",
    "is_active": true,
    "created_at": "2026-05-05T13:47:15.449Z",
    "updated_at": "2026-05-05T13:47:15.449Z"
  }
},
{
  "model": "api.chartofaccount",
  "pk": 94,
  "fields": {
    "company": 1,
    "account_code": "6711",
    "account_name": "Aquaculture Expense — Lease & Pond Rights",
    "account_type": "expense",
    "account_sub_type": "rent_or_lease_of_buildings",
    "description": "Lease money and pond rental (maps to aquaculture expense_category lease).",
    "parent": null,
    "opening_balance": "0.00",
    "opening_balance_date": "2026-05-05",
    "is_active": true,
    "created_at": "2026-05-05T13:47:15.449Z",
    "updated_at": "2026-05-05T13:47:15.449Z"
  }
},
{
  "model": "api.chartofaccount",
  "pk": 95,
  "fields": {
    "company": 1,
    "account_code": "6712",
    "account_name": "Aquaculture Expense — Labor & Wages",
    "account_type": "expense",
    "account_sub_type": "payroll_expenses",
    "description": "Pond workers and casual labor (worker_salary).",
    "parent": null,
    "opening_balance": "0.00",
    "opening_balance_date": "2026-05-05",
    "is_active": true,
    "created_at": "2026-05-05T13:47:15.450Z",
    "updated_at": "2026-05-05T13:47:15.450Z"
  }
},
{
  "model": "api.chartofaccount",
  "pk": 96,
  "fields": {
    "company": 1,
    "account_code": "6713",
    "account_name": "Aquaculture Expense — Soil Cut & Earthworks",
    "account_type": "expense",
    "account_sub_type": "repair_maintenance",
    "description": "Soil cut and earthworks for pond construction or maintenance (soilcut).",
    "parent": null,
    "opening_balance": "0.00",
    "opening_balance_date": "2026-05-05",
    "is_active": true,
    "created_at": "2026-05-05T13:47:15.450Z",
    "updated_at": "2026-05-05T13:47:15.450Z"
  }
},
{
  "model": "api.chartofaccount",
  "pk": 97,
  "fields": {
    "company": 1,
    "account_code": "6714",
    "account_name": "Aquaculture Expense — Pond Preparation",
    "account_type": "expense",
    "account_sub_type": "supplies_materials",
    "description": "Liming, fertilization, drying, and preparation before stocking (pond_preparation).",
    "parent": null,
    "opening_balance": "0.00",
    "opening_balance_date": "2026-05-05",
    "is_active": true,
    "created_at": "2026-05-05T13:47:15.450Z",
    "updated_at": "2026-05-05T13:47:15.450Z"
  }
},
{
  "model": "api.chartofaccount",
  "pk": 98,
  "fields": {
    "company": 1,
    "account_code": "6715",
    "account_name": "Aquaculture Expense — Fry & Fingerlings",
    "account_type": "expense",
    "account_sub_type": "supplies_materials",
    "description": "Stocking purchases (fry_stocking).",
    "parent": null,
    "opening_balance": "0.00",
    "opening_balance_date": "2026-05-05",
    "is_active": true,
    "created_at": "2026-05-05T13:47:15.451Z",
    "updated_at": "2026-05-05T13:47:15.451Z"
  }
},
{
  "model": "api.chartofaccount",
  "pk": 99,
  "fields": {
    "company": 1,
    "account_code": "6716",
    "account_name": "Aquaculture Expense — Feed",
    "account_type": "expense",
    "account_sub_type": "supplies_materials",
    "description": "Commercial feed purchases (feed_purchase).",
    "parent": null,
    "opening_balance": "0.00",
    "opening_balance_date": "2026-05-05",
    "is_active": true,
    "created_at": "2026-05-05T13:47:15.451Z",
    "updated_at": "2026-05-05T13:47:15.451Z"
  }
},
{
  "model": "api.chartofaccount",
  "pk": 100,
  "fields": {
    "company": 1,
    "account_code": "6717",
    "account_name": "Aquaculture Expense — Electricity (Ponds)",
    "account_type": "expense",
    "account_sub_type": "utilities",
    "description": "Aeration and pond electricity (electricity).",
    "parent": null,
    "opening_balance": "0.00",
    "opening_balance_date": "2026-05-05",
    "is_active": true,
    "created_at": "2026-05-05T13:47:15.451Z",
    "updated_at": "2026-05-05T13:47:15.451Z"
  }
},
{
  "model": "api.chartofaccount",
  "pk": 101,
  "fields": {
    "company": 1,
    "account_code": "6718",
    "account_name": "Aquaculture Expense — Equipment & Repairs",
    "account_type": "expense",
    "account_sub_type": "repair_maintenance",
    "description": "Equipment, small tools, and repairs not capitalized to 1580 (equipment).",
    "parent": null,
    "opening_balance": "0.00",
    "opening_balance_date": "2026-05-05",
    "is_active": true,
    "created_at": "2026-05-05T13:47:15.452Z",
    "updated_at": "2026-05-05T13:47:15.452Z"
  }
},
{
  "model": "api.chartofaccount",
  "pk": 102,
  "fields": {
    "company": 1,
    "account_code": "6719",
    "account_name": "Aquaculture Expense — Harvesting & Fisherman Charges",
    "account_type": "expense",
    "account_sub_type": "other_business_expenses",
    "description": "Contract harvest and fisherman bills (fisherman).",
    "parent": null,
    "opening_balance": "0.00",
    "opening_balance_date": "2026-05-05",
    "is_active": true,
    "created_at": "2026-05-05T13:47:15.452Z",
    "updated_at": "2026-05-05T13:47:15.452Z"
  }
},
{
  "model": "api.chartofaccount",
  "pk": 103,
  "fields": {
    "company": 1,
    "account_code": "6720",
    "account_name": "Aquaculture Expense — Transportation",
    "account_type": "expense",
    "account_sub_type": "other_business_expenses",
    "description": "Fish haulage and logistics (transportation).",
    "parent": null,
    "opening_balance": "0.00",
    "opening_balance_date": "2026-05-05",
    "is_active": true,
    "created_at": "2026-05-05T13:47:15.452Z",
    "updated_at": "2026-05-05T13:47:15.452Z"
  }
},
{
  "model": "api.chartofaccount",
  "pk": 104,
  "fields": {
    "company": 1,
    "account_code": "6721",
    "account_name": "Aquaculture Expense — Medicine & Veterinary",
    "account_type": "expense",
    "account_sub_type": "supplies_materials",
    "description": "Medicine, vaccine, and veterinary supplies (medicine_purchase).",
    "parent": null,
    "opening_balance": "0.00",
    "opening_balance_date": "2026-05-05",
    "is_active": true,
    "created_at": "2026-05-05T13:47:15.452Z",
    "updated_at": "2026-05-05T13:47:15.452Z"
  }
},
{
  "model": "api.chartofaccount",
  "pk": 105,
  "fields": {
    "company": 1,
    "account_code": "6725",
    "account_name": "Aquaculture Expense — Miscellaneous & other operating",
    "account_type": "expense",
    "account_sub_type": "other_business_expenses",
    "description": "Miscellaneous pond costs (code other): boats, wiring, lighting, cameras, engines, aerators, nets, repairs, bikes, labour, site consumables, and items not mapped to a dedicated category.",
    "parent": null,
    "opening_balance": "0.00",
    "opening_balance_date": "2026-05-05",
    "is_active": true,
    "created_at": "2026-05-05T13:47:15.453Z",
    "updated_at": "2026-05-05T13:47:15.453Z"
  }
},
{
  "model": "api.chartofaccount",
  "pk": 106,
  "fields": {
    "company": 1,
    "account_code": "1581",
    "account_name": "Aquaculture — Biological Inventory (Live Fish in Ponds)",
    "account_type": "asset",
    "account_sub_type": "other_current_assets",
    "description": "Live fish biomass in ponds when capitalized; reduced on mortality (paired with 6726) or harvest, increased on positive count reconciliation (paired with 4244).",
    "parent": null,
    "opening_balance": "0.00",
    "opening_balance_date": "2026-05-05",
    "is_active": true,
    "created_at": "2026-05-05T13:47:15.453Z",
    "updated_at": "2026-05-05T13:47:15.453Z"
  }
},
{
  "model": "api.chartofaccount",
  "pk": 107,
  "fields": {
    "company": 1,
    "account_code": "6726",
    "account_name": "Aquaculture — Mortality, Predation & Shrinkage",
    "account_type": "expense",
    "account_sub_type": "other_business_expenses",
    "description": "Deaths, snake or predator losses, birds, theft, escapes, and similar shrinkage (Dr expense / Cr 1581).",
    "parent": null,
    "opening_balance": "0.00",
    "opening_balance_date": "2026-05-05",
    "is_active": true,
    "created_at": "2026-05-05T13:47:15.453Z",
    "updated_at": "2026-05-05T13:47:15.453Z"
  }
},
{
  "model": "api.chartofaccount",
  "pk": 108,
  "fields": {
    "company": 2,
    "account_code": "1010",
    "account_name": "Cash on Hand — Station Tills",
    "account_type": "asset",
    "account_sub_type": "cash_on_hand",
    "description": "Physical cash in registers and safes.\n\nFSERP / system use: Default cash side for paid POS invoices and similar flows; also used for Payments received when 1020 is not in the chart.",
    "parent": null,
    "opening_balance": "0.00",
    "opening_balance_date": "2026-05-06",
    "is_active": true,
    "created_at": "2026-05-06T01:30:25.917Z",
    "updated_at": "2026-05-06T01:30:25.917Z"
  }
},
{
  "model": "api.chartofaccount",
  "pk": 109,
  "fields": {
    "company": 2,
    "account_code": "1020",
    "account_name": "Cash Clearing — Undeposited",
    "account_type": "asset",
    "account_sub_type": "other_current_asset",
    "description": "Cash receipts not yet deposited to bank.\n\nFSERP / system use: Undeposited funds — preferred debit for Payments received when no bank register is selected (both 1010 and 1020 present); batch deposits move from here into the bank GL.",
    "parent": null,
    "opening_balance": "0.00",
    "opening_balance_date": "2026-05-06",
    "is_active": true,
    "created_at": "2026-05-06T01:30:25.919Z",
    "updated_at": "2026-05-06T01:30:25.919Z"
  }
},
{
  "model": "api.chartofaccount",
  "pk": 110,
  "fields": {
    "company": 2,
    "account_code": "1030",
    "account_name": "Bank — Operating Account",
    "account_type": "asset",
    "account_sub_type": "checking",
    "description": "Primary operating bank account.\n\nFSERP / system use: Operating bank GL; payments received/made and bank-linked transfers when no per-bank GL is set. Owner cash contributions: debit 1030, credit 3000 (Owner Equity / Shareholder Capital) in a journal entry — link your Bank Account register to this chart account so the bank statement shows the same GL activity. Loans module: use as Settlement GL for disbursements/repayments when cash moves through this bank account.",
    "parent": null,
    "opening_balance": "0.00",
    "opening_balance_date": "2026-05-06",
    "is_active": true,
    "created_at": "2026-05-06T01:30:25.920Z",
    "updated_at": "2026-05-06T01:30:25.920Z"
  }
},
{
  "model": "api.chartofaccount",
  "pk": 111,
  "fields": {
    "company": 2,
    "account_code": "1040",
    "account_name": "Bank — Card Settlement",
    "account_type": "asset",
    "account_sub_type": "checking",
    "description": "Dedicated account for card acquirer settlements (optional).",
    "parent": null,
    "opening_balance": "0.00",
    "opening_balance_date": "2026-05-06",
    "is_active": true,
    "created_at": "2026-05-06T01:30:25.921Z",
    "updated_at": "2026-05-06T01:30:25.921Z"
  }
},
{
  "model": "api.chartofaccount",
  "pk": 112,
  "fields": {
    "company": 2,
    "account_code": "1050",
    "account_name": "Bank — Tax / Trust (Statutory)",
    "account_type": "asset",
    "account_sub_type": "checking",
    "description": "Segregated statutory or tax trust account if required.",
    "parent": null,
    "opening_balance": "0.00",
    "opening_balance_date": "2026-05-06",
    "is_active": true,
    "created_at": "2026-05-06T01:30:25.922Z",
    "updated_at": "2026-05-06T01:30:25.922Z"
  }
},
{
  "model": "api.chartofaccount",
  "pk": 113,
  "fields": {
    "company": 2,
    "account_code": "1100",
    "account_name": "Accounts Receivable — Trade",
    "account_type": "asset",
    "account_sub_type": "accounts_receivable",
    "description": "Credit sales to walk-in or commercial customers.\n\nFSERP / system use: Trade receivables: credit invoices (sent/partial), customer payments received, and remaining AR on mark-paid.",
    "parent": null,
    "opening_balance": "0.00",
    "opening_balance_date": "2026-05-06",
    "is_active": true,
    "created_at": "2026-05-06T01:30:25.922Z",
    "updated_at": "2026-05-06T01:30:25.923Z"
  }
},
{
  "model": "api.chartofaccount",
  "pk": 114,
  "fields": {
    "company": 2,
    "account_code": "1110",
    "account_name": "Accounts Receivable — Fleet / Commercial",
    "account_type": "asset",
    "account_sub_type": "accounts_receivable",
    "description": "Billed fleet cards and commercial charge accounts.",
    "parent": null,
    "opening_balance": "0.00",
    "opening_balance_date": "2026-05-06",
    "is_active": true,
    "created_at": "2026-05-06T01:30:25.923Z",
    "updated_at": "2026-05-06T01:30:25.923Z"
  }
},
{
  "model": "api.chartofaccount",
  "pk": 115,
  "fields": {
    "company": 2,
    "account_code": "1120",
    "account_name": "Card Clearing — Visa / MC / Domestic Debit",
    "account_type": "asset",
    "account_sub_type": "other_current_asset",
    "description": "Unsettled card batches (acquirer clearing).\n\nFSERP / system use: Card / acquirer clearing: debit side for card POS sales when payment_method is card.",
    "parent": null,
    "opening_balance": "0.00",
    "opening_balance_date": "2026-05-06",
    "is_active": true,
    "created_at": "2026-05-06T01:30:25.924Z",
    "updated_at": "2026-05-06T01:30:25.924Z"
  }
},
{
  "model": "api.chartofaccount",
  "pk": 116,
  "fields": {
    "company": 2,
    "account_code": "1130",
    "account_name": "Card Clearing — Amex / Other Schemes",
    "account_type": "asset",
    "account_sub_type": "other_current_asset",
    "description": "Secondary card networks with different settlement cycles.",
    "parent": null,
    "opening_balance": "0.00",
    "opening_balance_date": "2026-05-06",
    "is_active": true,
    "created_at": "2026-05-06T01:30:25.924Z",
    "updated_at": "2026-05-06T01:30:25.924Z"
  }
},
{
  "model": "api.chartofaccount",
  "pk": 117,
  "fields": {
    "company": 2,
    "account_code": "1140",
    "account_name": "Allowance for Doubtful Accounts",
    "account_type": "asset",
    "account_sub_type": "allowance_for_bad_debts",
    "description": "Contra-AR reserve (credit balance; nets against receivables on the balance sheet).",
    "parent": null,
    "opening_balance": "0.00",
    "opening_balance_date": "2026-05-06",
    "is_active": true,
    "created_at": "2026-05-06T01:30:25.925Z",
    "updated_at": "2026-05-06T01:30:25.925Z"
  }
},
{
  "model": "api.chartofaccount",
  "pk": 118,
  "fields": {
    "company": 2,
    "account_code": "1150",
    "account_name": "Employee Advances & Loans",
    "account_type": "asset",
    "account_sub_type": "other_current_asset",
    "description": "Staff advances recoverable via payroll.",
    "parent": null,
    "opening_balance": "0.00",
    "opening_balance_date": "2026-05-06",
    "is_active": true,
    "created_at": "2026-05-06T01:30:25.926Z",
    "updated_at": "2026-05-06T01:30:25.926Z"
  }
},
{
  "model": "api.chartofaccount",
  "pk": 119,
  "fields": {
    "company": 2,
    "account_code": "1160",
    "account_name": "Loans Receivable — Principal (Money Lent)",
    "account_type": "loan",
    "account_sub_type": "loan_receivable",
    "description": "Balance-sheet principal for funds you lent to others. Use as **Principal GL** on Loans → **Lent**.\n\nFSERP / system use: Loans — principal receivable: Principal GL for money you **lent** (Loans → Lent). Chart type Loan, subtype loan receivable.",
    "parent": null,
    "opening_balance": "0.00",
    "opening_balance_date": "2026-05-06",
    "is_active": true,
    "created_at": "2026-05-06T01:30:25.927Z",
    "updated_at": "2026-05-06T01:30:25.927Z"
  }
},
{
  "model": "api.chartofaccount",
  "pk": 120,
  "fields": {
    "company": 2,
    "account_code": "1200",
    "account_name": "Inventory — Fuel (Wet Stock at Cost)",
    "account_type": "asset",
    "account_sub_type": "inventory",
    "description": "Tank inventory valued at cost (FIFO/weighted average per policy).\n\nFSERP / system use: Fuel (wet-stock) inventory: credited when COGS posts for fuel lines with item cost.",
    "parent": null,
    "opening_balance": "0.00",
    "opening_balance_date": "2026-05-06",
    "is_active": true,
    "created_at": "2026-05-06T01:30:25.928Z",
    "updated_at": "2026-05-06T01:30:25.928Z"
  }
},
{
  "model": "api.chartofaccount",
  "pk": 121,
  "fields": {
    "company": 2,
    "account_code": "1210",
    "account_name": "Inventory — Lubricants & Fluids",
    "account_type": "asset",
    "account_sub_type": "inventory",
    "description": "Oils, DEF, additives on hand.",
    "parent": null,
    "opening_balance": "0.00",
    "opening_balance_date": "2026-05-06",
    "is_active": true,
    "created_at": "2026-05-06T01:30:25.929Z",
    "updated_at": "2026-05-06T01:30:25.929Z"
  }
},
{
  "model": "api.chartofaccount",
  "pk": 122,
  "fields": {
    "company": 2,
    "account_code": "1220",
    "account_name": "Inventory — C-Store / Shop",
    "account_type": "asset",
    "account_sub_type": "inventory",
    "description": "Merchandise inventory for convenience retail.\n\nFSERP / system use: Shop / c-store inventory: credited when COGS posts for non-fuel lines with item cost.",
    "parent": null,
    "opening_balance": "0.00",
    "opening_balance_date": "2026-05-06",
    "is_active": true,
    "created_at": "2026-05-06T01:30:25.930Z",
    "updated_at": "2026-05-06T01:30:25.930Z"
  }
},
{
  "model": "api.chartofaccount",
  "pk": 123,
  "fields": {
    "company": 2,
    "account_code": "1230",
    "account_name": "Inventory — Other Products",
    "account_type": "asset",
    "account_sub_type": "inventory",
    "description": "Car care, accessories, other resale goods.",
    "parent": null,
    "opening_balance": "0.00",
    "opening_balance_date": "2026-05-06",
    "is_active": true,
    "created_at": "2026-05-06T01:30:25.931Z",
    "updated_at": "2026-05-06T01:30:25.931Z"
  }
},
{
  "model": "api.chartofaccount",
  "pk": 124,
  "fields": {
    "company": 2,
    "account_code": "1300",
    "account_name": "Prepaid Insurance",
    "account_type": "asset",
    "account_sub_type": "prepaid_expenses",
    "description": "Unexpired insurance premiums.",
    "parent": null,
    "opening_balance": "0.00",
    "opening_balance_date": "2026-05-06",
    "is_active": true,
    "created_at": "2026-05-06T01:30:25.932Z",
    "updated_at": "2026-05-06T01:30:25.932Z"
  }
},
{
  "model": "api.chartofaccount",
  "pk": 125,
  "fields": {
    "company": 2,
    "account_code": "1310",
    "account_name": "Prepaid Rent or Lease",
    "account_type": "asset",
    "account_sub_type": "prepaid_expenses",
    "description": "Rent paid in advance.",
    "parent": null,
    "opening_balance": "0.00",
    "opening_balance_date": "2026-05-06",
    "is_active": true,
    "created_at": "2026-05-06T01:30:25.933Z",
    "updated_at": "2026-05-06T01:30:25.933Z"
  }
},
{
  "model": "api.chartofaccount",
  "pk": 126,
  "fields": {
    "company": 2,
    "account_code": "1320",
    "account_name": "Prepaid Other",
    "account_type": "asset",
    "account_sub_type": "prepaid_expenses",
    "description": "Licenses, subscriptions, other prepaids.",
    "parent": null,
    "opening_balance": "0.00",
    "opening_balance_date": "2026-05-06",
    "is_active": true,
    "created_at": "2026-05-06T01:30:25.936Z",
    "updated_at": "2026-05-06T01:30:25.936Z"
  }
},
{
  "model": "api.chartofaccount",
  "pk": 127,
  "fields": {
    "company": 2,
    "account_code": "1330",
    "account_name": "Deposits — Utilities & Landlords",
    "account_type": "asset",
    "account_sub_type": "other_current_asset",
    "description": "Refundable utility or lease deposits.",
    "parent": null,
    "opening_balance": "0.00",
    "opening_balance_date": "2026-05-06",
    "is_active": true,
    "created_at": "2026-05-06T01:30:25.937Z",
    "updated_at": "2026-05-06T01:30:25.937Z"
  }
},
{
  "model": "api.chartofaccount",
  "pk": 128,
  "fields": {
    "company": 2,
    "account_code": "1500",
    "account_name": "Land",
    "account_type": "asset",
    "account_sub_type": "fixed_asset",
    "description": "Owned land (if capitalized separately).",
    "parent": null,
    "opening_balance": "0.00",
    "opening_balance_date": "2026-05-06",
    "is_active": true,
    "created_at": "2026-05-06T01:30:25.938Z",
    "updated_at": "2026-05-06T01:30:25.938Z"
  }
},
{
  "model": "api.chartofaccount",
  "pk": 129,
  "fields": {
    "company": 2,
    "account_code": "1510",
    "account_name": "Buildings — Station & Canopy",
    "account_type": "asset",
    "account_sub_type": "fixed_asset",
    "description": "Building and canopy structures.",
    "parent": null,
    "opening_balance": "0.00",
    "opening_balance_date": "2026-05-06",
    "is_active": true,
    "created_at": "2026-05-06T01:30:25.939Z",
    "updated_at": "2026-05-06T01:30:25.939Z"
  }
},
{
  "model": "api.chartofaccount",
  "pk": 130,
  "fields": {
    "company": 2,
    "account_code": "1520",
    "account_name": "Dispensing Equipment & Underground Systems",
    "account_type": "asset",
    "account_sub_type": "machinery_and_equipment",
    "description": "Pumps, lines, tank-related equipment.",
    "parent": null,
    "opening_balance": "0.00",
    "opening_balance_date": "2026-05-06",
    "is_active": true,
    "created_at": "2026-05-06T01:30:25.941Z",
    "updated_at": "2026-05-06T01:30:25.941Z"
  }
},
{
  "model": "api.chartofaccount",
  "pk": 131,
  "fields": {
    "company": 2,
    "account_code": "1530",
    "account_name": "Point of Sale & IT Equipment",
    "account_type": "asset",
    "account_sub_type": "machinery_and_equipment",
    "description": "POS, servers, networking, peripherals.",
    "parent": null,
    "opening_balance": "0.00",
    "opening_balance_date": "2026-05-06",
    "is_active": true,
    "created_at": "2026-05-06T01:30:25.942Z",
    "updated_at": "2026-05-06T01:30:25.942Z"
  }
},
{
  "model": "api.chartofaccount",
  "pk": 132,
  "fields": {
    "company": 2,
    "account_code": "1540",
    "account_name": "Vehicles & Mobile Equipment",
    "account_type": "asset",
    "account_sub_type": "vehicles",
    "description": "Delivery and service vehicles.",
    "parent": null,
    "opening_balance": "0.00",
    "opening_balance_date": "2026-05-06",
    "is_active": true,
    "created_at": "2026-05-06T01:30:25.943Z",
    "updated_at": "2026-05-06T01:30:25.943Z"
  }
},
{
  "model": "api.chartofaccount",
  "pk": 133,
  "fields": {
    "company": 2,
    "account_code": "1550",
    "account_name": "Accumulated Depreciation — Buildings & Equipment",
    "account_type": "asset",
    "account_sub_type": "accumulated_depreciation",
    "description": "Contra-asset: accumulated depreciation (credit balance).",
    "parent": null,
    "opening_balance": "0.00",
    "opening_balance_date": "2026-05-06",
    "is_active": true,
    "created_at": "2026-05-06T01:30:25.944Z",
    "updated_at": "2026-05-06T01:30:25.944Z"
  }
},
{
  "model": "api.chartofaccount",
  "pk": 134,
  "fields": {
    "company": 2,
    "account_code": "1560",
    "account_name": "Construction / Capex in Progress",
    "account_type": "asset",
    "account_sub_type": "fixed_asset",
    "description": "Capital projects not yet placed in service.",
    "parent": null,
    "opening_balance": "0.00",
    "opening_balance_date": "2026-05-06",
    "is_active": true,
    "created_at": "2026-05-06T01:30:25.945Z",
    "updated_at": "2026-05-06T01:30:25.945Z"
  }
},
{
  "model": "api.chartofaccount",
  "pk": 135,
  "fields": {
    "company": 2,
    "account_code": "2000",
    "account_name": "Accounts Payable — Trade",
    "account_type": "liability",
    "account_sub_type": "accounts_payable",
    "description": "Vendor invoices — general.\n\nFSERP / system use: Trade payables: vendor bills (non-draft) and payment-made journals.",
    "parent": null,
    "opening_balance": "0.00",
    "opening_balance_date": "2026-05-06",
    "is_active": true,
    "created_at": "2026-05-06T01:30:25.946Z",
    "updated_at": "2026-05-06T01:30:25.946Z"
  }
},
{
  "model": "api.chartofaccount",
  "pk": 136,
  "fields": {
    "company": 2,
    "account_code": "2010",
    "account_name": "Accounts Payable — Fuel Supplier",
    "account_type": "liability",
    "account_sub_type": "accounts_payable",
    "description": "Wet-stock and fuel delivery payables.",
    "parent": null,
    "opening_balance": "0.00",
    "opening_balance_date": "2026-05-06",
    "is_active": true,
    "created_at": "2026-05-06T01:30:25.947Z",
    "updated_at": "2026-05-06T01:30:25.947Z"
  }
},
{
  "model": "api.chartofaccount",
  "pk": 137,
  "fields": {
    "company": 2,
    "account_code": "2020",
    "account_name": "Credit Cards Payable — Company Cards",
    "account_type": "liability",
    "account_sub_type": "credit_card",
    "description": "Balances on corporate purchasing cards.",
    "parent": null,
    "opening_balance": "0.00",
    "opening_balance_date": "2026-05-06",
    "is_active": true,
    "created_at": "2026-05-06T01:30:25.948Z",
    "updated_at": "2026-05-06T01:30:25.949Z"
  }
},
{
  "model": "api.chartofaccount",
  "pk": 138,
  "fields": {
    "company": 2,
    "account_code": "2030",
    "account_name": "Customer Deposits & Prepayments",
    "account_type": "liability",
    "account_sub_type": "other_current_liability",
    "description": "Customer prepayments or deposits taken.",
    "parent": null,
    "opening_balance": "0.00",
    "opening_balance_date": "2026-05-06",
    "is_active": true,
    "created_at": "2026-05-06T01:30:25.950Z",
    "updated_at": "2026-05-06T01:30:25.950Z"
  }
},
{
  "model": "api.chartofaccount",
  "pk": 139,
  "fields": {
    "company": 2,
    "account_code": "2100",
    "account_name": "Sales / VAT Payable",
    "account_type": "liability",
    "account_sub_type": "sales_tax_payable",
    "description": "Collected sales or value-added tax remitted to authority.\n\nFSERP / system use: Collected VAT / sales tax on invoices and bills (output and simplified input side on bills).",
    "parent": null,
    "opening_balance": "0.00",
    "opening_balance_date": "2026-05-06",
    "is_active": true,
    "created_at": "2026-05-06T01:30:25.951Z",
    "updated_at": "2026-05-06T01:30:25.951Z"
  }
},
{
  "model": "api.chartofaccount",
  "pk": 140,
  "fields": {
    "company": 2,
    "account_code": "2110",
    "account_name": "Excise / Fuel Duty Payable",
    "account_type": "liability",
    "account_sub_type": "other_current_liability",
    "description": "Fuel excise or carbon levies (rename per jurisdiction).",
    "parent": null,
    "opening_balance": "0.00",
    "opening_balance_date": "2026-05-06",
    "is_active": true,
    "created_at": "2026-05-06T01:30:25.952Z",
    "updated_at": "2026-05-06T01:30:25.952Z"
  }
},
{
  "model": "api.chartofaccount",
  "pk": 141,
  "fields": {
    "company": 2,
    "account_code": "2120",
    "account_name": "Withholding Tax Payable",
    "account_type": "liability",
    "account_sub_type": "other_current_liability",
    "description": "Employee or vendor withholding due to tax authority.",
    "parent": null,
    "opening_balance": "0.00",
    "opening_balance_date": "2026-05-06",
    "is_active": true,
    "created_at": "2026-05-06T01:30:25.953Z",
    "updated_at": "2026-05-06T01:30:25.953Z"
  }
},
{
  "model": "api.chartofaccount",
  "pk": 142,
  "fields": {
    "company": 2,
    "account_code": "2130",
    "account_name": "Other Statutory Payables",
    "account_type": "liability",
    "account_sub_type": "other_current_liability",
    "description": "Environmental, licensing fees payable, etc.",
    "parent": null,
    "opening_balance": "0.00",
    "opening_balance_date": "2026-05-06",
    "is_active": true,
    "created_at": "2026-05-06T01:30:25.954Z",
    "updated_at": "2026-05-06T01:30:25.954Z"
  }
},
{
  "model": "api.chartofaccount",
  "pk": 143,
  "fields": {
    "company": 2,
    "account_code": "2200",
    "account_name": "Payroll — Salaries & Wages Payable",
    "account_type": "liability",
    "account_sub_type": "payroll_tax_payable",
    "description": "Net pay and accrued wages owed.",
    "parent": null,
    "opening_balance": "0.00",
    "opening_balance_date": "2026-05-06",
    "is_active": true,
    "created_at": "2026-05-06T01:30:25.955Z",
    "updated_at": "2026-05-06T01:30:25.955Z"
  }
},
{
  "model": "api.chartofaccount",
  "pk": 144,
  "fields": {
    "company": 2,
    "account_code": "2210",
    "account_name": "Payroll — Statutory Deductions Payable",
    "account_type": "liability",
    "account_sub_type": "payroll_tax_payable",
    "description": "Social security, health, pension contributions payable.",
    "parent": null,
    "opening_balance": "0.00",
    "opening_balance_date": "2026-05-06",
    "is_active": true,
    "created_at": "2026-05-06T01:30:25.956Z",
    "updated_at": "2026-05-06T01:30:25.956Z"
  }
},
{
  "model": "api.chartofaccount",
  "pk": 145,
  "fields": {
    "company": 2,
    "account_code": "2300",
    "account_name": "Accrued Expenses",
    "account_type": "liability",
    "account_sub_type": "other_current_liability",
    "description": "Accrued utilities, interest, and other period costs.",
    "parent": null,
    "opening_balance": "0.00",
    "opening_balance_date": "2026-05-06",
    "is_active": true,
    "created_at": "2026-05-06T01:30:25.957Z",
    "updated_at": "2026-05-06T01:30:25.957Z"
  }
},
{
  "model": "api.chartofaccount",
  "pk": 146,
  "fields": {
    "company": 2,
    "account_code": "2400",
    "account_name": "Short-Term Loans & Bank Overdraft",
    "account_type": "liability",
    "account_sub_type": "loan_payable",
    "description": "Working capital facilities due within 12 months.",
    "parent": null,
    "opening_balance": "0.00",
    "opening_balance_date": "2026-05-06",
    "is_active": true,
    "created_at": "2026-05-06T01:30:25.958Z",
    "updated_at": "2026-05-06T01:30:25.958Z"
  }
},
{
  "model": "api.chartofaccount",
  "pk": 147,
  "fields": {
    "company": 2,
    "account_code": "2410",
    "account_name": "Loans Payable — Principal (Borrowed Funds)",
    "account_type": "loan",
    "account_sub_type": "loan_payable",
    "description": "Balance-sheet principal for bank and third-party loans you owe. Use as **Principal GL** on Loans → **Borrowed**.\n\nFSERP / system use: Loans — principal payable: Principal GL for money you **borrowed** (Loans → Borrowed). Chart type Loan, subtype loan payable.",
    "parent": null,
    "opening_balance": "0.00",
    "opening_balance_date": "2026-05-06",
    "is_active": true,
    "created_at": "2026-05-06T01:30:25.960Z",
    "updated_at": "2026-05-06T01:30:25.960Z"
  }
},
{
  "model": "api.chartofaccount",
  "pk": 148,
  "fields": {
    "company": 2,
    "account_code": "2500",
    "account_name": "Long-Term Debt",
    "account_type": "liability",
    "account_sub_type": "long_term_liability",
    "description": "Term loans and notes payable beyond 12 months.",
    "parent": null,
    "opening_balance": "0.00",
    "opening_balance_date": "2026-05-06",
    "is_active": true,
    "created_at": "2026-05-06T01:30:25.961Z",
    "updated_at": "2026-05-06T01:30:25.961Z"
  }
},
{
  "model": "api.chartofaccount",
  "pk": 149,
  "fields": {
    "company": 2,
    "account_code": "3000",
    "account_name": "Owner Equity / Shareholder Capital",
    "account_type": "equity",
    "account_sub_type": "owner_equity",
    "description": "Paid-in capital and owner contributions.\n\nFSERP / system use: Owner Equity / Shareholder Capital (3000): credit this (and debit a bank/cash GL) via a manual journal when owners invest cash.",
    "parent": null,
    "opening_balance": "0.00",
    "opening_balance_date": "2026-05-06",
    "is_active": true,
    "created_at": "2026-05-06T01:30:25.963Z",
    "updated_at": "2026-05-06T01:30:25.963Z"
  }
},
{
  "model": "api.chartofaccount",
  "pk": 150,
  "fields": {
    "company": 2,
    "account_code": "3100",
    "account_name": "Retained Earnings",
    "account_type": "equity",
    "account_sub_type": "retained_earnings",
    "description": "Accumulated profits carried forward.",
    "parent": null,
    "opening_balance": "0.00",
    "opening_balance_date": "2026-05-06",
    "is_active": true,
    "created_at": "2026-05-06T01:30:25.964Z",
    "updated_at": "2026-05-06T01:30:25.964Z"
  }
},
{
  "model": "api.chartofaccount",
  "pk": 151,
  "fields": {
    "company": 2,
    "account_code": "3200",
    "account_name": "Opening Balance Equity",
    "account_type": "equity",
    "account_sub_type": "opening_balance_equity",
    "description": "System opening balance offset during initial setup.",
    "parent": null,
    "opening_balance": "0.00",
    "opening_balance_date": "2026-05-06",
    "is_active": true,
    "created_at": "2026-05-06T01:30:25.966Z",
    "updated_at": "2026-05-06T01:30:25.966Z"
  }
},
{
  "model": "api.chartofaccount",
  "pk": 152,
  "fields": {
    "company": 2,
    "account_code": "3300",
    "account_name": "Dividends / Owner Drawings",
    "account_type": "equity",
    "account_sub_type": "equity",
    "description": "Distributions to owners (permanent accounts per policy).\n\nFSERP / system use: Owner drawings / dividends: debit this (and credit bank/cash GL) when owners withdraw; use Journal Entries, not Fund Transfer.",
    "parent": null,
    "opening_balance": "0.00",
    "opening_balance_date": "2026-05-06",
    "is_active": true,
    "created_at": "2026-05-06T01:30:25.967Z",
    "updated_at": "2026-05-06T01:30:25.967Z"
  }
},
{
  "model": "api.chartofaccount",
  "pk": 153,
  "fields": {
    "company": 2,
    "account_code": "4100",
    "account_name": "Fuel Sales — Gasoline / Petrol",
    "account_type": "income",
    "account_sub_type": "sales_of_product_income",
    "description": "Retail gasoline / petrol sales.\n\nFSERP / system use: Revenue for fuel-grade / liter-based POS and invoice lines.",
    "parent": null,
    "opening_balance": "0.00",
    "opening_balance_date": "2026-05-06",
    "is_active": true,
    "created_at": "2026-05-06T01:30:25.968Z",
    "updated_at": "2026-05-06T01:30:25.968Z"
  }
},
{
  "model": "api.chartofaccount",
  "pk": 154,
  "fields": {
    "company": 2,
    "account_code": "4110",
    "account_name": "Fuel Sales — Diesel",
    "account_type": "income",
    "account_sub_type": "sales_of_product_income",
    "description": "Retail diesel sales.",
    "parent": null,
    "opening_balance": "0.00",
    "opening_balance_date": "2026-05-06",
    "is_active": true,
    "created_at": "2026-05-06T01:30:25.969Z",
    "updated_at": "2026-05-06T01:30:25.969Z"
  }
},
{
  "model": "api.chartofaccount",
  "pk": 155,
  "fields": {
    "company": 2,
    "account_code": "4120",
    "account_name": "Fuel Sales — Premium / Super",
    "account_type": "income",
    "account_sub_type": "sales_of_product_income",
    "description": "Higher-octane or premium grades.",
    "parent": null,
    "opening_balance": "0.00",
    "opening_balance_date": "2026-05-06",
    "is_active": true,
    "created_at": "2026-05-06T01:30:25.969Z",
    "updated_at": "2026-05-06T01:30:25.969Z"
  }
},
{
  "model": "api.chartofaccount",
  "pk": 156,
  "fields": {
    "company": 2,
    "account_code": "4130",
    "account_name": "Fuel Sales — Other Grades / Blends",
    "account_type": "income",
    "account_sub_type": "sales_of_product_income",
    "description": "E85, biodiesel blends, other fuels.",
    "parent": null,
    "opening_balance": "0.00",
    "opening_balance_date": "2026-05-06",
    "is_active": true,
    "created_at": "2026-05-06T01:30:25.970Z",
    "updated_at": "2026-05-06T01:30:25.970Z"
  }
},
{
  "model": "api.chartofaccount",
  "pk": 157,
  "fields": {
    "company": 2,
    "account_code": "4140",
    "account_name": "Fuel Sales — Fleet & Commercial (B2B)",
    "account_type": "income",
    "account_sub_type": "sales_of_product_income",
    "description": "Fuel sold on credit to fleet accounts.",
    "parent": null,
    "opening_balance": "0.00",
    "opening_balance_date": "2026-05-06",
    "is_active": true,
    "created_at": "2026-05-06T01:30:25.971Z",
    "updated_at": "2026-05-06T01:30:25.971Z"
  }
},
{
  "model": "api.chartofaccount",
  "pk": 158,
  "fields": {
    "company": 2,
    "account_code": "4200",
    "account_name": "C-Store / Convenience Sales",
    "account_type": "income",
    "account_sub_type": "sales_of_product_income",
    "description": "Merchandise and tobacco where permitted.\n\nFSERP / system use: Revenue for shop / convenience-style POS and invoice lines.",
    "parent": null,
    "opening_balance": "0.00",
    "opening_balance_date": "2026-05-06",
    "is_active": true,
    "created_at": "2026-05-06T01:30:25.972Z",
    "updated_at": "2026-05-06T01:30:25.973Z"
  }
},
{
  "model": "api.chartofaccount",
  "pk": 159,
  "fields": {
    "company": 2,
    "account_code": "4210",
    "account_name": "Lubricants & Additives — Over-the-Counter",
    "account_type": "income",
    "account_sub_type": "sales_of_product_income",
    "description": "Bottled lubes and additives sold at counter.",
    "parent": null,
    "opening_balance": "0.00",
    "opening_balance_date": "2026-05-06",
    "is_active": true,
    "created_at": "2026-05-06T01:30:25.974Z",
    "updated_at": "2026-05-06T01:30:25.974Z"
  }
},
{
  "model": "api.chartofaccount",
  "pk": 160,
  "fields": {
    "company": 2,
    "account_code": "4220",
    "account_name": "Car Wash & Services",
    "account_type": "income",
    "account_sub_type": "service_fee_income",
    "description": "Wash bay and ancillary services revenue.",
    "parent": null,
    "opening_balance": "0.00",
    "opening_balance_date": "2026-05-06",
    "is_active": true,
    "created_at": "2026-05-06T01:30:25.975Z",
    "updated_at": "2026-05-06T01:30:25.975Z"
  }
},
{
  "model": "api.chartofaccount",
  "pk": 161,
  "fields": {
    "company": 2,
    "account_code": "4230",
    "account_name": "Other Operating Revenue",
    "account_type": "income",
    "account_sub_type": "other_income",
    "description": "Air, vacuum, commissions, misc. operating.\n\nFSERP / system use: Fallback revenue when a line does not map to 4100/4200.",
    "parent": null,
    "opening_balance": "0.00",
    "opening_balance_date": "2026-05-06",
    "is_active": true,
    "created_at": "2026-05-06T01:30:25.976Z",
    "updated_at": "2026-05-06T01:30:25.976Z"
  }
},
{
  "model": "api.chartofaccount",
  "pk": 162,
  "fields": {
    "company": 2,
    "account_code": "4300",
    "account_name": "Discounts & Promotions (Contra Revenue)",
    "account_type": "income",
    "account_sub_type": "discounts_refunds_given",
    "description": "Loyalty and pump discounts (contra-revenue; net against sales per policy).",
    "parent": null,
    "opening_balance": "0.00",
    "opening_balance_date": "2026-05-06",
    "is_active": true,
    "created_at": "2026-05-06T01:30:25.977Z",
    "updated_at": "2026-05-06T01:30:25.977Z"
  }
},
{
  "model": "api.chartofaccount",
  "pk": 163,
  "fields": {
    "company": 2,
    "account_code": "4400",
    "account_name": "Interest & Non-Operating Income",
    "account_type": "income",
    "account_sub_type": "other_income",
    "description": "Bank interest, rebates, insurance recoveries.",
    "parent": null,
    "opening_balance": "0.00",
    "opening_balance_date": "2026-05-06",
    "is_active": true,
    "created_at": "2026-05-06T01:30:25.977Z",
    "updated_at": "2026-05-06T01:30:25.977Z"
  }
},
{
  "model": "api.chartofaccount",
  "pk": 164,
  "fields": {
    "company": 2,
    "account_code": "4410",
    "account_name": "Interest Income — Loans Receivable",
    "account_type": "income",
    "account_sub_type": "other_income",
    "description": "Interest earned on lent funds. Optional **Interest GL** when splitting principal vs interest on **Lent** loans.\n\nFSERP / system use: Loans — interest income on funds lent; optional Interest GL when splitting repayments on lent loans.",
    "parent": null,
    "opening_balance": "0.00",
    "opening_balance_date": "2026-05-06",
    "is_active": true,
    "created_at": "2026-05-06T01:30:25.978Z",
    "updated_at": "2026-05-06T01:30:25.978Z"
  }
},
{
  "model": "api.chartofaccount",
  "pk": 165,
  "fields": {
    "company": 2,
    "account_code": "5100",
    "account_name": "Cost of Fuel Sold",
    "account_type": "cost_of_goods_sold",
    "account_sub_type": "cost_of_goods_sold",
    "description": "Fuel COGS (wet stock consumed) matched to fuel revenue.\n\nFSERP / system use: COGS for fuel lines (debit) when items have unit cost.",
    "parent": null,
    "opening_balance": "0.00",
    "opening_balance_date": "2026-05-06",
    "is_active": true,
    "created_at": "2026-05-06T01:30:25.979Z",
    "updated_at": "2026-05-06T01:30:25.979Z"
  }
},
{
  "model": "api.chartofaccount",
  "pk": 166,
  "fields": {
    "company": 2,
    "account_code": "5110",
    "account_name": "Cost of Lubricants & Fluids Sold",
    "account_type": "cost_of_goods_sold",
    "account_sub_type": "supplies_materials_cogs",
    "description": "Product cost for lube and fluids sold.",
    "parent": null,
    "opening_balance": "0.00",
    "opening_balance_date": "2026-05-06",
    "is_active": true,
    "created_at": "2026-05-06T01:30:25.981Z",
    "updated_at": "2026-05-06T01:30:25.981Z"
  }
},
{
  "model": "api.chartofaccount",
  "pk": 167,
  "fields": {
    "company": 2,
    "account_code": "5120",
    "account_name": "Cost of C-Store Goods Sold",
    "account_type": "cost_of_goods_sold",
    "account_sub_type": "cost_of_goods_sold",
    "description": "Merchandise COGS for shop.\n\nFSERP / system use: COGS for shop lines (debit) when items have unit cost.",
    "parent": null,
    "opening_balance": "0.00",
    "opening_balance_date": "2026-05-06",
    "is_active": true,
    "created_at": "2026-05-06T01:30:25.982Z",
    "updated_at": "2026-05-06T01:30:25.982Z"
  }
},
{
  "model": "api.chartofaccount",
  "pk": 168,
  "fields": {
    "company": 2,
    "account_code": "5200",
    "account_name": "Inventory Shrinkage — Fuel (Wet Loss / Variance)",
    "account_type": "cost_of_goods_sold",
    "account_sub_type": "cost_of_goods_sold",
    "description": "Tank loss, evaporation, meter variance beyond tolerance.",
    "parent": null,
    "opening_balance": "0.00",
    "opening_balance_date": "2026-05-06",
    "is_active": true,
    "created_at": "2026-05-06T01:30:25.983Z",
    "updated_at": "2026-05-06T01:30:25.983Z"
  }
},
{
  "model": "api.chartofaccount",
  "pk": 169,
  "fields": {
    "company": 2,
    "account_code": "5210",
    "account_name": "Inventory Shrinkage — Shop / Other",
    "account_type": "cost_of_goods_sold",
    "account_sub_type": "cost_of_goods_sold",
    "description": "Theft, damage, count adjustments (non-fuel).",
    "parent": null,
    "opening_balance": "0.00",
    "opening_balance_date": "2026-05-06",
    "is_active": true,
    "created_at": "2026-05-06T01:30:25.984Z",
    "updated_at": "2026-05-06T01:30:25.984Z"
  }
},
{
  "model": "api.chartofaccount",
  "pk": 170,
  "fields": {
    "company": 2,
    "account_code": "6100",
    "account_name": "Utilities — Electricity",
    "account_type": "expense",
    "account_sub_type": "utilities",
    "description": "Power for pumps, lighting, refrigeration.",
    "parent": null,
    "opening_balance": "0.00",
    "opening_balance_date": "2026-05-06",
    "is_active": true,
    "created_at": "2026-05-06T01:30:25.985Z",
    "updated_at": "2026-05-06T01:30:25.985Z"
  }
},
{
  "model": "api.chartofaccount",
  "pk": 171,
  "fields": {
    "company": 2,
    "account_code": "6110",
    "account_name": "Utilities — Water & Sewer",
    "account_type": "expense",
    "account_sub_type": "utilities",
    "description": "Water for wash and site use.",
    "parent": null,
    "opening_balance": "0.00",
    "opening_balance_date": "2026-05-06",
    "is_active": true,
    "created_at": "2026-05-06T01:30:25.986Z",
    "updated_at": "2026-05-06T01:30:25.986Z"
  }
},
{
  "model": "api.chartofaccount",
  "pk": 172,
  "fields": {
    "company": 2,
    "account_code": "6200",
    "account_name": "Rent or Lease — Land & Building",
    "account_type": "expense",
    "account_sub_type": "rent_or_lease_of_buildings",
    "description": "Site lease or land rent.",
    "parent": null,
    "opening_balance": "0.00",
    "opening_balance_date": "2026-05-06",
    "is_active": true,
    "created_at": "2026-05-06T01:30:25.987Z",
    "updated_at": "2026-05-06T01:30:25.987Z"
  }
},
{
  "model": "api.chartofaccount",
  "pk": 173,
  "fields": {
    "company": 2,
    "account_code": "6210",
    "account_name": "Lease — Equipment & Vehicles",
    "account_type": "expense",
    "account_sub_type": "rent_or_lease_of_buildings",
    "description": "Operating leases for equipment.",
    "parent": null,
    "opening_balance": "0.00",
    "opening_balance_date": "2026-05-06",
    "is_active": true,
    "created_at": "2026-05-06T01:30:25.987Z",
    "updated_at": "2026-05-06T01:30:25.987Z"
  }
},
{
  "model": "api.chartofaccount",
  "pk": 174,
  "fields": {
    "company": 2,
    "account_code": "6300",
    "account_name": "Repairs & Maintenance — Dispensing & Site",
    "account_type": "expense",
    "account_sub_type": "repair_maintenance",
    "description": "Pump repair, line maintenance, forecourt upkeep.",
    "parent": null,
    "opening_balance": "0.00",
    "opening_balance_date": "2026-05-06",
    "is_active": true,
    "created_at": "2026-05-06T01:30:25.988Z",
    "updated_at": "2026-05-06T01:30:25.988Z"
  }
},
{
  "model": "api.chartofaccount",
  "pk": 175,
  "fields": {
    "company": 2,
    "account_code": "6310",
    "account_name": "Repairs & Maintenance — Building & Canopy",
    "account_type": "expense",
    "account_sub_type": "repair_maintenance",
    "description": "Structural and cosmetic maintenance.",
    "parent": null,
    "opening_balance": "0.00",
    "opening_balance_date": "2026-05-06",
    "is_active": true,
    "created_at": "2026-05-06T01:30:25.989Z",
    "updated_at": "2026-05-06T01:30:25.989Z"
  }
},
{
  "model": "api.chartofaccount",
  "pk": 176,
  "fields": {
    "company": 2,
    "account_code": "6400",
    "account_name": "Salaries & Wages",
    "account_type": "expense",
    "account_sub_type": "payroll_expenses",
    "description": "Gross wages before employer taxes and benefits.",
    "parent": null,
    "opening_balance": "0.00",
    "opening_balance_date": "2026-05-06",
    "is_active": true,
    "created_at": "2026-05-06T01:30:25.990Z",
    "updated_at": "2026-05-06T01:30:25.990Z"
  }
},
{
  "model": "api.chartofaccount",
  "pk": 177,
  "fields": {
    "company": 2,
    "account_code": "6410",
    "account_name": "Payroll Taxes & Employer Contributions",
    "account_type": "expense",
    "account_sub_type": "payroll_expenses",
    "description": "Employer payroll taxes and benefits.",
    "parent": null,
    "opening_balance": "0.00",
    "opening_balance_date": "2026-05-06",
    "is_active": true,
    "created_at": "2026-05-06T01:30:25.991Z",
    "updated_at": "2026-05-06T01:30:25.991Z"
  }
},
{
  "model": "api.chartofaccount",
  "pk": 178,
  "fields": {
    "company": 2,
    "account_code": "6420",
    "account_name": "Staff Training & Uniforms",
    "account_type": "expense",
    "account_sub_type": "payroll_expenses",
    "description": "Training, safety gear, uniforms.",
    "parent": null,
    "opening_balance": "0.00",
    "opening_balance_date": "2026-05-06",
    "is_active": true,
    "created_at": "2026-05-06T01:30:25.992Z",
    "updated_at": "2026-05-06T01:30:25.992Z"
  }
},
{
  "model": "api.chartofaccount",
  "pk": 179,
  "fields": {
    "company": 2,
    "account_code": "6500",
    "account_name": "Insurance — Property & Business Interruption",
    "account_type": "expense",
    "account_sub_type": "insurance",
    "description": "Site, inventory, and business continuity coverage.",
    "parent": null,
    "opening_balance": "0.00",
    "opening_balance_date": "2026-05-06",
    "is_active": true,
    "created_at": "2026-05-06T01:30:25.993Z",
    "updated_at": "2026-05-06T01:30:25.993Z"
  }
},
{
  "model": "api.chartofaccount",
  "pk": 180,
  "fields": {
    "company": 2,
    "account_code": "6510",
    "account_name": "Insurance — Liability & Environmental",
    "account_type": "expense",
    "account_sub_type": "insurance",
    "description": "General liability, pollution, statutory coverage.",
    "parent": null,
    "opening_balance": "0.00",
    "opening_balance_date": "2026-05-06",
    "is_active": true,
    "created_at": "2026-05-06T01:30:25.994Z",
    "updated_at": "2026-05-06T01:30:25.994Z"
  }
},
{
  "model": "api.chartofaccount",
  "pk": 181,
  "fields": {
    "company": 2,
    "account_code": "6600",
    "account_name": "Bank Charges & Merchant Service Fees",
    "account_type": "expense",
    "account_sub_type": "office_general_administrative_expenses",
    "description": "Card interchange, acquirer fees, bank service charges.",
    "parent": null,
    "opening_balance": "0.00",
    "opening_balance_date": "2026-05-06",
    "is_active": true,
    "created_at": "2026-05-06T01:30:25.995Z",
    "updated_at": "2026-05-06T01:30:25.995Z"
  }
},
{
  "model": "api.chartofaccount",
  "pk": 182,
  "fields": {
    "company": 2,
    "account_code": "6610",
    "account_name": "Cash Over / Short",
    "account_type": "expense",
    "account_sub_type": "other_business_expenses",
    "description": "Till variances after investigation.",
    "parent": null,
    "opening_balance": "0.00",
    "opening_balance_date": "2026-05-06",
    "is_active": true,
    "created_at": "2026-05-06T01:30:25.996Z",
    "updated_at": "2026-05-06T01:30:25.996Z"
  }
},
{
  "model": "api.chartofaccount",
  "pk": 183,
  "fields": {
    "company": 2,
    "account_code": "6620",
    "account_name": "Interest Expense — Loan Borrowings",
    "account_type": "expense",
    "account_sub_type": "other_business_expenses",
    "description": "Interest paid on borrowed funds. Optional **Interest GL** when splitting principal vs interest on **Borrowed** loans.\n\nFSERP / system use: Loans — interest expense on borrowings; optional Interest GL when splitting repayments on borrowed loans.",
    "parent": null,
    "opening_balance": "0.00",
    "opening_balance_date": "2026-05-06",
    "is_active": true,
    "created_at": "2026-05-06T01:30:25.996Z",
    "updated_at": "2026-05-06T01:30:25.996Z"
  }
},
{
  "model": "api.chartofaccount",
  "pk": 184,
  "fields": {
    "company": 2,
    "account_code": "6700",
    "account_name": "Marketing & Loyalty Programs",
    "account_type": "expense",
    "account_sub_type": "advertising_promotional",
    "description": "Local ads, signage, loyalty subsidies.",
    "parent": null,
    "opening_balance": "0.00",
    "opening_balance_date": "2026-05-06",
    "is_active": true,
    "created_at": "2026-05-06T01:30:25.997Z",
    "updated_at": "2026-05-06T01:30:25.997Z"
  }
},
{
  "model": "api.chartofaccount",
  "pk": 185,
  "fields": {
    "company": 2,
    "account_code": "6800",
    "account_name": "Professional Fees — Legal & Accounting",
    "account_type": "expense",
    "account_sub_type": "office_general_administrative_expenses",
    "description": "Auditors, lawyers, consultants.",
    "parent": null,
    "opening_balance": "0.00",
    "opening_balance_date": "2026-05-06",
    "is_active": true,
    "created_at": "2026-05-06T01:30:25.998Z",
    "updated_at": "2026-05-06T01:30:25.998Z"
  }
},
{
  "model": "api.chartofaccount",
  "pk": 186,
  "fields": {
    "company": 2,
    "account_code": "6810",
    "account_name": "IT & Software Subscriptions",
    "account_type": "expense",
    "account_sub_type": "office_general_administrative_expenses",
    "description": "SaaS, support, cybersecurity.",
    "parent": null,
    "opening_balance": "0.00",
    "opening_balance_date": "2026-05-06",
    "is_active": true,
    "created_at": "2026-05-06T01:30:25.999Z",
    "updated_at": "2026-05-06T01:30:25.999Z"
  }
},
{
  "model": "api.chartofaccount",
  "pk": 187,
  "fields": {
    "company": 2,
    "account_code": "6900",
    "account_name": "Office & Administrative",
    "account_type": "expense",
    "account_sub_type": "office_general_administrative_expenses",
    "description": "Supplies, postage, small tools not capitalized.\n\nFSERP / system use: Default expense for vendor bills (full bill amount to expense when bill posts).",
    "parent": null,
    "opening_balance": "0.00",
    "opening_balance_date": "2026-05-06",
    "is_active": true,
    "created_at": "2026-05-06T01:30:25.999Z",
    "updated_at": "2026-05-06T01:30:25.999Z"
  }
},
{
  "model": "api.chartofaccount",
  "pk": 188,
  "fields": {
    "company": 2,
    "account_code": "6910",
    "account_name": "Donation & Social Support",
    "account_type": "expense",
    "account_sub_type": "other_business_expenses",
    "description": "Charitable giving and local social support paid from station cash; use POS to debit expense and credit cash in hand (1010) or the active register.\n\nFSERP / system use: Donation and social support paid from the station: record in POS; debits 6910 and credits 1010 Cash on Hand or the selected cash register’s linked GL (same as sales deposits).",
    "parent": null,
    "opening_balance": "0.00",
    "opening_balance_date": "2026-05-06",
    "is_active": true,
    "created_at": "2026-05-06T01:30:26.000Z",
    "updated_at": "2026-05-06T01:30:26.000Z"
  }
},
{
  "model": "api.chartofaccount",
  "pk": 189,
  "fields": {
    "company": 2,
    "account_code": "7000",
    "account_name": "Security & Cash Handling Services",
    "account_type": "expense",
    "account_sub_type": "other_business_expenses",
    "description": "CIT, alarms, monitoring.",
    "parent": null,
    "opening_balance": "0.00",
    "opening_balance_date": "2026-05-06",
    "is_active": true,
    "created_at": "2026-05-06T01:30:26.001Z",
    "updated_at": "2026-05-06T01:30:26.001Z"
  }
},
{
  "model": "api.chartofaccount",
  "pk": 190,
  "fields": {
    "company": 2,
    "account_code": "7100",
    "account_name": "Fuel Freight & Delivery In",
    "account_type": "expense",
    "account_sub_type": "supplies_materials",
    "description": "Transport surcharges on wet-stock deliveries.",
    "parent": null,
    "opening_balance": "0.00",
    "opening_balance_date": "2026-05-06",
    "is_active": true,
    "created_at": "2026-05-06T01:30:26.001Z",
    "updated_at": "2026-05-06T01:30:26.001Z"
  }
},
{
  "model": "api.chartofaccount",
  "pk": 191,
  "fields": {
    "company": 2,
    "account_code": "7200",
    "account_name": "Licenses, Permits & Memberships",
    "account_type": "expense",
    "account_sub_type": "other_business_expenses",
    "description": "Station licenses, industry association dues.",
    "parent": null,
    "opening_balance": "0.00",
    "opening_balance_date": "2026-05-06",
    "is_active": true,
    "created_at": "2026-05-06T01:30:26.002Z",
    "updated_at": "2026-05-06T01:30:26.002Z"
  }
},
{
  "model": "api.chartofaccount",
  "pk": 192,
  "fields": {
    "company": 2,
    "account_code": "7300",
    "account_name": "Environmental & Compliance",
    "account_type": "expense",
    "account_sub_type": "other_business_expenses",
    "description": "Testing, inspections, spill prevention supplies.",
    "parent": null,
    "opening_balance": "0.00",
    "opening_balance_date": "2026-05-06",
    "is_active": true,
    "created_at": "2026-05-06T01:30:26.003Z",
    "updated_at": "2026-05-06T01:30:26.003Z"
  }
},
{
  "model": "api.chartofaccount",
  "pk": 193,
  "fields": {
    "company": 2,
    "account_code": "7400",
    "account_name": "Loss on Asset Disposal / Write-off",
    "account_type": "expense",
    "account_sub_type": "other_business_expenses",
    "description": "Net loss on sale or retirement of assets.",
    "parent": null,
    "opening_balance": "0.00",
    "opening_balance_date": "2026-05-06",
    "is_active": true,
    "created_at": "2026-05-06T01:30:26.004Z",
    "updated_at": "2026-05-06T01:30:26.004Z"
  }
},
{
  "model": "api.chartofaccount",
  "pk": 194,
  "fields": {
    "company": 2,
    "account_code": "1580",
    "account_name": "Aquaculture — Pond & Production Equipment (Capitalizable)",
    "account_type": "asset",
    "account_sub_type": "machinery_and_equipment",
    "description": "Capitalize durable pond equipment, aerators, nets, and similar when following a fixed-asset policy.",
    "parent": null,
    "opening_balance": "0.00",
    "opening_balance_date": "2026-05-06",
    "is_active": true,
    "created_at": "2026-05-06T01:30:26.013Z",
    "updated_at": "2026-05-06T01:30:26.013Z"
  }
},
{
  "model": "api.chartofaccount",
  "pk": 195,
  "fields": {
    "company": 2,
    "account_code": "3190",
    "account_name": "Aquaculture — Pond Profit Clearing (Equity)",
    "account_type": "equity",
    "account_sub_type": "retained_earnings",
    "description": "Common credit side when posting pond profit transfers from management P&L into the books; pair with bank or cash.",
    "parent": null,
    "opening_balance": "0.00",
    "opening_balance_date": "2026-05-06",
    "is_active": true,
    "created_at": "2026-05-06T01:30:26.014Z",
    "updated_at": "2026-05-06T01:30:26.014Z"
  }
},
{
  "model": "api.chartofaccount",
  "pk": 196,
  "fields": {
    "company": 2,
    "account_code": "4240",
    "account_name": "Aquaculture Revenue — Fish Harvest Sales",
    "account_type": "income",
    "account_sub_type": "sales_of_product_income",
    "description": "Revenue from table-size / harvest fish sales (see Aquaculture income_type fish_harvest_sale).",
    "parent": null,
    "opening_balance": "0.00",
    "opening_balance_date": "2026-05-06",
    "is_active": true,
    "created_at": "2026-05-06T01:30:26.014Z",
    "updated_at": "2026-05-06T01:30:26.014Z"
  }
},
{
  "model": "api.chartofaccount",
  "pk": 197,
  "fields": {
    "company": 2,
    "account_code": "4241",
    "account_name": "Aquaculture Revenue — Fingerling & Fry Sales",
    "account_type": "income",
    "account_sub_type": "sales_of_product_income",
    "description": "Revenue from seed / fry sales (income_type fingerling_sale).",
    "parent": null,
    "opening_balance": "0.00",
    "opening_balance_date": "2026-05-06",
    "is_active": true,
    "created_at": "2026-05-06T01:30:26.015Z",
    "updated_at": "2026-05-06T01:30:26.015Z"
  }
},
{
  "model": "api.chartofaccount",
  "pk": 198,
  "fields": {
    "company": 2,
    "account_code": "4242",
    "account_name": "Aquaculture Revenue — Processing & Value-Add",
    "account_type": "income",
    "account_sub_type": "service_fee_income",
    "description": "Processing, filleting, smoking, or other value-added services (income_type processing_value_add).",
    "parent": null,
    "opening_balance": "0.00",
    "opening_balance_date": "2026-05-06",
    "is_active": true,
    "created_at": "2026-05-06T01:30:26.017Z",
    "updated_at": "2026-05-06T01:30:26.017Z"
  }
},
{
  "model": "api.chartofaccount",
  "pk": 199,
  "fields": {
    "company": 2,
    "account_code": "4243",
    "account_name": "Aquaculture Revenue — Other",
    "account_type": "income",
    "account_sub_type": "other_income",
    "description": "Other aquaculture-related income (income_type other_income).",
    "parent": null,
    "opening_balance": "0.00",
    "opening_balance_date": "2026-05-06",
    "is_active": true,
    "created_at": "2026-05-06T01:30:26.019Z",
    "updated_at": "2026-05-06T01:30:26.019Z"
  }
},
{
  "model": "api.chartofaccount",
  "pk": 200,
  "fields": {
    "company": 2,
    "account_code": "4244",
    "account_name": "Aquaculture Revenue — Empty Sacks & Scrap Sales",
    "account_type": "income",
    "account_sub_type": "other_income",
    "description": "Empty feed sacks, used or rejected materials, and used or scrap equipment sold from ponds (income_type empty_feed_sack_sale, used_material_sale, rejected_material_sale, used_equipment_sale).",
    "parent": null,
    "opening_balance": "0.00",
    "opening_balance_date": "2026-05-06",
    "is_active": true,
    "created_at": "2026-05-06T01:30:26.019Z",
    "updated_at": "2026-05-06T01:30:26.020Z"
  }
},
{
  "model": "api.chartofaccount",
  "pk": 201,
  "fields": {
    "company": 2,
    "account_code": "6711",
    "account_name": "Aquaculture Expense — Lease & Pond Rights",
    "account_type": "expense",
    "account_sub_type": "rent_or_lease_of_buildings",
    "description": "Lease money and pond rental (maps to aquaculture expense_category lease).",
    "parent": null,
    "opening_balance": "0.00",
    "opening_balance_date": "2026-05-06",
    "is_active": true,
    "created_at": "2026-05-06T01:30:26.020Z",
    "updated_at": "2026-05-06T01:30:26.020Z"
  }
},
{
  "model": "api.chartofaccount",
  "pk": 202,
  "fields": {
    "company": 2,
    "account_code": "6712",
    "account_name": "Aquaculture Expense — Labor & Wages",
    "account_type": "expense",
    "account_sub_type": "payroll_expenses",
    "description": "Pond workers and casual labor (worker_salary).",
    "parent": null,
    "opening_balance": "0.00",
    "opening_balance_date": "2026-05-06",
    "is_active": true,
    "created_at": "2026-05-06T01:30:26.021Z",
    "updated_at": "2026-05-06T01:30:26.021Z"
  }
},
{
  "model": "api.chartofaccount",
  "pk": 203,
  "fields": {
    "company": 2,
    "account_code": "6713",
    "account_name": "Aquaculture Expense — Soil Cut & Earthworks",
    "account_type": "expense",
    "account_sub_type": "repair_maintenance",
    "description": "Soil cut and earthworks for pond construction or maintenance (soilcut).",
    "parent": null,
    "opening_balance": "0.00",
    "opening_balance_date": "2026-05-06",
    "is_active": true,
    "created_at": "2026-05-06T01:30:26.022Z",
    "updated_at": "2026-05-06T01:30:26.022Z"
  }
},
{
  "model": "api.chartofaccount",
  "pk": 204,
  "fields": {
    "company": 2,
    "account_code": "6714",
    "account_name": "Aquaculture Expense — Pond Preparation",
    "account_type": "expense",
    "account_sub_type": "supplies_materials",
    "description": "Liming, fertilization, drying, and preparation before stocking (pond_preparation).",
    "parent": null,
    "opening_balance": "0.00",
    "opening_balance_date": "2026-05-06",
    "is_active": true,
    "created_at": "2026-05-06T01:30:26.023Z",
    "updated_at": "2026-05-06T01:30:26.023Z"
  }
},
{
  "model": "api.chartofaccount",
  "pk": 205,
  "fields": {
    "company": 2,
    "account_code": "6715",
    "account_name": "Aquaculture Expense — Fry & Fingerlings",
    "account_type": "expense",
    "account_sub_type": "supplies_materials",
    "description": "Stocking purchases (fry_stocking).",
    "parent": null,
    "opening_balance": "0.00",
    "opening_balance_date": "2026-05-06",
    "is_active": true,
    "created_at": "2026-05-06T01:30:26.024Z",
    "updated_at": "2026-05-06T01:30:26.024Z"
  }
},
{
  "model": "api.chartofaccount",
  "pk": 206,
  "fields": {
    "company": 2,
    "account_code": "6716",
    "account_name": "Aquaculture Expense — Feed",
    "account_type": "expense",
    "account_sub_type": "supplies_materials",
    "description": "Commercial feed purchases (feed_purchase).",
    "parent": null,
    "opening_balance": "0.00",
    "opening_balance_date": "2026-05-06",
    "is_active": true,
    "created_at": "2026-05-06T01:30:26.025Z",
    "updated_at": "2026-05-06T01:30:26.025Z"
  }
},
{
  "model": "api.chartofaccount",
  "pk": 207,
  "fields": {
    "company": 2,
    "account_code": "6717",
    "account_name": "Aquaculture Expense — Electricity (Ponds)",
    "account_type": "expense",
    "account_sub_type": "utilities",
    "description": "Aeration and pond electricity (electricity).",
    "parent": null,
    "opening_balance": "0.00",
    "opening_balance_date": "2026-05-06",
    "is_active": true,
    "created_at": "2026-05-06T01:30:26.027Z",
    "updated_at": "2026-05-06T01:30:26.027Z"
  }
},
{
  "model": "api.chartofaccount",
  "pk": 208,
  "fields": {
    "company": 2,
    "account_code": "6718",
    "account_name": "Aquaculture Expense — Equipment & Repairs",
    "account_type": "expense",
    "account_sub_type": "repair_maintenance",
    "description": "Equipment, small tools, and repairs not capitalized to 1580 (equipment).",
    "parent": null,
    "opening_balance": "0.00",
    "opening_balance_date": "2026-05-06",
    "is_active": true,
    "created_at": "2026-05-06T01:30:26.028Z",
    "updated_at": "2026-05-06T01:30:26.028Z"
  }
},
{
  "model": "api.chartofaccount",
  "pk": 209,
  "fields": {
    "company": 2,
    "account_code": "6719",
    "account_name": "Aquaculture Expense — Harvesting & Fisherman Charges",
    "account_type": "expense",
    "account_sub_type": "other_business_expenses",
    "description": "Contract harvest and fisherman bills (fisherman).",
    "parent": null,
    "opening_balance": "0.00",
    "opening_balance_date": "2026-05-06",
    "is_active": true,
    "created_at": "2026-05-06T01:30:26.028Z",
    "updated_at": "2026-05-06T01:30:26.028Z"
  }
},
{
  "model": "api.chartofaccount",
  "pk": 210,
  "fields": {
    "company": 2,
    "account_code": "6720",
    "account_name": "Aquaculture Expense — Transportation",
    "account_type": "expense",
    "account_sub_type": "other_business_expenses",
    "description": "Fish haulage and logistics (transportation).",
    "parent": null,
    "opening_balance": "0.00",
    "opening_balance_date": "2026-05-06",
    "is_active": true,
    "created_at": "2026-05-06T01:30:26.029Z",
    "updated_at": "2026-05-06T01:30:26.029Z"
  }
},
{
  "model": "api.chartofaccount",
  "pk": 211,
  "fields": {
    "company": 2,
    "account_code": "6721",
    "account_name": "Aquaculture Expense — Medicine & Veterinary",
    "account_type": "expense",
    "account_sub_type": "supplies_materials",
    "description": "Medicine, vaccine, and veterinary supplies (medicine_purchase).",
    "parent": null,
    "opening_balance": "0.00",
    "opening_balance_date": "2026-05-06",
    "is_active": true,
    "created_at": "2026-05-06T01:30:26.030Z",
    "updated_at": "2026-05-06T01:30:26.030Z"
  }
},
{
  "model": "api.chartofaccount",
  "pk": 212,
  "fields": {
    "company": 2,
    "account_code": "6725",
    "account_name": "Aquaculture Expense — Miscellaneous & other operating",
    "account_type": "expense",
    "account_sub_type": "other_business_expenses",
    "description": "Miscellaneous pond costs (code other): boats, wiring, lighting, cameras, engines, aerators, nets, repairs, bikes, labour, site consumables, and items not mapped to a dedicated category.",
    "parent": null,
    "opening_balance": "0.00",
    "opening_balance_date": "2026-05-06",
    "is_active": true,
    "created_at": "2026-05-06T01:30:26.031Z",
    "updated_at": "2026-05-06T01:30:26.031Z"
  }
},
{
  "model": "api.chartofaccount",
  "pk": 213,
  "fields": {
    "company": 2,
    "account_code": "1581",
    "account_name": "Aquaculture — Biological Inventory (Live Fish in Ponds)",
    "account_type": "asset",
    "account_sub_type": "other_current_assets",
    "description": "Live fish biomass in ponds when capitalized; reduced on mortality (paired with 6726) or harvest, increased on positive count reconciliation (paired with 4244).",
    "parent": null,
    "opening_balance": "0.00",
    "opening_balance_date": "2026-05-06",
    "is_active": true,
    "created_at": "2026-05-06T01:30:26.032Z",
    "updated_at": "2026-05-06T01:30:26.032Z"
  }
},
{
  "model": "api.chartofaccount",
  "pk": 214,
  "fields": {
    "company": 2,
    "account_code": "6726",
    "account_name": "Aquaculture — Mortality, Predation & Shrinkage",
    "account_type": "expense",
    "account_sub_type": "other_business_expenses",
    "description": "Deaths, snake or predator losses, birds, theft, escapes, and similar shrinkage (Dr expense / Cr 1581).",
    "parent": null,
    "opening_balance": "0.00",
    "opening_balance_date": "2026-05-06",
    "is_active": true,
    "created_at": "2026-05-06T01:30:26.033Z",
    "updated_at": "2026-05-06T01:30:26.033Z"
  }
},
{
  "model": "api.chartofaccount",
  "pk": 215,
  "fields": {
    "company": 3,
    "account_code": "1580",
    "account_name": "Aquaculture — Pond & Production Equipment (Capitalizable)",
    "account_type": "asset",
    "account_sub_type": "machinery_and_equipment",
    "description": "Capitalize durable pond equipment, aerators, nets, and similar when following a fixed-asset policy.",
    "parent": null,
    "opening_balance": "0.00",
    "opening_balance_date": "2026-05-28",
    "is_active": true,
    "created_at": "2026-05-28T02:57:28.309Z",
    "updated_at": "2026-05-28T02:57:28.309Z"
  }
},
{
  "model": "api.chartofaccount",
  "pk": 216,
  "fields": {
    "company": 3,
    "account_code": "3190",
    "account_name": "Aquaculture — Pond Profit Clearing (Equity)",
    "account_type": "equity",
    "account_sub_type": "retained_earnings",
    "description": "Common credit side when posting pond profit transfers from management P&L into the books; pair with bank or cash.",
    "parent": null,
    "opening_balance": "0.00",
    "opening_balance_date": "2026-05-28",
    "is_active": true,
    "created_at": "2026-05-28T02:57:28.310Z",
    "updated_at": "2026-05-28T02:57:28.311Z"
  }
},
{
  "model": "api.chartofaccount",
  "pk": 217,
  "fields": {
    "company": 3,
    "account_code": "4240",
    "account_name": "Aquaculture Revenue — Fish Harvest Sales",
    "account_type": "income",
    "account_sub_type": "sales_of_product_income",
    "description": "Revenue from table-size / harvest fish sales (see Aquaculture income_type fish_harvest_sale).",
    "parent": null,
    "opening_balance": "0.00",
    "opening_balance_date": "2026-05-28",
    "is_active": true,
    "created_at": "2026-05-28T02:57:28.311Z",
    "updated_at": "2026-05-28T02:57:28.311Z"
  }
},
{
  "model": "api.chartofaccount",
  "pk": 218,
  "fields": {
    "company": 3,
    "account_code": "4241",
    "account_name": "Aquaculture Revenue — Fingerling & Fry Sales",
    "account_type": "income",
    "account_sub_type": "sales_of_product_income",
    "description": "Revenue from seed / fry sales (income_type fingerling_sale).",
    "parent": null,
    "opening_balance": "0.00",
    "opening_balance_date": "2026-05-28",
    "is_active": true,
    "created_at": "2026-05-28T02:57:28.312Z",
    "updated_at": "2026-05-28T02:57:28.312Z"
  }
},
{
  "model": "api.chartofaccount",
  "pk": 219,
  "fields": {
    "company": 3,
    "account_code": "4242",
    "account_name": "Aquaculture Revenue — Processing & Value-Add",
    "account_type": "income",
    "account_sub_type": "service_fee_income",
    "description": "Processing, filleting, smoking, or other value-added services (income_type processing_value_add).",
    "parent": null,
    "opening_balance": "0.00",
    "opening_balance_date": "2026-05-28",
    "is_active": true,
    "created_at": "2026-05-28T02:57:28.312Z",
    "updated_at": "2026-05-28T02:57:28.312Z"
  }
},
{
  "model": "api.chartofaccount",
  "pk": 220,
  "fields": {
    "company": 3,
    "account_code": "4243",
    "account_name": "Aquaculture Revenue — Other",
    "account_type": "income",
    "account_sub_type": "other_income",
    "description": "Other aquaculture-related income (income_type other_income).",
    "parent": null,
    "opening_balance": "0.00",
    "opening_balance_date": "2026-05-28",
    "is_active": true,
    "created_at": "2026-05-28T02:57:28.313Z",
    "updated_at": "2026-05-28T02:57:28.313Z"
  }
},
{
  "model": "api.chartofaccount",
  "pk": 221,
  "fields": {
    "company": 3,
    "account_code": "4244",
    "account_name": "Aquaculture Revenue — Empty Sacks & Scrap Sales",
    "account_type": "income",
    "account_sub_type": "other_income",
    "description": "Empty feed sacks, used or rejected materials, and used or scrap equipment sold from ponds (income_type empty_feed_sack_sale, used_material_sale, rejected_material_sale, used_equipment_sale).",
    "parent": null,
    "opening_balance": "0.00",
    "opening_balance_date": "2026-05-28",
    "is_active": true,
    "created_at": "2026-05-28T02:57:28.313Z",
    "updated_at": "2026-05-28T02:57:28.313Z"
  }
},
{
  "model": "api.chartofaccount",
  "pk": 222,
  "fields": {
    "company": 3,
    "account_code": "6711",
    "account_name": "Aquaculture Expense — Lease & Pond Rights",
    "account_type": "expense",
    "account_sub_type": "rent_or_lease_of_buildings",
    "description": "Lease money and pond rental (maps to aquaculture expense_category lease).",
    "parent": null,
    "opening_balance": "0.00",
    "opening_balance_date": "2026-05-28",
    "is_active": true,
    "created_at": "2026-05-28T02:57:28.314Z",
    "updated_at": "2026-05-28T02:57:28.314Z"
  }
},
{
  "model": "api.chartofaccount",
  "pk": 223,
  "fields": {
    "company": 3,
    "account_code": "6712",
    "account_name": "Aquaculture Expense — Labor & Wages",
    "account_type": "expense",
    "account_sub_type": "payroll_expenses",
    "description": "Pond workers and casual labor (worker_salary).",
    "parent": null,
    "opening_balance": "0.00",
    "opening_balance_date": "2026-05-28",
    "is_active": true,
    "created_at": "2026-05-28T02:57:28.315Z",
    "updated_at": "2026-05-28T02:57:28.315Z"
  }
},
{
  "model": "api.chartofaccount",
  "pk": 224,
  "fields": {
    "company": 3,
    "account_code": "6713",
    "account_name": "Aquaculture Expense — Soil Cut & Earthworks",
    "account_type": "expense",
    "account_sub_type": "repair_maintenance",
    "description": "Soil cut and earthworks for pond construction or maintenance (soilcut).",
    "parent": null,
    "opening_balance": "0.00",
    "opening_balance_date": "2026-05-28",
    "is_active": true,
    "created_at": "2026-05-28T02:57:28.315Z",
    "updated_at": "2026-05-28T02:57:28.315Z"
  }
},
{
  "model": "api.chartofaccount",
  "pk": 225,
  "fields": {
    "company": 3,
    "account_code": "6714",
    "account_name": "Aquaculture Expense — Pond Preparation",
    "account_type": "expense",
    "account_sub_type": "supplies_materials",
    "description": "Liming, fertilization, drying, and preparation before stocking (pond_preparation).",
    "parent": null,
    "opening_balance": "0.00",
    "opening_balance_date": "2026-05-28",
    "is_active": true,
    "created_at": "2026-05-28T02:57:28.316Z",
    "updated_at": "2026-05-28T02:57:28.316Z"
  }
},
{
  "model": "api.chartofaccount",
  "pk": 226,
  "fields": {
    "company": 3,
    "account_code": "6715",
    "account_name": "Aquaculture Expense — Fry & Fingerlings",
    "account_type": "expense",
    "account_sub_type": "supplies_materials",
    "description": "Stocking purchases (fry_stocking).",
    "parent": null,
    "opening_balance": "0.00",
    "opening_balance_date": "2026-05-28",
    "is_active": true,
    "created_at": "2026-05-28T02:57:28.316Z",
    "updated_at": "2026-05-28T02:57:28.316Z"
  }
},
{
  "model": "api.chartofaccount",
  "pk": 227,
  "fields": {
    "company": 3,
    "account_code": "6716",
    "account_name": "Aquaculture Expense — Feed",
    "account_type": "expense",
    "account_sub_type": "supplies_materials",
    "description": "Commercial feed purchases (feed_purchase).",
    "parent": null,
    "opening_balance": "0.00",
    "opening_balance_date": "2026-05-28",
    "is_active": true,
    "created_at": "2026-05-28T02:57:28.317Z",
    "updated_at": "2026-05-28T02:57:28.317Z"
  }
},
{
  "model": "api.chartofaccount",
  "pk": 228,
  "fields": {
    "company": 3,
    "account_code": "6717",
    "account_name": "Aquaculture Expense — Electricity (Ponds)",
    "account_type": "expense",
    "account_sub_type": "utilities",
    "description": "Aeration and pond electricity (electricity).",
    "parent": null,
    "opening_balance": "0.00",
    "opening_balance_date": "2026-05-28",
    "is_active": true,
    "created_at": "2026-05-28T02:57:28.317Z",
    "updated_at": "2026-05-28T02:57:28.317Z"
  }
},
{
  "model": "api.chartofaccount",
  "pk": 229,
  "fields": {
    "company": 3,
    "account_code": "6718",
    "account_name": "Aquaculture Expense — Equipment & Repairs",
    "account_type": "expense",
    "account_sub_type": "repair_maintenance",
    "description": "Equipment, small tools, and repairs not capitalized to 1580 (equipment).",
    "parent": null,
    "opening_balance": "0.00",
    "opening_balance_date": "2026-05-28",
    "is_active": true,
    "created_at": "2026-05-28T02:57:28.318Z",
    "updated_at": "2026-05-28T02:57:28.318Z"
  }
},
{
  "model": "api.chartofaccount",
  "pk": 230,
  "fields": {
    "company": 3,
    "account_code": "6719",
    "account_name": "Aquaculture Expense — Harvesting & Fisherman Charges",
    "account_type": "expense",
    "account_sub_type": "other_business_expenses",
    "description": "Contract harvest and fisherman bills (fisherman).",
    "parent": null,
    "opening_balance": "0.00",
    "opening_balance_date": "2026-05-28",
    "is_active": true,
    "created_at": "2026-05-28T02:57:28.318Z",
    "updated_at": "2026-05-28T02:57:28.318Z"
  }
},
{
  "model": "api.chartofaccount",
  "pk": 231,
  "fields": {
    "company": 3,
    "account_code": "6720",
    "account_name": "Aquaculture Expense — Transportation",
    "account_type": "expense",
    "account_sub_type": "other_business_expenses",
    "description": "Fish haulage and logistics (transportation).",
    "parent": null,
    "opening_balance": "0.00",
    "opening_balance_date": "2026-05-28",
    "is_active": true,
    "created_at": "2026-05-28T02:57:28.319Z",
    "updated_at": "2026-05-28T02:57:28.319Z"
  }
},
{
  "model": "api.chartofaccount",
  "pk": 232,
  "fields": {
    "company": 3,
    "account_code": "6721",
    "account_name": "Aquaculture Expense — Medicine & Veterinary",
    "account_type": "expense",
    "account_sub_type": "supplies_materials",
    "description": "Medicine, vaccine, and veterinary supplies (medicine_purchase).",
    "parent": null,
    "opening_balance": "0.00",
    "opening_balance_date": "2026-05-28",
    "is_active": true,
    "created_at": "2026-05-28T02:57:28.319Z",
    "updated_at": "2026-05-28T02:57:28.319Z"
  }
},
{
  "model": "api.chartofaccount",
  "pk": 233,
  "fields": {
    "company": 3,
    "account_code": "6725",
    "account_name": "Aquaculture Expense — Miscellaneous & other operating",
    "account_type": "expense",
    "account_sub_type": "other_business_expenses",
    "description": "Miscellaneous pond costs (code other): boats, wiring, lighting, cameras, engines, aerators, nets, repairs, bikes, labour, site consumables, and items not mapped to a dedicated category.",
    "parent": null,
    "opening_balance": "0.00",
    "opening_balance_date": "2026-05-28",
    "is_active": true,
    "created_at": "2026-05-28T02:57:28.320Z",
    "updated_at": "2026-05-28T02:57:28.320Z"
  }
},
{
  "model": "api.chartofaccount",
  "pk": 234,
  "fields": {
    "company": 3,
    "account_code": "1581",
    "account_name": "Aquaculture — Biological Inventory (Live Fish in Ponds)",
    "account_type": "asset",
    "account_sub_type": "other_current_assets",
    "description": "Live fish biomass in ponds when capitalized; reduced on mortality (paired with 6726) or harvest, increased on positive count reconciliation (paired with 4244).",
    "parent": null,
    "opening_balance": "0.00",
    "opening_balance_date": "2026-05-28",
    "is_active": true,
    "created_at": "2026-05-28T02:57:28.320Z",
    "updated_at": "2026-05-28T02:57:28.320Z"
  }
},
{
  "model": "api.chartofaccount",
  "pk": 235,
  "fields": {
    "company": 3,
    "account_code": "6726",
    "account_name": "Aquaculture — Mortality, Predation & Shrinkage",
    "account_type": "expense",
    "account_sub_type": "other_business_expenses",
    "description": "Deaths, snake or predator losses, birds, theft, escapes, and similar shrinkage (Dr expense / Cr 1581).",
    "parent": null,
    "opening_balance": "0.00",
    "opening_balance_date": "2026-05-28",
    "is_active": true,
    "created_at": "2026-05-28T02:57:28.321Z",
    "updated_at": "2026-05-28T02:57:28.321Z"
  }
},
{
  "model": "api.chartofaccount",
  "pk": 236,
  "fields": {
    "company": 3,
    "account_code": "1010",
    "account_name": "Cash on Hand — Station Tills",
    "account_type": "asset",
    "account_sub_type": "cash_on_hand",
    "description": "Physical cash in registers and safes.\n\nFSERP / system use: Default cash side for paid POS invoices and similar flows; also used for Payments received when 1020 is not in the chart.",
    "parent": null,
    "opening_balance": "0.00",
    "opening_balance_date": "2026-06-04",
    "is_active": true,
    "created_at": "2026-06-04T11:01:53.527Z",
    "updated_at": "2026-06-04T11:01:53.527Z"
  }
},
{
  "model": "api.chartofaccount",
  "pk": 237,
  "fields": {
    "company": 3,
    "account_code": "1020",
    "account_name": "Cash Clearing — Undeposited",
    "account_type": "asset",
    "account_sub_type": "other_current_asset",
    "description": "Cash receipts not yet deposited to bank.\n\nFSERP / system use: Undeposited funds — preferred debit for Payments received when no bank register is selected (both 1010 and 1020 present); batch deposits move from here into the bank GL.",
    "parent": null,
    "opening_balance": "0.00",
    "opening_balance_date": "2026-06-04",
    "is_active": true,
    "created_at": "2026-06-04T11:01:53.528Z",
    "updated_at": "2026-06-04T11:01:53.528Z"
  }
},
{
  "model": "api.chartofaccount",
  "pk": 238,
  "fields": {
    "company": 3,
    "account_code": "1030",
    "account_name": "Bank — Operating Account",
    "account_type": "asset",
    "account_sub_type": "checking",
    "description": "Primary operating bank account.\n\nFSERP / system use: Operating bank GL; payments received/made and bank-linked transfers when no per-bank GL is set. Owner cash contributions: debit 1030, credit 3000 (Owner Equity / Shareholder Capital) in a journal entry — link your Bank Account register to this chart account so the bank statement shows the same GL activity. Loans module: use as Settlement GL for disbursements/repayments when cash moves through this bank account.",
    "parent": null,
    "opening_balance": "0.00",
    "opening_balance_date": "2026-06-04",
    "is_active": true,
    "created_at": "2026-06-04T11:01:53.528Z",
    "updated_at": "2026-06-04T11:01:53.528Z"
  }
},
{
  "model": "api.chartofaccount",
  "pk": 239,
  "fields": {
    "company": 3,
    "account_code": "1040",
    "account_name": "Bank — Card Settlement",
    "account_type": "asset",
    "account_sub_type": "checking",
    "description": "Dedicated account for card acquirer settlements (optional).",
    "parent": null,
    "opening_balance": "0.00",
    "opening_balance_date": "2026-06-04",
    "is_active": true,
    "created_at": "2026-06-04T11:01:53.528Z",
    "updated_at": "2026-06-04T11:01:53.528Z"
  }
},
{
  "model": "api.chartofaccount",
  "pk": 240,
  "fields": {
    "company": 3,
    "account_code": "1050",
    "account_name": "Bank — Tax / Trust (Statutory)",
    "account_type": "asset",
    "account_sub_type": "checking",
    "description": "Segregated statutory or tax trust account if required.",
    "parent": null,
    "opening_balance": "0.00",
    "opening_balance_date": "2026-06-04",
    "is_active": true,
    "created_at": "2026-06-04T11:01:53.529Z",
    "updated_at": "2026-06-04T11:01:53.529Z"
  }
},
{
  "model": "api.chartofaccount",
  "pk": 241,
  "fields": {
    "company": 3,
    "account_code": "1100",
    "account_name": "Accounts Receivable — Trade",
    "account_type": "asset",
    "account_sub_type": "accounts_receivable",
    "description": "Credit sales to walk-in or commercial customers.\n\nFSERP / system use: Trade receivables: credit invoices (sent/partial), customer payments received, and remaining AR on mark-paid.",
    "parent": null,
    "opening_balance": "0.00",
    "opening_balance_date": "2026-06-04",
    "is_active": true,
    "created_at": "2026-06-04T11:01:53.529Z",
    "updated_at": "2026-06-04T11:01:53.529Z"
  }
},
{
  "model": "api.chartofaccount",
  "pk": 242,
  "fields": {
    "company": 3,
    "account_code": "1110",
    "account_name": "Accounts Receivable — Fleet / Commercial",
    "account_type": "asset",
    "account_sub_type": "accounts_receivable",
    "description": "Billed fleet cards and commercial charge accounts.",
    "parent": null,
    "opening_balance": "0.00",
    "opening_balance_date": "2026-06-04",
    "is_active": true,
    "created_at": "2026-06-04T11:01:53.529Z",
    "updated_at": "2026-06-04T11:01:53.529Z"
  }
},
{
  "model": "api.chartofaccount",
  "pk": 243,
  "fields": {
    "company": 3,
    "account_code": "1120",
    "account_name": "Card Clearing — Visa / MC / Domestic Debit",
    "account_type": "asset",
    "account_sub_type": "other_current_asset",
    "description": "Unsettled card batches (acquirer clearing).\n\nFSERP / system use: Card / acquirer clearing: debit side for card POS sales when payment_method is card.",
    "parent": null,
    "opening_balance": "0.00",
    "opening_balance_date": "2026-06-04",
    "is_active": true,
    "created_at": "2026-06-04T11:01:53.530Z",
    "updated_at": "2026-06-04T11:01:53.530Z"
  }
},
{
  "model": "api.chartofaccount",
  "pk": 244,
  "fields": {
    "company": 3,
    "account_code": "1130",
    "account_name": "Card Clearing — Amex / Other Schemes",
    "account_type": "asset",
    "account_sub_type": "other_current_asset",
    "description": "Secondary card networks with different settlement cycles.",
    "parent": null,
    "opening_balance": "0.00",
    "opening_balance_date": "2026-06-04",
    "is_active": true,
    "created_at": "2026-06-04T11:01:53.530Z",
    "updated_at": "2026-06-04T11:01:53.530Z"
  }
},
{
  "model": "api.chartofaccount",
  "pk": 245,
  "fields": {
    "company": 3,
    "account_code": "1140",
    "account_name": "Allowance for Doubtful Accounts",
    "account_type": "asset",
    "account_sub_type": "allowance_for_bad_debts",
    "description": "Contra-AR reserve (credit balance; nets against receivables on the balance sheet).",
    "parent": null,
    "opening_balance": "0.00",
    "opening_balance_date": "2026-06-04",
    "is_active": true,
    "created_at": "2026-06-04T11:01:53.530Z",
    "updated_at": "2026-06-04T11:01:53.530Z"
  }
},
{
  "model": "api.chartofaccount",
  "pk": 246,
  "fields": {
    "company": 3,
    "account_code": "1150",
    "account_name": "Employee Advances & Loans",
    "account_type": "asset",
    "account_sub_type": "other_current_asset",
    "description": "Staff advances recoverable via payroll.",
    "parent": null,
    "opening_balance": "0.00",
    "opening_balance_date": "2026-06-04",
    "is_active": true,
    "created_at": "2026-06-04T11:01:53.530Z",
    "updated_at": "2026-06-04T11:01:53.530Z"
  }
},
{
  "model": "api.chartofaccount",
  "pk": 247,
  "fields": {
    "company": 3,
    "account_code": "1160",
    "account_name": "Loans Receivable — Principal (Money Lent)",
    "account_type": "loan",
    "account_sub_type": "loan_receivable",
    "description": "Balance-sheet principal for funds you lent to others. Use as **Principal GL** on Loans → **Lent**.\n\nFSERP / system use: Loans — principal receivable: Principal GL for money you **lent** (Loans → Lent). Chart type Loan, subtype loan receivable.",
    "parent": null,
    "opening_balance": "0.00",
    "opening_balance_date": "2026-06-04",
    "is_active": true,
    "created_at": "2026-06-04T11:01:53.531Z",
    "updated_at": "2026-06-04T11:01:53.531Z"
  }
},
{
  "model": "api.chartofaccount",
  "pk": 248,
  "fields": {
    "company": 3,
    "account_code": "1200",
    "account_name": "Inventory — Fuel (Wet Stock at Cost)",
    "account_type": "asset",
    "account_sub_type": "inventory",
    "description": "Tank inventory valued at cost (FIFO/weighted average per policy).\n\nFSERP / system use: Fuel (wet-stock) inventory: credited when COGS posts for fuel lines with item cost.",
    "parent": null,
    "opening_balance": "0.00",
    "opening_balance_date": "2026-06-04",
    "is_active": true,
    "created_at": "2026-06-04T11:01:53.531Z",
    "updated_at": "2026-06-04T11:01:53.531Z"
  }
},
{
  "model": "api.chartofaccount",
  "pk": 249,
  "fields": {
    "company": 3,
    "account_code": "1210",
    "account_name": "Inventory — Lubricants & Fluids",
    "account_type": "asset",
    "account_sub_type": "inventory",
    "description": "Oils, DEF, additives on hand.",
    "parent": null,
    "opening_balance": "0.00",
    "opening_balance_date": "2026-06-04",
    "is_active": true,
    "created_at": "2026-06-04T11:01:53.531Z",
    "updated_at": "2026-06-04T11:01:53.531Z"
  }
},
{
  "model": "api.chartofaccount",
  "pk": 250,
  "fields": {
    "company": 3,
    "account_code": "1220",
    "account_name": "Inventory — C-Store / Shop",
    "account_type": "asset",
    "account_sub_type": "inventory",
    "description": "Merchandise inventory for convenience retail.\n\nFSERP / system use: Shop / c-store inventory: credited when COGS posts for non-fuel lines with item cost.",
    "parent": null,
    "opening_balance": "0.00",
    "opening_balance_date": "2026-06-04",
    "is_active": true,
    "created_at": "2026-06-04T11:01:53.531Z",
    "updated_at": "2026-06-04T11:01:53.531Z"
  }
},
{
  "model": "api.chartofaccount",
  "pk": 251,
  "fields": {
    "company": 3,
    "account_code": "1230",
    "account_name": "Inventory — Other Products",
    "account_type": "asset",
    "account_sub_type": "inventory",
    "description": "Car care, accessories, other resale goods.",
    "parent": null,
    "opening_balance": "0.00",
    "opening_balance_date": "2026-06-04",
    "is_active": true,
    "created_at": "2026-06-04T11:01:53.532Z",
    "updated_at": "2026-06-04T11:01:53.532Z"
  }
},
{
  "model": "api.chartofaccount",
  "pk": 252,
  "fields": {
    "company": 3,
    "account_code": "1300",
    "account_name": "Prepaid Insurance",
    "account_type": "asset",
    "account_sub_type": "prepaid_expenses",
    "description": "Unexpired insurance premiums.",
    "parent": null,
    "opening_balance": "0.00",
    "opening_balance_date": "2026-06-04",
    "is_active": true,
    "created_at": "2026-06-04T11:01:53.532Z",
    "updated_at": "2026-06-04T11:01:53.532Z"
  }
},
{
  "model": "api.chartofaccount",
  "pk": 253,
  "fields": {
    "company": 3,
    "account_code": "1310",
    "account_name": "Prepaid Rent or Lease",
    "account_type": "asset",
    "account_sub_type": "prepaid_expenses",
    "description": "Rent paid in advance.",
    "parent": null,
    "opening_balance": "0.00",
    "opening_balance_date": "2026-06-04",
    "is_active": true,
    "created_at": "2026-06-04T11:01:53.532Z",
    "updated_at": "2026-06-04T11:01:53.532Z"
  }
},
{
  "model": "api.chartofaccount",
  "pk": 254,
  "fields": {
    "company": 3,
    "account_code": "1320",
    "account_name": "Prepaid Other",
    "account_type": "asset",
    "account_sub_type": "prepaid_expenses",
    "description": "Licenses, subscriptions, other prepaids.",
    "parent": null,
    "opening_balance": "0.00",
    "opening_balance_date": "2026-06-04",
    "is_active": true,
    "created_at": "2026-06-04T11:01:53.532Z",
    "updated_at": "2026-06-04T11:01:53.532Z"
  }
},
{
  "model": "api.chartofaccount",
  "pk": 255,
  "fields": {
    "company": 3,
    "account_code": "1330",
    "account_name": "Deposits — Utilities & Landlords",
    "account_type": "asset",
    "account_sub_type": "other_current_asset",
    "description": "Refundable utility or lease deposits.",
    "parent": null,
    "opening_balance": "0.00",
    "opening_balance_date": "2026-06-04",
    "is_active": true,
    "created_at": "2026-06-04T11:01:53.533Z",
    "updated_at": "2026-06-04T11:01:53.533Z"
  }
},
{
  "model": "api.chartofaccount",
  "pk": 256,
  "fields": {
    "company": 3,
    "account_code": "1500",
    "account_name": "Land",
    "account_type": "asset",
    "account_sub_type": "fixed_asset",
    "description": "Owned land (if capitalized separately).",
    "parent": null,
    "opening_balance": "0.00",
    "opening_balance_date": "2026-06-04",
    "is_active": true,
    "created_at": "2026-06-04T11:01:53.533Z",
    "updated_at": "2026-06-04T11:01:53.533Z"
  }
},
{
  "model": "api.chartofaccount",
  "pk": 257,
  "fields": {
    "company": 3,
    "account_code": "1510",
    "account_name": "Buildings — Station & Canopy",
    "account_type": "asset",
    "account_sub_type": "fixed_asset",
    "description": "Building and canopy structures.",
    "parent": null,
    "opening_balance": "0.00",
    "opening_balance_date": "2026-06-04",
    "is_active": true,
    "created_at": "2026-06-04T11:01:53.533Z",
    "updated_at": "2026-06-04T11:01:53.533Z"
  }
},
{
  "model": "api.chartofaccount",
  "pk": 258,
  "fields": {
    "company": 3,
    "account_code": "1520",
    "account_name": "Dispensing Equipment & Underground Systems",
    "account_type": "asset",
    "account_sub_type": "machinery_and_equipment",
    "description": "Pumps, lines, tank-related equipment.",
    "parent": null,
    "opening_balance": "0.00",
    "opening_balance_date": "2026-06-04",
    "is_active": true,
    "created_at": "2026-06-04T11:01:53.533Z",
    "updated_at": "2026-06-04T11:01:53.533Z"
  }
},
{
  "model": "api.chartofaccount",
  "pk": 259,
  "fields": {
    "company": 3,
    "account_code": "1530",
    "account_name": "Point of Sale & IT Equipment",
    "account_type": "asset",
    "account_sub_type": "machinery_and_equipment",
    "description": "POS, servers, networking, peripherals.",
    "parent": null,
    "opening_balance": "0.00",
    "opening_balance_date": "2026-06-04",
    "is_active": true,
    "created_at": "2026-06-04T11:01:53.534Z",
    "updated_at": "2026-06-04T11:01:53.534Z"
  }
},
{
  "model": "api.chartofaccount",
  "pk": 260,
  "fields": {
    "company": 3,
    "account_code": "1540",
    "account_name": "Vehicles & Mobile Equipment",
    "account_type": "asset",
    "account_sub_type": "vehicles",
    "description": "Delivery and service vehicles.",
    "parent": null,
    "opening_balance": "0.00",
    "opening_balance_date": "2026-06-04",
    "is_active": true,
    "created_at": "2026-06-04T11:01:53.534Z",
    "updated_at": "2026-06-04T11:01:53.534Z"
  }
},
{
  "model": "api.chartofaccount",
  "pk": 261,
  "fields": {
    "company": 3,
    "account_code": "1550",
    "account_name": "Accumulated Depreciation — Buildings & Equipment",
    "account_type": "asset",
    "account_sub_type": "accumulated_depreciation",
    "description": "Contra-asset: accumulated depreciation (credit balance).",
    "parent": null,
    "opening_balance": "0.00",
    "opening_balance_date": "2026-06-04",
    "is_active": true,
    "created_at": "2026-06-04T11:01:53.534Z",
    "updated_at": "2026-06-04T11:01:53.534Z"
  }
},
{
  "model": "api.chartofaccount",
  "pk": 262,
  "fields": {
    "company": 3,
    "account_code": "1560",
    "account_name": "Construction / Capex in Progress",
    "account_type": "asset",
    "account_sub_type": "fixed_asset",
    "description": "Capital projects not yet placed in service.",
    "parent": null,
    "opening_balance": "0.00",
    "opening_balance_date": "2026-06-04",
    "is_active": true,
    "created_at": "2026-06-04T11:01:53.534Z",
    "updated_at": "2026-06-04T11:01:53.534Z"
  }
},
{
  "model": "api.chartofaccount",
  "pk": 263,
  "fields": {
    "company": 3,
    "account_code": "2000",
    "account_name": "Accounts Payable — Trade",
    "account_type": "liability",
    "account_sub_type": "accounts_payable",
    "description": "Vendor invoices — general.\n\nFSERP / system use: Trade payables: vendor bills (non-draft) and payment-made journals.",
    "parent": null,
    "opening_balance": "0.00",
    "opening_balance_date": "2026-06-04",
    "is_active": true,
    "created_at": "2026-06-04T11:01:53.534Z",
    "updated_at": "2026-06-04T11:01:53.534Z"
  }
},
{
  "model": "api.chartofaccount",
  "pk": 264,
  "fields": {
    "company": 3,
    "account_code": "2010",
    "account_name": "Accounts Payable — Fuel Supplier",
    "account_type": "liability",
    "account_sub_type": "accounts_payable",
    "description": "Wet-stock and fuel delivery payables.",
    "parent": null,
    "opening_balance": "0.00",
    "opening_balance_date": "2026-06-04",
    "is_active": true,
    "created_at": "2026-06-04T11:01:53.535Z",
    "updated_at": "2026-06-04T11:01:53.535Z"
  }
},
{
  "model": "api.chartofaccount",
  "pk": 265,
  "fields": {
    "company": 3,
    "account_code": "2020",
    "account_name": "Credit Cards Payable — Company Cards",
    "account_type": "liability",
    "account_sub_type": "credit_card",
    "description": "Balances on corporate purchasing cards.",
    "parent": null,
    "opening_balance": "0.00",
    "opening_balance_date": "2026-06-04",
    "is_active": true,
    "created_at": "2026-06-04T11:01:53.535Z",
    "updated_at": "2026-06-04T11:01:53.535Z"
  }
},
{
  "model": "api.chartofaccount",
  "pk": 266,
  "fields": {
    "company": 3,
    "account_code": "2030",
    "account_name": "Customer Deposits & Prepayments",
    "account_type": "liability",
    "account_sub_type": "other_current_liability",
    "description": "Customer prepayments or deposits taken.",
    "parent": null,
    "opening_balance": "0.00",
    "opening_balance_date": "2026-06-04",
    "is_active": true,
    "created_at": "2026-06-04T11:01:53.535Z",
    "updated_at": "2026-06-04T11:01:53.535Z"
  }
},
{
  "model": "api.chartofaccount",
  "pk": 267,
  "fields": {
    "company": 3,
    "account_code": "2100",
    "account_name": "Sales / VAT Payable",
    "account_type": "liability",
    "account_sub_type": "sales_tax_payable",
    "description": "Collected sales or value-added tax remitted to authority.\n\nFSERP / system use: Collected VAT / sales tax on invoices and bills (output and simplified input side on bills).",
    "parent": null,
    "opening_balance": "0.00",
    "opening_balance_date": "2026-06-04",
    "is_active": true,
    "created_at": "2026-06-04T11:01:53.535Z",
    "updated_at": "2026-06-04T11:01:53.535Z"
  }
},
{
  "model": "api.chartofaccount",
  "pk": 268,
  "fields": {
    "company": 3,
    "account_code": "2110",
    "account_name": "Excise / Fuel Duty Payable",
    "account_type": "liability",
    "account_sub_type": "other_current_liability",
    "description": "Fuel excise or carbon levies (rename per jurisdiction).",
    "parent": null,
    "opening_balance": "0.00",
    "opening_balance_date": "2026-06-04",
    "is_active": true,
    "created_at": "2026-06-04T11:01:53.536Z",
    "updated_at": "2026-06-04T11:01:53.536Z"
  }
},
{
  "model": "api.chartofaccount",
  "pk": 269,
  "fields": {
    "company": 3,
    "account_code": "2120",
    "account_name": "Withholding Tax Payable",
    "account_type": "liability",
    "account_sub_type": "other_current_liability",
    "description": "Employee or vendor withholding due to tax authority.",
    "parent": null,
    "opening_balance": "0.00",
    "opening_balance_date": "2026-06-04",
    "is_active": true,
    "created_at": "2026-06-04T11:01:53.536Z",
    "updated_at": "2026-06-04T11:01:53.536Z"
  }
},
{
  "model": "api.chartofaccount",
  "pk": 270,
  "fields": {
    "company": 3,
    "account_code": "2130",
    "account_name": "Other Statutory Payables",
    "account_type": "liability",
    "account_sub_type": "other_current_liability",
    "description": "Environmental, licensing fees payable, etc.",
    "parent": null,
    "opening_balance": "0.00",
    "opening_balance_date": "2026-06-04",
    "is_active": true,
    "created_at": "2026-06-04T11:01:53.536Z",
    "updated_at": "2026-06-04T11:01:53.536Z"
  }
},
{
  "model": "api.chartofaccount",
  "pk": 271,
  "fields": {
    "company": 3,
    "account_code": "2200",
    "account_name": "Payroll — Salaries & Wages Payable",
    "account_type": "liability",
    "account_sub_type": "payroll_tax_payable",
    "description": "Net pay and accrued wages owed.",
    "parent": null,
    "opening_balance": "0.00",
    "opening_balance_date": "2026-06-04",
    "is_active": true,
    "created_at": "2026-06-04T11:01:53.536Z",
    "updated_at": "2026-06-04T11:01:53.536Z"
  }
},
{
  "model": "api.chartofaccount",
  "pk": 272,
  "fields": {
    "company": 3,
    "account_code": "2210",
    "account_name": "Payroll — Statutory Deductions Payable",
    "account_type": "liability",
    "account_sub_type": "payroll_tax_payable",
    "description": "Social security, health, pension contributions payable.",
    "parent": null,
    "opening_balance": "0.00",
    "opening_balance_date": "2026-06-04",
    "is_active": true,
    "created_at": "2026-06-04T11:01:53.537Z",
    "updated_at": "2026-06-04T11:01:53.537Z"
  }
},
{
  "model": "api.chartofaccount",
  "pk": 273,
  "fields": {
    "company": 3,
    "account_code": "2300",
    "account_name": "Accrued Expenses",
    "account_type": "liability",
    "account_sub_type": "other_current_liability",
    "description": "Accrued utilities, interest, and other period costs.",
    "parent": null,
    "opening_balance": "0.00",
    "opening_balance_date": "2026-06-04",
    "is_active": true,
    "created_at": "2026-06-04T11:01:53.537Z",
    "updated_at": "2026-06-04T11:01:53.537Z"
  }
},
{
  "model": "api.chartofaccount",
  "pk": 274,
  "fields": {
    "company": 3,
    "account_code": "2400",
    "account_name": "Short-Term Loans & Bank Overdraft",
    "account_type": "liability",
    "account_sub_type": "loan_payable",
    "description": "Working capital facilities due within 12 months.",
    "parent": null,
    "opening_balance": "0.00",
    "opening_balance_date": "2026-06-04",
    "is_active": true,
    "created_at": "2026-06-04T11:01:53.537Z",
    "updated_at": "2026-06-04T11:01:53.537Z"
  }
},
{
  "model": "api.chartofaccount",
  "pk": 275,
  "fields": {
    "company": 3,
    "account_code": "2410",
    "account_name": "Loans Payable — Principal (Borrowed Funds)",
    "account_type": "loan",
    "account_sub_type": "loan_payable",
    "description": "Balance-sheet principal for bank and third-party loans you owe. Use as **Principal GL** on Loans → **Borrowed**.\n\nFSERP / system use: Loans — principal payable: Principal GL for money you **borrowed** (Loans → Borrowed). Chart type Loan, subtype loan payable.",
    "parent": null,
    "opening_balance": "0.00",
    "opening_balance_date": "2026-06-04",
    "is_active": true,
    "created_at": "2026-06-04T11:01:53.537Z",
    "updated_at": "2026-06-04T11:01:53.537Z"
  }
},
{
  "model": "api.chartofaccount",
  "pk": 276,
  "fields": {
    "company": 3,
    "account_code": "2500",
    "account_name": "Long-Term Debt",
    "account_type": "liability",
    "account_sub_type": "long_term_liability",
    "description": "Term loans and notes payable beyond 12 months.",
    "parent": null,
    "opening_balance": "0.00",
    "opening_balance_date": "2026-06-04",
    "is_active": true,
    "created_at": "2026-06-04T11:01:53.539Z",
    "updated_at": "2026-06-04T11:01:53.539Z"
  }
},
{
  "model": "api.chartofaccount",
  "pk": 277,
  "fields": {
    "company": 3,
    "account_code": "3000",
    "account_name": "Owner Equity / Shareholder Capital",
    "account_type": "equity",
    "account_sub_type": "owner_equity",
    "description": "Paid-in capital and owner contributions.\n\nFSERP / system use: Owner Equity / Shareholder Capital (3000): credit this (and debit a bank/cash GL) via a manual journal when owners invest cash.",
    "parent": null,
    "opening_balance": "0.00",
    "opening_balance_date": "2026-06-04",
    "is_active": true,
    "created_at": "2026-06-04T11:01:53.539Z",
    "updated_at": "2026-06-04T11:01:53.539Z"
  }
},
{
  "model": "api.chartofaccount",
  "pk": 278,
  "fields": {
    "company": 3,
    "account_code": "3100",
    "account_name": "Retained Earnings",
    "account_type": "equity",
    "account_sub_type": "retained_earnings",
    "description": "Accumulated profits carried forward.",
    "parent": null,
    "opening_balance": "0.00",
    "opening_balance_date": "2026-06-04",
    "is_active": true,
    "created_at": "2026-06-04T11:01:53.539Z",
    "updated_at": "2026-06-04T11:01:53.539Z"
  }
},
{
  "model": "api.chartofaccount",
  "pk": 279,
  "fields": {
    "company": 3,
    "account_code": "3200",
    "account_name": "Opening Balance Equity",
    "account_type": "equity",
    "account_sub_type": "opening_balance_equity",
    "description": "System opening balance offset during initial setup.",
    "parent": null,
    "opening_balance": "0.00",
    "opening_balance_date": "2026-06-04",
    "is_active": true,
    "created_at": "2026-06-04T11:01:53.539Z",
    "updated_at": "2026-06-04T11:01:53.539Z"
  }
},
{
  "model": "api.chartofaccount",
  "pk": 280,
  "fields": {
    "company": 3,
    "account_code": "3300",
    "account_name": "Dividends / Owner Drawings",
    "account_type": "equity",
    "account_sub_type": "equity",
    "description": "Distributions to owners (permanent accounts per policy).\n\nFSERP / system use: Owner drawings / dividends: debit this (and credit bank/cash GL) when owners withdraw; use Journal Entries, not Fund Transfer.",
    "parent": null,
    "opening_balance": "0.00",
    "opening_balance_date": "2026-06-04",
    "is_active": true,
    "created_at": "2026-06-04T11:01:53.539Z",
    "updated_at": "2026-06-04T11:01:53.539Z"
  }
},
{
  "model": "api.chartofaccount",
  "pk": 281,
  "fields": {
    "company": 3,
    "account_code": "4100",
    "account_name": "Fuel Sales — Gasoline / Petrol",
    "account_type": "income",
    "account_sub_type": "sales_of_product_income",
    "description": "Retail gasoline / petrol sales.\n\nFSERP / system use: Revenue for fuel-grade / liter-based POS and invoice lines.",
    "parent": null,
    "opening_balance": "0.00",
    "opening_balance_date": "2026-06-04",
    "is_active": true,
    "created_at": "2026-06-04T11:01:53.539Z",
    "updated_at": "2026-06-04T11:01:53.539Z"
  }
},
{
  "model": "api.chartofaccount",
  "pk": 282,
  "fields": {
    "company": 3,
    "account_code": "4110",
    "account_name": "Fuel Sales — Diesel",
    "account_type": "income",
    "account_sub_type": "sales_of_product_income",
    "description": "Retail diesel sales.",
    "parent": null,
    "opening_balance": "0.00",
    "opening_balance_date": "2026-06-04",
    "is_active": true,
    "created_at": "2026-06-04T11:01:53.540Z",
    "updated_at": "2026-06-04T11:01:53.540Z"
  }
},
{
  "model": "api.chartofaccount",
  "pk": 283,
  "fields": {
    "company": 3,
    "account_code": "4120",
    "account_name": "Fuel Sales — Premium / Super",
    "account_type": "income",
    "account_sub_type": "sales_of_product_income",
    "description": "Higher-octane or premium grades.",
    "parent": null,
    "opening_balance": "0.00",
    "opening_balance_date": "2026-06-04",
    "is_active": true,
    "created_at": "2026-06-04T11:01:53.540Z",
    "updated_at": "2026-06-04T11:01:53.540Z"
  }
},
{
  "model": "api.chartofaccount",
  "pk": 284,
  "fields": {
    "company": 3,
    "account_code": "4130",
    "account_name": "Fuel Sales — Other Grades / Blends",
    "account_type": "income",
    "account_sub_type": "sales_of_product_income",
    "description": "E85, biodiesel blends, other fuels.",
    "parent": null,
    "opening_balance": "0.00",
    "opening_balance_date": "2026-06-04",
    "is_active": true,
    "created_at": "2026-06-04T11:01:53.540Z",
    "updated_at": "2026-06-04T11:01:53.540Z"
  }
},
{
  "model": "api.chartofaccount",
  "pk": 285,
  "fields": {
    "company": 3,
    "account_code": "4140",
    "account_name": "Fuel Sales — Fleet & Commercial (B2B)",
    "account_type": "income",
    "account_sub_type": "sales_of_product_income",
    "description": "Fuel sold on credit to fleet accounts.",
    "parent": null,
    "opening_balance": "0.00",
    "opening_balance_date": "2026-06-04",
    "is_active": true,
    "created_at": "2026-06-04T11:01:53.540Z",
    "updated_at": "2026-06-04T11:01:53.540Z"
  }
},
{
  "model": "api.chartofaccount",
  "pk": 286,
  "fields": {
    "company": 3,
    "account_code": "4200",
    "account_name": "C-Store / Convenience Sales",
    "account_type": "income",
    "account_sub_type": "sales_of_product_income",
    "description": "Merchandise and tobacco where permitted.\n\nFSERP / system use: Revenue for shop / convenience-style POS and invoice lines.",
    "parent": null,
    "opening_balance": "0.00",
    "opening_balance_date": "2026-06-04",
    "is_active": true,
    "created_at": "2026-06-04T11:01:53.541Z",
    "updated_at": "2026-06-04T11:01:53.541Z"
  }
},
{
  "model": "api.chartofaccount",
  "pk": 287,
  "fields": {
    "company": 3,
    "account_code": "4210",
    "account_name": "Lubricants & Additives — Over-the-Counter",
    "account_type": "income",
    "account_sub_type": "sales_of_product_income",
    "description": "Bottled lubes and additives sold at counter.",
    "parent": null,
    "opening_balance": "0.00",
    "opening_balance_date": "2026-06-04",
    "is_active": true,
    "created_at": "2026-06-04T11:01:53.541Z",
    "updated_at": "2026-06-04T11:01:53.541Z"
  }
},
{
  "model": "api.chartofaccount",
  "pk": 288,
  "fields": {
    "company": 3,
    "account_code": "4220",
    "account_name": "Car Wash & Services",
    "account_type": "income",
    "account_sub_type": "service_fee_income",
    "description": "Wash bay and ancillary services revenue.",
    "parent": null,
    "opening_balance": "0.00",
    "opening_balance_date": "2026-06-04",
    "is_active": true,
    "created_at": "2026-06-04T11:01:53.541Z",
    "updated_at": "2026-06-04T11:01:53.541Z"
  }
},
{
  "model": "api.chartofaccount",
  "pk": 289,
  "fields": {
    "company": 3,
    "account_code": "4230",
    "account_name": "Other Operating Revenue",
    "account_type": "income",
    "account_sub_type": "other_income",
    "description": "Air, vacuum, commissions, misc. operating.\n\nFSERP / system use: Fallback revenue when a line does not map to 4100/4200.",
    "parent": null,
    "opening_balance": "0.00",
    "opening_balance_date": "2026-06-04",
    "is_active": true,
    "created_at": "2026-06-04T11:01:53.541Z",
    "updated_at": "2026-06-04T11:01:53.541Z"
  }
},
{
  "model": "api.chartofaccount",
  "pk": 290,
  "fields": {
    "company": 3,
    "account_code": "4300",
    "account_name": "Discounts & Promotions (Contra Revenue)",
    "account_type": "income",
    "account_sub_type": "discounts_refunds_given",
    "description": "Loyalty and pump discounts (contra-revenue; net against sales per policy).",
    "parent": null,
    "opening_balance": "0.00",
    "opening_balance_date": "2026-06-04",
    "is_active": true,
    "created_at": "2026-06-04T11:01:53.542Z",
    "updated_at": "2026-06-04T11:01:53.542Z"
  }
},
{
  "model": "api.chartofaccount",
  "pk": 291,
  "fields": {
    "company": 3,
    "account_code": "4400",
    "account_name": "Interest & Non-Operating Income",
    "account_type": "income",
    "account_sub_type": "other_income",
    "description": "Bank interest, rebates, insurance recoveries.",
    "parent": null,
    "opening_balance": "0.00",
    "opening_balance_date": "2026-06-04",
    "is_active": true,
    "created_at": "2026-06-04T11:01:53.542Z",
    "updated_at": "2026-06-04T11:01:53.542Z"
  }
},
{
  "model": "api.chartofaccount",
  "pk": 292,
  "fields": {
    "company": 3,
    "account_code": "4410",
    "account_name": "Interest Income — Loans Receivable",
    "account_type": "income",
    "account_sub_type": "other_income",
    "description": "Interest earned on lent funds. Optional **Interest GL** when splitting principal vs interest on **Lent** loans.\n\nFSERP / system use: Loans — interest income on funds lent; optional Interest GL when splitting repayments on lent loans.",
    "parent": null,
    "opening_balance": "0.00",
    "opening_balance_date": "2026-06-04",
    "is_active": true,
    "created_at": "2026-06-04T11:01:53.542Z",
    "updated_at": "2026-06-04T11:01:53.542Z"
  }
},
{
  "model": "api.chartofaccount",
  "pk": 293,
  "fields": {
    "company": 3,
    "account_code": "5100",
    "account_name": "Cost of Fuel Sold",
    "account_type": "cost_of_goods_sold",
    "account_sub_type": "cost_of_goods_sold",
    "description": "Fuel COGS (wet stock consumed) matched to fuel revenue.\n\nFSERP / system use: COGS for fuel lines (debit) when items have unit cost.",
    "parent": null,
    "opening_balance": "0.00",
    "opening_balance_date": "2026-06-04",
    "is_active": true,
    "created_at": "2026-06-04T11:01:53.542Z",
    "updated_at": "2026-06-04T11:01:53.542Z"
  }
},
{
  "model": "api.chartofaccount",
  "pk": 294,
  "fields": {
    "company": 3,
    "account_code": "5110",
    "account_name": "Cost of Lubricants & Fluids Sold",
    "account_type": "cost_of_goods_sold",
    "account_sub_type": "supplies_materials_cogs",
    "description": "Product cost for lube and fluids sold.",
    "parent": null,
    "opening_balance": "0.00",
    "opening_balance_date": "2026-06-04",
    "is_active": true,
    "created_at": "2026-06-04T11:01:53.542Z",
    "updated_at": "2026-06-04T11:01:53.542Z"
  }
},
{
  "model": "api.chartofaccount",
  "pk": 295,
  "fields": {
    "company": 3,
    "account_code": "5120",
    "account_name": "Cost of C-Store Goods Sold",
    "account_type": "cost_of_goods_sold",
    "account_sub_type": "cost_of_goods_sold",
    "description": "Merchandise COGS for shop.\n\nFSERP / system use: COGS for shop lines (debit) when items have unit cost.",
    "parent": null,
    "opening_balance": "0.00",
    "opening_balance_date": "2026-06-04",
    "is_active": true,
    "created_at": "2026-06-04T11:01:53.543Z",
    "updated_at": "2026-06-04T11:01:53.543Z"
  }
},
{
  "model": "api.chartofaccount",
  "pk": 296,
  "fields": {
    "company": 3,
    "account_code": "5200",
    "account_name": "Inventory Shrinkage — Fuel (Wet Loss / Variance)",
    "account_type": "cost_of_goods_sold",
    "account_sub_type": "cost_of_goods_sold",
    "description": "Tank loss, evaporation, meter variance beyond tolerance.",
    "parent": null,
    "opening_balance": "0.00",
    "opening_balance_date": "2026-06-04",
    "is_active": true,
    "created_at": "2026-06-04T11:01:53.543Z",
    "updated_at": "2026-06-04T11:01:53.543Z"
  }
},
{
  "model": "api.chartofaccount",
  "pk": 297,
  "fields": {
    "company": 3,
    "account_code": "5210",
    "account_name": "Inventory Shrinkage — Shop / Other",
    "account_type": "cost_of_goods_sold",
    "account_sub_type": "cost_of_goods_sold",
    "description": "Theft, damage, count adjustments (non-fuel).",
    "parent": null,
    "opening_balance": "0.00",
    "opening_balance_date": "2026-06-04",
    "is_active": true,
    "created_at": "2026-06-04T11:01:53.543Z",
    "updated_at": "2026-06-04T11:01:53.543Z"
  }
},
{
  "model": "api.chartofaccount",
  "pk": 298,
  "fields": {
    "company": 3,
    "account_code": "6100",
    "account_name": "Utilities — Electricity",
    "account_type": "expense",
    "account_sub_type": "utilities",
    "description": "Power for pumps, lighting, refrigeration.",
    "parent": null,
    "opening_balance": "0.00",
    "opening_balance_date": "2026-06-04",
    "is_active": true,
    "created_at": "2026-06-04T11:01:53.543Z",
    "updated_at": "2026-06-04T11:01:53.543Z"
  }
},
{
  "model": "api.chartofaccount",
  "pk": 299,
  "fields": {
    "company": 3,
    "account_code": "6110",
    "account_name": "Utilities — Water & Sewer",
    "account_type": "expense",
    "account_sub_type": "utilities",
    "description": "Water for wash and site use.",
    "parent": null,
    "opening_balance": "0.00",
    "opening_balance_date": "2026-06-04",
    "is_active": true,
    "created_at": "2026-06-04T11:01:53.544Z",
    "updated_at": "2026-06-04T11:01:53.544Z"
  }
},
{
  "model": "api.chartofaccount",
  "pk": 300,
  "fields": {
    "company": 3,
    "account_code": "6200",
    "account_name": "Rent or Lease — Land & Building",
    "account_type": "expense",
    "account_sub_type": "rent_or_lease_of_buildings",
    "description": "Site lease or land rent.",
    "parent": null,
    "opening_balance": "0.00",
    "opening_balance_date": "2026-06-04",
    "is_active": true,
    "created_at": "2026-06-04T11:01:53.544Z",
    "updated_at": "2026-06-04T11:01:53.544Z"
  }
},
{
  "model": "api.chartofaccount",
  "pk": 301,
  "fields": {
    "company": 3,
    "account_code": "6210",
    "account_name": "Lease — Equipment & Vehicles",
    "account_type": "expense",
    "account_sub_type": "rent_or_lease_of_buildings",
    "description": "Operating leases for equipment.",
    "parent": null,
    "opening_balance": "0.00",
    "opening_balance_date": "2026-06-04",
    "is_active": true,
    "created_at": "2026-06-04T11:01:53.544Z",
    "updated_at": "2026-06-04T11:01:53.544Z"
  }
},
{
  "model": "api.chartofaccount",
  "pk": 302,
  "fields": {
    "company": 3,
    "account_code": "6300",
    "account_name": "Repairs & Maintenance — Dispensing & Site",
    "account_type": "expense",
    "account_sub_type": "repair_maintenance",
    "description": "Pump repair, line maintenance, forecourt upkeep.",
    "parent": null,
    "opening_balance": "0.00",
    "opening_balance_date": "2026-06-04",
    "is_active": true,
    "created_at": "2026-06-04T11:01:53.544Z",
    "updated_at": "2026-06-04T11:01:53.544Z"
  }
},
{
  "model": "api.chartofaccount",
  "pk": 303,
  "fields": {
    "company": 3,
    "account_code": "6310",
    "account_name": "Repairs & Maintenance — Building & Canopy",
    "account_type": "expense",
    "account_sub_type": "repair_maintenance",
    "description": "Structural and cosmetic maintenance.",
    "parent": null,
    "opening_balance": "0.00",
    "opening_balance_date": "2026-06-04",
    "is_active": true,
    "created_at": "2026-06-04T11:01:53.544Z",
    "updated_at": "2026-06-04T11:01:53.544Z"
  }
},
{
  "model": "api.chartofaccount",
  "pk": 304,
  "fields": {
    "company": 3,
    "account_code": "6400",
    "account_name": "Salaries & Wages",
    "account_type": "expense",
    "account_sub_type": "payroll_expenses",
    "description": "Gross wages before employer taxes and benefits.",
    "parent": null,
    "opening_balance": "0.00",
    "opening_balance_date": "2026-06-04",
    "is_active": true,
    "created_at": "2026-06-04T11:01:53.545Z",
    "updated_at": "2026-06-04T11:01:53.545Z"
  }
},
{
  "model": "api.chartofaccount",
  "pk": 305,
  "fields": {
    "company": 3,
    "account_code": "6410",
    "account_name": "Payroll Taxes & Employer Contributions",
    "account_type": "expense",
    "account_sub_type": "payroll_expenses",
    "description": "Employer payroll taxes and benefits.",
    "parent": null,
    "opening_balance": "0.00",
    "opening_balance_date": "2026-06-04",
    "is_active": true,
    "created_at": "2026-06-04T11:01:53.545Z",
    "updated_at": "2026-06-04T11:01:53.545Z"
  }
},
{
  "model": "api.chartofaccount",
  "pk": 306,
  "fields": {
    "company": 3,
    "account_code": "6420",
    "account_name": "Staff Training & Uniforms",
    "account_type": "expense",
    "account_sub_type": "payroll_expenses",
    "description": "Training, safety gear, uniforms.",
    "parent": null,
    "opening_balance": "0.00",
    "opening_balance_date": "2026-06-04",
    "is_active": true,
    "created_at": "2026-06-04T11:01:53.545Z",
    "updated_at": "2026-06-04T11:01:53.545Z"
  }
},
{
  "model": "api.chartofaccount",
  "pk": 307,
  "fields": {
    "company": 3,
    "account_code": "6500",
    "account_name": "Insurance — Property & Business Interruption",
    "account_type": "expense",
    "account_sub_type": "insurance",
    "description": "Site, inventory, and business continuity coverage.",
    "parent": null,
    "opening_balance": "0.00",
    "opening_balance_date": "2026-06-04",
    "is_active": true,
    "created_at": "2026-06-04T11:01:53.545Z",
    "updated_at": "2026-06-04T11:01:53.545Z"
  }
},
{
  "model": "api.chartofaccount",
  "pk": 308,
  "fields": {
    "company": 3,
    "account_code": "6510",
    "account_name": "Insurance — Liability & Environmental",
    "account_type": "expense",
    "account_sub_type": "insurance",
    "description": "General liability, pollution, statutory coverage.",
    "parent": null,
    "opening_balance": "0.00",
    "opening_balance_date": "2026-06-04",
    "is_active": true,
    "created_at": "2026-06-04T11:01:53.546Z",
    "updated_at": "2026-06-04T11:01:53.546Z"
  }
},
{
  "model": "api.chartofaccount",
  "pk": 309,
  "fields": {
    "company": 3,
    "account_code": "6600",
    "account_name": "Bank Charges & Merchant Service Fees",
    "account_type": "expense",
    "account_sub_type": "office_general_administrative_expenses",
    "description": "Card interchange, acquirer fees, bank service charges.",
    "parent": null,
    "opening_balance": "0.00",
    "opening_balance_date": "2026-06-04",
    "is_active": true,
    "created_at": "2026-06-04T11:01:53.546Z",
    "updated_at": "2026-06-04T11:01:53.546Z"
  }
},
{
  "model": "api.chartofaccount",
  "pk": 310,
  "fields": {
    "company": 3,
    "account_code": "6610",
    "account_name": "Cash Over / Short",
    "account_type": "expense",
    "account_sub_type": "other_business_expenses",
    "description": "Till variances after investigation.",
    "parent": null,
    "opening_balance": "0.00",
    "opening_balance_date": "2026-06-04",
    "is_active": true,
    "created_at": "2026-06-04T11:01:53.546Z",
    "updated_at": "2026-06-04T11:01:53.546Z"
  }
},
{
  "model": "api.chartofaccount",
  "pk": 311,
  "fields": {
    "company": 3,
    "account_code": "6620",
    "account_name": "Interest Expense — Loan Borrowings",
    "account_type": "expense",
    "account_sub_type": "other_business_expenses",
    "description": "Interest paid on borrowed funds. Optional **Interest GL** when splitting principal vs interest on **Borrowed** loans.\n\nFSERP / system use: Loans — interest expense on borrowings; optional Interest GL when splitting repayments on borrowed loans.",
    "parent": null,
    "opening_balance": "0.00",
    "opening_balance_date": "2026-06-04",
    "is_active": true,
    "created_at": "2026-06-04T11:01:53.546Z",
    "updated_at": "2026-06-04T11:01:53.546Z"
  }
},
{
  "model": "api.chartofaccount",
  "pk": 312,
  "fields": {
    "company": 3,
    "account_code": "6700",
    "account_name": "Marketing & Loyalty Programs",
    "account_type": "expense",
    "account_sub_type": "advertising_promotional",
    "description": "Local ads, signage, loyalty subsidies.",
    "parent": null,
    "opening_balance": "0.00",
    "opening_balance_date": "2026-06-04",
    "is_active": true,
    "created_at": "2026-06-04T11:01:53.547Z",
    "updated_at": "2026-06-04T11:01:53.547Z"
  }
},
{
  "model": "api.chartofaccount",
  "pk": 313,
  "fields": {
    "company": 3,
    "account_code": "6800",
    "account_name": "Professional Fees — Legal & Accounting",
    "account_type": "expense",
    "account_sub_type": "office_general_administrative_expenses",
    "description": "Auditors, lawyers, consultants.",
    "parent": null,
    "opening_balance": "0.00",
    "opening_balance_date": "2026-06-04",
    "is_active": true,
    "created_at": "2026-06-04T11:01:53.547Z",
    "updated_at": "2026-06-04T11:01:53.547Z"
  }
},
{
  "model": "api.chartofaccount",
  "pk": 314,
  "fields": {
    "company": 3,
    "account_code": "6810",
    "account_name": "IT & Software Subscriptions",
    "account_type": "expense",
    "account_sub_type": "office_general_administrative_expenses",
    "description": "SaaS, support, cybersecurity.",
    "parent": null,
    "opening_balance": "0.00",
    "opening_balance_date": "2026-06-04",
    "is_active": true,
    "created_at": "2026-06-04T11:01:53.547Z",
    "updated_at": "2026-06-04T11:01:53.547Z"
  }
},
{
  "model": "api.chartofaccount",
  "pk": 315,
  "fields": {
    "company": 3,
    "account_code": "6900",
    "account_name": "Office & Administrative",
    "account_type": "expense",
    "account_sub_type": "office_general_administrative_expenses",
    "description": "Supplies, postage, small tools not capitalized.\n\nFSERP / system use: Default expense for vendor bills (full bill amount to expense when bill posts).",
    "parent": null,
    "opening_balance": "0.00",
    "opening_balance_date": "2026-06-04",
    "is_active": true,
    "created_at": "2026-06-04T11:01:53.547Z",
    "updated_at": "2026-06-04T11:01:53.547Z"
  }
},
{
  "model": "api.chartofaccount",
  "pk": 316,
  "fields": {
    "company": 3,
    "account_code": "6910",
    "account_name": "Donation & Social Support",
    "account_type": "expense",
    "account_sub_type": "other_business_expenses",
    "description": "Charitable giving and local social support paid from station cash; use POS to debit expense and credit cash in hand (1010) or the active register.\n\nFSERP / system use: Donation and social support paid from the station: record in POS; debits 6910 and credits 1010 Cash on Hand or the selected cash register’s linked GL (same as sales deposits).",
    "parent": null,
    "opening_balance": "0.00",
    "opening_balance_date": "2026-06-04",
    "is_active": true,
    "created_at": "2026-06-04T11:01:53.547Z",
    "updated_at": "2026-06-04T11:01:53.547Z"
  }
},
{
  "model": "api.chartofaccount",
  "pk": 317,
  "fields": {
    "company": 3,
    "account_code": "7000",
    "account_name": "Security & Cash Handling Services",
    "account_type": "expense",
    "account_sub_type": "other_business_expenses",
    "description": "CIT, alarms, monitoring.",
    "parent": null,
    "opening_balance": "0.00",
    "opening_balance_date": "2026-06-04",
    "is_active": true,
    "created_at": "2026-06-04T11:01:53.548Z",
    "updated_at": "2026-06-04T11:01:53.548Z"
  }
},
{
  "model": "api.chartofaccount",
  "pk": 318,
  "fields": {
    "company": 3,
    "account_code": "7100",
    "account_name": "Fuel Freight & Delivery In",
    "account_type": "expense",
    "account_sub_type": "supplies_materials",
    "description": "Transport surcharges on wet-stock deliveries.",
    "parent": null,
    "opening_balance": "0.00",
    "opening_balance_date": "2026-06-04",
    "is_active": true,
    "created_at": "2026-06-04T11:01:53.548Z",
    "updated_at": "2026-06-04T11:01:53.548Z"
  }
},
{
  "model": "api.chartofaccount",
  "pk": 319,
  "fields": {
    "company": 3,
    "account_code": "7200",
    "account_name": "Licenses, Permits & Memberships",
    "account_type": "expense",
    "account_sub_type": "other_business_expenses",
    "description": "Station licenses, industry association dues.",
    "parent": null,
    "opening_balance": "0.00",
    "opening_balance_date": "2026-06-04",
    "is_active": true,
    "created_at": "2026-06-04T11:01:53.548Z",
    "updated_at": "2026-06-04T11:01:53.548Z"
  }
},
{
  "model": "api.chartofaccount",
  "pk": 320,
  "fields": {
    "company": 3,
    "account_code": "7300",
    "account_name": "Environmental & Compliance",
    "account_type": "expense",
    "account_sub_type": "other_business_expenses",
    "description": "Testing, inspections, spill prevention supplies.",
    "parent": null,
    "opening_balance": "0.00",
    "opening_balance_date": "2026-06-04",
    "is_active": true,
    "created_at": "2026-06-04T11:01:53.548Z",
    "updated_at": "2026-06-04T11:01:53.548Z"
  }
},
{
  "model": "api.chartofaccount",
  "pk": 321,
  "fields": {
    "company": 3,
    "account_code": "7400",
    "account_name": "Loss on Asset Disposal / Write-off",
    "account_type": "expense",
    "account_sub_type": "other_business_expenses",
    "description": "Net loss on sale or retirement of assets.",
    "parent": null,
    "opening_balance": "0.00",
    "opening_balance_date": "2026-06-04",
    "is_active": true,
    "created_at": "2026-06-04T11:01:53.549Z",
    "updated_at": "2026-06-04T11:01:53.549Z"
  }
},
{
  "model": "api.chartofaccount",
  "pk": 322,
  "fields": {
    "company": 1,
    "account_code": "6320",
    "account_name": "Depreciation Expense — Buildings & Equipment",
    "account_type": "expense",
    "account_sub_type": "other_business_expenses",
    "description": "Periodic depreciation on fixed assets (Dr on AUTO-FA-DEP journals).",
    "parent": null,
    "opening_balance": "0.00",
    "opening_balance_date": "2026-06-09",
    "is_active": true,
    "created_at": "2026-06-09T01:53:01.497Z",
    "updated_at": "2026-06-09T01:53:01.497Z"
  }
},
{
  "model": "api.chartofaccount",
  "pk": 323,
  "fields": {
    "company": 2,
    "account_code": "6320",
    "account_name": "Depreciation Expense — Buildings & Equipment",
    "account_type": "expense",
    "account_sub_type": "other_business_expenses",
    "description": "Periodic depreciation on fixed assets (Dr on AUTO-FA-DEP journals).",
    "parent": null,
    "opening_balance": "0.00",
    "opening_balance_date": "2026-06-09",
    "is_active": true,
    "created_at": "2026-06-09T01:53:01.498Z",
    "updated_at": "2026-06-09T01:53:01.498Z"
  }
},
{
  "model": "api.chartofaccount",
  "pk": 324,
  "fields": {
    "company": 3,
    "account_code": "6320",
    "account_name": "Depreciation Expense — Buildings & Equipment",
    "account_type": "expense",
    "account_sub_type": "other_business_expenses",
    "description": "Periodic depreciation on fixed assets (Dr on AUTO-FA-DEP journals).",
    "parent": null,
    "opening_balance": "0.00",
    "opening_balance_date": "2026-06-09",
    "is_active": true,
    "created_at": "2026-06-09T01:53:01.498Z",
    "updated_at": "2026-06-09T01:53:01.498Z"
  }
},
{
  "model": "api.chartofaccount",
  "pk": 325,
  "fields": {
    "company": 1,
    "account_code": "6920",
    "account_name": "General Station Operating Expenses",
    "account_type": "expense",
    "account_sub_type": "office_general_administrative_expenses",
    "description": "Default GL for fuel-station operating rollup on vendor bills (payroll, rent, insurance, bank fees, security, marketing, and general overhead). Override the bill line for dedicated accounts: 6400 wages, 6200 rent, 6500 insurance, 6600 bank fees, 7000 security, 6700 marketing, 6900 office supplies only.",
    "parent": null,
    "opening_balance": "0.00",
    "opening_balance_date": "2026-06-10",
    "is_active": true,
    "created_at": "2026-06-10T05:41:02.764Z",
    "updated_at": "2026-06-10T05:41:02.764Z"
  }
},
{
  "model": "api.chartofaccount",
  "pk": 326,
  "fields": {
    "company": 1,
    "account_code": "6990",
    "account_name": "Miscellaneous Station Expenses",
    "account_type": "expense",
    "account_sub_type": "other_business_expenses",
    "description": "One-off or uncategorized station costs (fuel-station other rollup on vendor bills).",
    "parent": null,
    "opening_balance": "0.00",
    "opening_balance_date": "2026-06-10",
    "is_active": true,
    "created_at": "2026-06-10T05:41:02.785Z",
    "updated_at": "2026-06-10T05:41:02.785Z"
  }
},
{
  "model": "api.chartofaccount",
  "pk": 327,
  "fields": {
    "company": 1,
    "account_code": "6722",
    "account_name": "Aquaculture Expense — Repairs & Structural Maintenance",
    "account_type": "expense",
    "account_sub_type": "repair_maintenance",
    "description": "Pond dike, pump, aerator, vehicle, and site repair labour and materials (repair_maintenance).",
    "parent": null,
    "opening_balance": "0.00",
    "opening_balance_date": "2026-06-22",
    "is_active": true,
    "created_at": "2026-06-22T17:08:55.181Z",
    "updated_at": "2026-06-22T17:08:55.181Z"
  }
},
{
  "model": "api.chartofaccount",
  "pk": 328,
  "fields": {
    "company": 2,
    "account_code": "6722",
    "account_name": "Aquaculture Expense — Repairs & Structural Maintenance",
    "account_type": "expense",
    "account_sub_type": "repair_maintenance",
    "description": "Pond dike, pump, aerator, vehicle, and site repair labour and materials (repair_maintenance).",
    "parent": null,
    "opening_balance": "0.00",
    "opening_balance_date": "2026-06-22",
    "is_active": true,
    "created_at": "2026-06-22T17:08:55.183Z",
    "updated_at": "2026-06-22T17:08:55.183Z"
  }
},
{
  "model": "api.chartofaccount",
  "pk": 329,
  "fields": {
    "company": 3,
    "account_code": "6722",
    "account_name": "Aquaculture Expense — Repairs & Structural Maintenance",
    "account_type": "expense",
    "account_sub_type": "repair_maintenance",
    "description": "Pond dike, pump, aerator, vehicle, and site repair labour and materials (repair_maintenance).",
    "parent": null,
    "opening_balance": "0.00",
    "opening_balance_date": "2026-06-22",
    "is_active": true,
    "created_at": "2026-06-22T17:08:55.184Z",
    "updated_at": "2026-06-22T17:08:55.184Z"
  }
},
{
  "model": "api.bankaccount",
  "pk": 1,
  "fields": {
    "company": 2,
    "chart_account": 108,
    "account_name": "Cash on Hand — Station Tills",
    "account_number": "1010",
    "bank_name": "Cash on Hand — Station Tills",
    "account_type": "CASH",
    "opening_balance": "0.00",
    "opening_balance_date": "2026-05-06",
    "current_balance": "0.00",
    "is_active": true,
    "is_equity_register": false,
    "created_at": "2026-05-06T04:24:13.051Z",
    "updated_at": "2026-05-06T04:24:13.051Z"
  }
},
{
  "model": "api.bankaccount",
  "pk": 2,
  "fields": {
    "company": 2,
    "chart_account": 110,
    "account_name": "Bank — Operating Account",
    "account_number": "1030",
    "bank_name": "Bank — Operating Account",
    "account_type": "CHECKING",
    "opening_balance": "0.00",
    "opening_balance_date": "2026-05-06",
    "current_balance": "0.00",
    "is_active": true,
    "is_equity_register": false,
    "created_at": "2026-05-06T04:24:13.149Z",
    "updated_at": "2026-05-06T04:24:13.149Z"
  }
},
{
  "model": "api.bankaccount",
  "pk": 3,
  "fields": {
    "company": 2,
    "chart_account": 111,
    "account_name": "Bank — Card Settlement",
    "account_number": "1040",
    "bank_name": "Bank — Card Settlement",
    "account_type": "CHECKING",
    "opening_balance": "0.00",
    "opening_balance_date": "2026-05-06",
    "current_balance": "0.00",
    "is_active": true,
    "is_equity_register": false,
    "created_at": "2026-05-06T04:24:13.156Z",
    "updated_at": "2026-05-06T04:24:13.156Z"
  }
},
{
  "model": "api.bankaccount",
  "pk": 4,
  "fields": {
    "company": 2,
    "chart_account": 112,
    "account_name": "Bank — Tax / Trust (Statutory)",
    "account_number": "1050",
    "bank_name": "Bank — Tax / Trust (Statutory)",
    "account_type": "CHECKING",
    "opening_balance": "0.00",
    "opening_balance_date": "2026-05-06",
    "current_balance": "0.00",
    "is_active": true,
    "is_equity_register": false,
    "created_at": "2026-05-06T04:24:13.163Z",
    "updated_at": "2026-05-06T04:24:13.163Z"
  }
},
{
  "model": "api.bankaccount",
  "pk": 5,
  "fields": {
    "company": 1,
    "chart_account": 1,
    "account_name": "Cash on Hand — Station Tills",
    "account_number": "1010",
    "bank_name": "Cash on Hand — Station Tills",
    "account_type": "CASH",
    "opening_balance": "0.00",
    "opening_balance_date": "2026-05-05",
    "current_balance": "8500.00",
    "is_active": true,
    "is_equity_register": false,
    "created_at": "2026-05-07T04:05:09.715Z",
    "updated_at": "2026-05-07T04:05:09.715Z"
  }
},
{
  "model": "api.bankaccount",
  "pk": 6,
  "fields": {
    "company": 1,
    "chart_account": 3,
    "account_name": "Bank — Operating Account",
    "account_number": "1030",
    "bank_name": "Bank — Operating Account",
    "account_type": "CHECKING",
    "opening_balance": "0.00",
    "opening_balance_date": "2026-05-05",
    "current_balance": "0.00",
    "is_active": true,
    "is_equity_register": false,
    "created_at": "2026-05-07T04:05:09.731Z",
    "updated_at": "2026-05-07T04:05:09.731Z"
  }
},
{
  "model": "api.bankaccount",
  "pk": 7,
  "fields": {
    "company": 1,
    "chart_account": 4,
    "account_name": "Bank — Card Settlement",
    "account_number": "1040",
    "bank_name": "Bank — Card Settlement",
    "account_type": "CHECKING",
    "opening_balance": "0.00",
    "opening_balance_date": "2026-05-05",
    "current_balance": "0.00",
    "is_active": true,
    "is_equity_register": false,
    "created_at": "2026-05-07T04:05:09.733Z",
    "updated_at": "2026-05-07T04:05:09.733Z"
  }
},
{
  "model": "api.bankaccount",
  "pk": 8,
  "fields": {
    "company": 1,
    "chart_account": 5,
    "account_name": "Bank — Tax / Trust (Statutory)",
    "account_number": "1050",
    "bank_name": "Bank — Tax / Trust (Statutory)",
    "account_type": "CHECKING",
    "opening_balance": "0.00",
    "opening_balance_date": "2026-05-05",
    "current_balance": "0.00",
    "is_active": true,
    "is_equity_register": false,
    "created_at": "2026-05-07T04:05:09.738Z",
    "updated_at": "2026-05-07T04:05:09.738Z"
  }
},
{
  "model": "api.bankaccount",
  "pk": 9,
  "fields": {
    "company": 1,
    "chart_account": 42,
    "account_name": "Owner Equity / Shareholder Capital",
    "account_number": "3000",
    "bank_name": "Equity — Owner Equity / Shareholder Capital",
    "account_type": "EQUITY",
    "opening_balance": "0.00",
    "opening_balance_date": "2026-05-05",
    "current_balance": "0.00",
    "is_active": true,
    "is_equity_register": true,
    "created_at": "2026-05-07T04:24:41.500Z",
    "updated_at": "2026-05-07T04:24:41.500Z"
  }
},
{
  "model": "api.bankaccount",
  "pk": 10,
  "fields": {
    "company": 1,
    "chart_account": 43,
    "account_name": "Retained Earnings",
    "account_number": "3100",
    "bank_name": "Equity — Retained Earnings",
    "account_type": "EQUITY",
    "opening_balance": "0.00",
    "opening_balance_date": "2026-05-05",
    "current_balance": "0.00",
    "is_active": true,
    "is_equity_register": true,
    "created_at": "2026-05-07T04:24:41.503Z",
    "updated_at": "2026-05-07T04:24:41.503Z"
  }
},
{
  "model": "api.bankaccount",
  "pk": 11,
  "fields": {
    "company": 1,
    "chart_account": 88,
    "account_name": "Aquaculture — Pond Profit Clearing (Equity)",
    "account_number": "3190",
    "bank_name": "Equity — Aquaculture — Pond Profit Clearing (Equity)",
    "account_type": "EQUITY",
    "opening_balance": "0.00",
    "opening_balance_date": "2026-05-05",
    "current_balance": "0.00",
    "is_active": true,
    "is_equity_register": true,
    "created_at": "2026-05-07T04:24:41.503Z",
    "updated_at": "2026-05-07T04:24:41.503Z"
  }
},
{
  "model": "api.bankaccount",
  "pk": 12,
  "fields": {
    "company": 1,
    "chart_account": 44,
    "account_name": "Opening Balance Equity",
    "account_number": "3200",
    "bank_name": "Equity — Opening Balance Equity",
    "account_type": "EQUITY",
    "opening_balance": "0.00",
    "opening_balance_date": "2026-05-05",
    "current_balance": "0.00",
    "is_active": true,
    "is_equity_register": true,
    "created_at": "2026-05-07T04:24:41.505Z",
    "updated_at": "2026-05-07T04:24:41.505Z"
  }
},
{
  "model": "api.bankaccount",
  "pk": 13,
  "fields": {
    "company": 1,
    "chart_account": 45,
    "account_name": "Dividends / Owner Drawings",
    "account_number": "3300",
    "bank_name": "Equity — Dividends / Owner Drawings",
    "account_type": "EQUITY",
    "opening_balance": "0.00",
    "opening_balance_date": "2026-05-05",
    "current_balance": "0.00",
    "is_active": true,
    "is_equity_register": true,
    "created_at": "2026-05-07T04:24:41.508Z",
    "updated_at": "2026-05-07T04:24:41.509Z"
  }
},
{
  "model": "api.bankaccount",
  "pk": 14,
  "fields": {
    "company": 1,
    "chart_account": 3,
    "account_name": "Operating - City Bank (demo)",
    "account_number": "MFS-OP-1001",
    "bank_name": "City Bank PLC",
    "account_type": "CHECKING",
    "opening_balance": "250000.00",
    "opening_balance_date": "2026-05-26",
    "current_balance": "250000.00",
    "is_active": true,
    "is_equity_register": false,
    "created_at": "2026-05-26T14:01:57.195Z",
    "updated_at": "2026-05-26T14:01:57.195Z"
  }
},
{
  "model": "api.bankaccount",
  "pk": 15,
  "fields": {
    "company": 1,
    "chart_account": 1,
    "account_name": "Station Tills - Petty Cash (demo)",
    "account_number": "MFS-CASH-01",
    "bank_name": "On-site Cash",
    "account_type": "CASH",
    "opening_balance": "15000.00",
    "opening_balance_date": "2026-05-26",
    "current_balance": "15000.00",
    "is_active": true,
    "is_equity_register": false,
    "created_at": "2026-05-26T14:01:57.213Z",
    "updated_at": "2026-05-26T14:01:57.213Z"
  }
},
{
  "model": "api.bankaccount",
  "pk": 16,
  "fields": {
    "company": 2,
    "chart_account": 149,
    "account_name": "Owner Equity / Shareholder Capital",
    "account_number": "3000",
    "bank_name": "Equity — Owner Equity / Shareholder Capital",
    "account_type": "EQUITY",
    "opening_balance": "0.00",
    "opening_balance_date": "2026-05-06",
    "current_balance": "0.00",
    "is_active": true,
    "is_equity_register": true,
    "created_at": "2026-06-04T11:01:53.501Z",
    "updated_at": "2026-06-04T11:01:53.501Z"
  }
},
{
  "model": "api.bankaccount",
  "pk": 17,
  "fields": {
    "company": 2,
    "chart_account": 150,
    "account_name": "Retained Earnings",
    "account_number": "3100",
    "bank_name": "Equity — Retained Earnings",
    "account_type": "EQUITY",
    "opening_balance": "0.00",
    "opening_balance_date": "2026-05-06",
    "current_balance": "0.00",
    "is_active": true,
    "is_equity_register": true,
    "created_at": "2026-06-04T11:01:53.502Z",
    "updated_at": "2026-06-04T11:01:53.502Z"
  }
},
{
  "model": "api.bankaccount",
  "pk": 18,
  "fields": {
    "company": 2,
    "chart_account": 195,
    "account_name": "Aquaculture — Pond Profit Clearing (Equity)",
    "account_number": "3190",
    "bank_name": "Equity — Aquaculture — Pond Profit Clearing (Equity)",
    "account_type": "EQUITY",
    "opening_balance": "0.00",
    "opening_balance_date": "2026-05-06",
    "current_balance": "0.00",
    "is_active": true,
    "is_equity_register": true,
    "created_at": "2026-06-04T11:01:53.502Z",
    "updated_at": "2026-06-04T11:01:53.502Z"
  }
},
{
  "model": "api.bankaccount",
  "pk": 19,
  "fields": {
    "company": 2,
    "chart_account": 151,
    "account_name": "Opening Balance Equity",
    "account_number": "3200",
    "bank_name": "Equity — Opening Balance Equity",
    "account_type": "EQUITY",
    "opening_balance": "0.00",
    "opening_balance_date": "2026-05-06",
    "current_balance": "0.00",
    "is_active": true,
    "is_equity_register": true,
    "created_at": "2026-06-04T11:01:53.502Z",
    "updated_at": "2026-06-04T11:01:53.502Z"
  }
},
{
  "model": "api.bankaccount",
  "pk": 20,
  "fields": {
    "company": 2,
    "chart_account": 152,
    "account_name": "Dividends / Owner Drawings",
    "account_number": "3300",
    "bank_name": "Equity — Dividends / Owner Drawings",
    "account_type": "EQUITY",
    "opening_balance": "0.00",
    "opening_balance_date": "2026-05-06",
    "current_balance": "0.00",
    "is_active": true,
    "is_equity_register": true,
    "created_at": "2026-06-04T11:01:53.502Z",
    "updated_at": "2026-06-04T11:01:53.502Z"
  }
},
{
  "model": "api.bankaccount",
  "pk": 21,
  "fields": {
    "company": 3,
    "chart_account": 236,
    "account_name": "Cash on Hand — Station Tills",
    "account_number": "1010",
    "bank_name": "Cash on Hand — Station Tills",
    "account_type": "CASH",
    "opening_balance": "0.00",
    "opening_balance_date": "2026-06-04",
    "current_balance": "0.00",
    "is_active": true,
    "is_equity_register": false,
    "created_at": "2026-06-04T11:01:53.576Z",
    "updated_at": "2026-06-04T11:01:53.576Z"
  }
},
{
  "model": "api.bankaccount",
  "pk": 22,
  "fields": {
    "company": 3,
    "chart_account": 238,
    "account_name": "Bank — Operating Account",
    "account_number": "1030",
    "bank_name": "Bank — Operating Account",
    "account_type": "CHECKING",
    "opening_balance": "0.00",
    "opening_balance_date": "2026-06-04",
    "current_balance": "0.00",
    "is_active": true,
    "is_equity_register": false,
    "created_at": "2026-06-04T11:01:53.576Z",
    "updated_at": "2026-06-04T11:01:53.576Z"
  }
},
{
  "model": "api.bankaccount",
  "pk": 23,
  "fields": {
    "company": 3,
    "chart_account": 239,
    "account_name": "Bank — Card Settlement",
    "account_number": "1040",
    "bank_name": "Bank — Card Settlement",
    "account_type": "CHECKING",
    "opening_balance": "0.00",
    "opening_balance_date": "2026-06-04",
    "current_balance": "0.00",
    "is_active": true,
    "is_equity_register": false,
    "created_at": "2026-06-04T11:01:53.576Z",
    "updated_at": "2026-06-04T11:01:53.576Z"
  }
},
{
  "model": "api.bankaccount",
  "pk": 24,
  "fields": {
    "company": 3,
    "chart_account": 240,
    "account_name": "Bank — Tax / Trust (Statutory)",
    "account_number": "1050",
    "bank_name": "Bank — Tax / Trust (Statutory)",
    "account_type": "CHECKING",
    "opening_balance": "0.00",
    "opening_balance_date": "2026-06-04",
    "current_balance": "0.00",
    "is_active": true,
    "is_equity_register": false,
    "created_at": "2026-06-04T11:01:53.576Z",
    "updated_at": "2026-06-04T11:01:53.576Z"
  }
},
{
  "model": "api.bankaccount",
  "pk": 25,
  "fields": {
    "company": 3,
    "chart_account": 277,
    "account_name": "Owner Equity / Shareholder Capital",
    "account_number": "3000",
    "bank_name": "Equity — Owner Equity / Shareholder Capital",
    "account_type": "EQUITY",
    "opening_balance": "0.00",
    "opening_balance_date": "2026-06-04",
    "current_balance": "0.00",
    "is_active": true,
    "is_equity_register": true,
    "created_at": "2026-06-04T11:01:53.580Z",
    "updated_at": "2026-06-04T11:01:53.580Z"
  }
},
{
  "model": "api.bankaccount",
  "pk": 26,
  "fields": {
    "company": 3,
    "chart_account": 278,
    "account_name": "Retained Earnings",
    "account_number": "3100",
    "bank_name": "Equity — Retained Earnings",
    "account_type": "EQUITY",
    "opening_balance": "0.00",
    "opening_balance_date": "2026-06-04",
    "current_balance": "0.00",
    "is_active": true,
    "is_equity_register": true,
    "created_at": "2026-06-04T11:01:53.580Z",
    "updated_at": "2026-06-04T11:01:53.580Z"
  }
},
{
  "model": "api.bankaccount",
  "pk": 27,
  "fields": {
    "company": 3,
    "chart_account": 216,
    "account_name": "Aquaculture — Pond Profit Clearing (Equity)",
    "account_number": "3190",
    "bank_name": "Equity — Aquaculture — Pond Profit Clearing (Equity)",
    "account_type": "EQUITY",
    "opening_balance": "0.00",
    "opening_balance_date": "2026-05-28",
    "current_balance": "0.00",
    "is_active": true,
    "is_equity_register": true,
    "created_at": "2026-06-04T11:01:53.580Z",
    "updated_at": "2026-06-04T11:01:53.580Z"
  }
},
{
  "model": "api.bankaccount",
  "pk": 28,
  "fields": {
    "company": 3,
    "chart_account": 279,
    "account_name": "Opening Balance Equity",
    "account_number": "3200",
    "bank_name": "Equity — Opening Balance Equity",
    "account_type": "EQUITY",
    "opening_balance": "0.00",
    "opening_balance_date": "2026-06-04",
    "current_balance": "0.00",
    "is_active": true,
    "is_equity_register": true,
    "created_at": "2026-06-04T11:01:53.580Z",
    "updated_at": "2026-06-04T11:01:53.580Z"
  }
},
{
  "model": "api.bankaccount",
  "pk": 29,
  "fields": {
    "company": 3,
    "chart_account": 280,
    "account_name": "Dividends / Owner Drawings",
    "account_number": "3300",
    "bank_name": "Equity — Dividends / Owner Drawings",
    "account_type": "EQUITY",
    "opening_balance": "0.00",
    "opening_balance_date": "2026-06-04",
    "current_balance": "0.00",
    "is_active": true,
    "is_equity_register": true,
    "created_at": "2026-06-04T11:01:53.580Z",
    "updated_at": "2026-06-04T11:01:53.580Z"
  }
},
{
  "model": "api.bankdeposit",
  "pk": 1,
  "fields": {
    "company": 1,
    "deposit_number": "COMP-DEMO-DEP-001",
    "bank_account": 5,
    "deposit_date": "2026-05-24",
    "total_amount": "8500.00",
    "memo": "[COMP-DEMO] COMP-DEMO-DEP-001 — till to operating bank",
    "is_reconciled": false,
    "created_at": "2026-05-26T14:14:40.688Z",
    "updated_at": "2026-05-26T14:14:40.688Z"
  }
},
{
  "model": "api.tenantreportingcategory",
  "pk": 2,
  "fields": {
    "company": 1,
    "application": "aquaculture",
    "kind": "expense",
    "code": "soil_cut",
    "label": "Soil Cut",
    "maps_to_code": "pond_preparation",
    "station": null,
    "aquaculture_pond": null,
    "head_office_only": false,
    "is_active": true,
    "sort_order": 0,
    "created_at": "2026-06-10T03:28:37.895Z",
    "updated_at": "2026-06-10T03:28:37.895Z"
  }
},
{
  "model": "api.tenantreportingcategory",
  "pk": 3,
  "fields": {
    "company": 1,
    "application": "aquaculture",
    "kind": "expense",
    "code": "aqe001",
    "label": "Automobile Expense",
    "maps_to_code": "transportation",
    "station": null,
    "aquaculture_pond": null,
    "head_office_only": false,
    "is_active": true,
    "sort_order": 10,
    "created_at": "2026-06-22T17:08:53.049Z",
    "updated_at": "2026-06-22T17:08:53.049Z"
  }
},
{
  "model": "api.tenantreportingcategory",
  "pk": 4,
  "fields": {
    "company": 1,
    "application": "fuel_station",
    "kind": "expense",
    "code": "fse001",
    "label": "Automobile Expense",
    "maps_to_code": "operating",
    "station": null,
    "aquaculture_pond": null,
    "head_office_only": false,
    "is_active": true,
    "sort_order": 10,
    "created_at": "2026-06-22T17:08:53.052Z",
    "updated_at": "2026-06-22T17:08:53.052Z"
  }
},
{
  "model": "api.tenantreportingcategory",
  "pk": 5,
  "fields": {
    "company": 1,
    "application": "aquaculture",
    "kind": "expense",
    "code": "aqe002",
    "label": "Fuel Tank Lorry Fare",
    "maps_to_code": "transportation",
    "station": null,
    "aquaculture_pond": null,
    "head_office_only": false,
    "is_active": true,
    "sort_order": 20,
    "created_at": "2026-06-22T17:08:53.054Z",
    "updated_at": "2026-06-22T17:08:53.054Z"
  }
},
{
  "model": "api.tenantreportingcategory",
  "pk": 6,
  "fields": {
    "company": 1,
    "application": "fuel_station",
    "kind": "expense",
    "code": "fse002",
    "label": "Fuel Tank Lorry Fare",
    "maps_to_code": "freight",
    "station": null,
    "aquaculture_pond": null,
    "head_office_only": false,
    "is_active": true,
    "sort_order": 20,
    "created_at": "2026-06-22T17:08:53.055Z",
    "updated_at": "2026-06-22T17:08:53.055Z"
  }
},
{
  "model": "api.tenantreportingcategory",
  "pk": 7,
  "fields": {
    "company": 1,
    "application": "aquaculture",
    "kind": "expense",
    "code": "aqe003",
    "label": "Travel Expense",
    "maps_to_code": "transportation",
    "station": null,
    "aquaculture_pond": null,
    "head_office_only": false,
    "is_active": true,
    "sort_order": 30,
    "created_at": "2026-06-22T17:08:53.057Z",
    "updated_at": "2026-06-22T17:08:53.057Z"
  }
},
{
  "model": "api.tenantreportingcategory",
  "pk": 8,
  "fields": {
    "company": 1,
    "application": "fuel_station",
    "kind": "expense",
    "code": "fse003",
    "label": "Travel Expense",
    "maps_to_code": "operating",
    "station": null,
    "aquaculture_pond": null,
    "head_office_only": false,
    "is_active": true,
    "sort_order": 30,
    "created_at": "2026-06-22T17:08:53.060Z",
    "updated_at": "2026-06-22T17:08:53.060Z"
  }
},
{
  "model": "api.tenantreportingcategory",
  "pk": 9,
  "fields": {
    "company": 2,
    "application": "aquaculture",
    "kind": "expense",
    "code": "aqe001",
    "label": "Automobile Expense",
    "maps_to_code": "transportation",
    "station": null,
    "aquaculture_pond": null,
    "head_office_only": false,
    "is_active": true,
    "sort_order": 10,
    "created_at": "2026-06-22T17:08:53.062Z",
    "updated_at": "2026-06-22T17:08:53.062Z"
  }
},
{
  "model": "api.tenantreportingcategory",
  "pk": 10,
  "fields": {
    "company": 2,
    "application": "fuel_station",
    "kind": "expense",
    "code": "fse001",
    "label": "Automobile Expense",
    "maps_to_code": "operating",
    "station": null,
    "aquaculture_pond": null,
    "head_office_only": false,
    "is_active": true,
    "sort_order": 10,
    "created_at": "2026-06-22T17:08:53.064Z",
    "updated_at": "2026-06-22T17:08:53.064Z"
  }
},
{
  "model": "api.tenantreportingcategory",
  "pk": 11,
  "fields": {
    "company": 2,
    "application": "aquaculture",
    "kind": "expense",
    "code": "aqe002",
    "label": "Fuel Tank Lorry Fare",
    "maps_to_code": "transportation",
    "station": null,
    "aquaculture_pond": null,
    "head_office_only": false,
    "is_active": true,
    "sort_order": 20,
    "created_at": "2026-06-22T17:08:53.065Z",
    "updated_at": "2026-06-22T17:08:53.065Z"
  }
},
{
  "model": "api.tenantreportingcategory",
  "pk": 12,
  "fields": {
    "company": 2,
    "application": "fuel_station",
    "kind": "expense",
    "code": "fse002",
    "label": "Fuel Tank Lorry Fare",
    "maps_to_code": "freight",
    "station": null,
    "aquaculture_pond": null,
    "head_office_only": false,
    "is_active": true,
    "sort_order": 20,
    "created_at": "2026-06-22T17:08:53.067Z",
    "updated_at": "2026-06-22T17:08:53.067Z"
  }
},
{
  "model": "api.tenantreportingcategory",
  "pk": 13,
  "fields": {
    "company": 2,
    "application": "aquaculture",
    "kind": "expense",
    "code": "aqe003",
    "label": "Travel Expense",
    "maps_to_code": "transportation",
    "station": null,
    "aquaculture_pond": null,
    "head_office_only": false,
    "is_active": true,
    "sort_order": 30,
    "created_at": "2026-06-22T17:08:53.068Z",
    "updated_at": "2026-06-22T17:08:53.068Z"
  }
},
{
  "model": "api.tenantreportingcategory",
  "pk": 14,
  "fields": {
    "company": 2,
    "application": "fuel_station",
    "kind": "expense",
    "code": "fse003",
    "label": "Travel Expense",
    "maps_to_code": "operating",
    "station": null,
    "aquaculture_pond": null,
    "head_office_only": false,
    "is_active": true,
    "sort_order": 30,
    "created_at": "2026-06-22T17:08:53.070Z",
    "updated_at": "2026-06-22T17:08:53.070Z"
  }
},
{
  "model": "api.tenantreportingcategory",
  "pk": 15,
  "fields": {
    "company": 3,
    "application": "aquaculture",
    "kind": "expense",
    "code": "aqe001",
    "label": "Automobile Expense",
    "maps_to_code": "transportation",
    "station": null,
    "aquaculture_pond": null,
    "head_office_only": false,
    "is_active": true,
    "sort_order": 10,
    "created_at": "2026-06-22T17:08:53.071Z",
    "updated_at": "2026-06-22T17:08:53.071Z"
  }
},
{
  "model": "api.tenantreportingcategory",
  "pk": 16,
  "fields": {
    "company": 3,
    "application": "fuel_station",
    "kind": "expense",
    "code": "fse001",
    "label": "Automobile Expense",
    "maps_to_code": "operating",
    "station": null,
    "aquaculture_pond": null,
    "head_office_only": false,
    "is_active": true,
    "sort_order": 10,
    "created_at": "2026-06-22T17:08:53.073Z",
    "updated_at": "2026-06-22T17:08:53.073Z"
  }
},
{
  "model": "api.tenantreportingcategory",
  "pk": 17,
  "fields": {
    "company": 3,
    "application": "aquaculture",
    "kind": "expense",
    "code": "aqe002",
    "label": "Fuel Tank Lorry Fare",
    "maps_to_code": "transportation",
    "station": null,
    "aquaculture_pond": null,
    "head_office_only": false,
    "is_active": true,
    "sort_order": 20,
    "created_at": "2026-06-22T17:08:53.075Z",
    "updated_at": "2026-06-22T17:08:53.075Z"
  }
},
{
  "model": "api.tenantreportingcategory",
  "pk": 18,
  "fields": {
    "company": 3,
    "application": "fuel_station",
    "kind": "expense",
    "code": "fse002",
    "label": "Fuel Tank Lorry Fare",
    "maps_to_code": "freight",
    "station": null,
    "aquaculture_pond": null,
    "head_office_only": false,
    "is_active": true,
    "sort_order": 20,
    "created_at": "2026-06-22T17:08:53.078Z",
    "updated_at": "2026-06-22T17:08:53.078Z"
  }
},
{
  "model": "api.tenantreportingcategory",
  "pk": 19,
  "fields": {
    "company": 3,
    "application": "aquaculture",
    "kind": "expense",
    "code": "aqe003",
    "label": "Travel Expense",
    "maps_to_code": "transportation",
    "station": null,
    "aquaculture_pond": null,
    "head_office_only": false,
    "is_active": true,
    "sort_order": 30,
    "created_at": "2026-06-22T17:08:53.115Z",
    "updated_at": "2026-06-22T17:08:53.115Z"
  }
},
{
  "model": "api.tenantreportingcategory",
  "pk": 20,
  "fields": {
    "company": 3,
    "application": "fuel_station",
    "kind": "expense",
    "code": "fse003",
    "label": "Travel Expense",
    "maps_to_code": "operating",
    "station": null,
    "aquaculture_pond": null,
    "head_office_only": false,
    "is_active": true,
    "sort_order": 30,
    "created_at": "2026-06-22T17:08:53.117Z",
    "updated_at": "2026-06-22T17:08:53.117Z"
  }
},
{
  "model": "api.journalentry",
  "pk": 1,
  "fields": {
    "company": 1,
    "entry_number": "AUTO-BILL-6",
    "entry_date": "2026-05-07",
    "description": "Bill BILL-6",
    "station": 4,
    "is_posted": true,
    "posted_at": "2026-05-07T04:22:31.565Z",
    "created_at": "2026-05-07T04:22:31.566Z",
    "updated_at": "2026-05-07T04:22:31.566Z"
  }
},
{
  "model": "api.journalentry",
  "pk": 2,
  "fields": {
    "company": 1,
    "entry_number": "AUTO-FT-1",
    "entry_date": "2026-05-07",
    "description": "Fund transfer #1",
    "station": null,
    "is_posted": true,
    "posted_at": "2026-05-07T04:27:23.366Z",
    "created_at": "2026-05-07T04:27:23.366Z",
    "updated_at": "2026-05-07T04:27:23.366Z"
  }
},
{
  "model": "api.journalentry",
  "pk": 3,
  "fields": {
    "company": 1,
    "entry_number": "AUTO-PAY-1-MADE",
    "entry_date": "2026-05-07",
    "description": "Payment made #1",
    "station": null,
    "is_posted": true,
    "posted_at": "2026-05-07T04:28:42.552Z",
    "created_at": "2026-05-07T04:28:42.552Z",
    "updated_at": "2026-05-07T04:28:42.552Z"
  }
},
{
  "model": "api.journalentry",
  "pk": 4,
  "fields": {
    "company": 1,
    "entry_number": "AUTO-BILL-7",
    "entry_date": "2026-05-08",
    "description": "Bill BILL-7",
    "station": 4,
    "is_posted": true,
    "posted_at": "2026-05-08T12:51:36.893Z",
    "created_at": "2026-05-08T12:51:36.894Z",
    "updated_at": "2026-05-08T12:51:36.894Z"
  }
},
{
  "model": "api.journalentry",
  "pk": 5,
  "fields": {
    "company": 1,
    "entry_number": "AUTO-PAY-2-MADE",
    "entry_date": "2026-05-08",
    "description": "Payment made #2",
    "station": null,
    "is_posted": true,
    "posted_at": "2026-05-08T12:54:08.494Z",
    "created_at": "2026-05-08T12:54:08.494Z",
    "updated_at": "2026-05-08T12:54:08.494Z"
  }
},
{
  "model": "api.journalentry",
  "pk": 6,
  "fields": {
    "company": 1,
    "entry_number": "AUTO-INV-1-SALE",
    "entry_date": "2026-05-08",
    "description": "Invoice INV-AQ-18 — Nadim Bapari",
    "station": 4,
    "is_posted": true,
    "posted_at": "2026-05-08T17:03:21.544Z",
    "created_at": "2026-05-08T17:03:21.545Z",
    "updated_at": "2026-05-08T17:03:21.545Z"
  }
},
{
  "model": "api.journalentry",
  "pk": 8,
  "fields": {
    "company": 1,
    "entry_number": "AUTO-PAY-3-RCV",
    "entry_date": "2026-05-08",
    "description": "Payment received #3",
    "station": 4,
    "is_posted": true,
    "posted_at": "2026-05-08T17:19:07.607Z",
    "created_at": "2026-05-08T17:19:07.608Z",
    "updated_at": "2026-05-08T17:19:07.608Z"
  }
},
{
  "model": "api.journalentry",
  "pk": 9,
  "fields": {
    "company": 1,
    "entry_number": "AUTO-INV-2-SALE",
    "entry_date": "2026-05-07",
    "description": "Invoice INV-AQ-14 — Nadim Bapari",
    "station": 4,
    "is_posted": true,
    "posted_at": "2026-05-08T17:26:27.500Z",
    "created_at": "2026-05-08T17:26:27.500Z",
    "updated_at": "2026-05-08T17:26:27.500Z"
  }
},
{
  "model": "api.journalentry",
  "pk": 10,
  "fields": {
    "company": 1,
    "entry_number": "AUTO-PAY-4-RCV",
    "entry_date": "2026-05-08",
    "description": "Payment received #4",
    "station": null,
    "is_posted": true,
    "posted_at": "2026-05-08T17:34:50.358Z",
    "created_at": "2026-05-08T17:34:50.359Z",
    "updated_at": "2026-05-08T17:34:50.359Z"
  }
},
{
  "model": "api.journalentry",
  "pk": 13,
  "fields": {
    "company": 1,
    "entry_number": "AUTO-LL-PAY-4",
    "entry_date": "2026-05-10",
    "description": "Aquaculture landlord lease payment — Afjal Hossain",
    "station": 4,
    "is_posted": true,
    "posted_at": "2026-05-10T18:35:44.185Z",
    "created_at": "2026-05-10T18:35:44.186Z",
    "updated_at": "2026-05-10T18:35:44.186Z"
  }
},
{
  "model": "api.journalentry",
  "pk": 14,
  "fields": {
    "company": 1,
    "entry_number": "AUTO-INV-3-SALE",
    "entry_date": "2026-05-11",
    "description": "Invoice INV-AQ-21 — Nadim Bapari",
    "station": 4,
    "is_posted": true,
    "posted_at": "2026-05-11T11:49:37.824Z",
    "created_at": "2026-05-11T11:49:37.824Z",
    "updated_at": "2026-05-11T11:49:37.824Z"
  }
},
{
  "model": "api.journalentry",
  "pk": 15,
  "fields": {
    "company": 1,
    "entry_number": "AUTO-PAY-5-RCV",
    "entry_date": "2026-05-11",
    "description": "Payment received #5",
    "station": null,
    "is_posted": true,
    "posted_at": "2026-05-11T12:45:02.191Z",
    "created_at": "2026-05-11T12:45:02.191Z",
    "updated_at": "2026-05-11T12:45:02.191Z"
  }
},
{
  "model": "api.journalentry",
  "pk": 16,
  "fields": {
    "company": 1,
    "entry_number": "AUTO-INV-4-SALE",
    "entry_date": "2026-05-11",
    "description": "Invoice INV-POS-4 — Walk-in",
    "station": 4,
    "is_posted": true,
    "posted_at": "2026-05-11T14:53:30.319Z",
    "created_at": "2026-05-11T14:53:30.319Z",
    "updated_at": "2026-05-11T14:53:30.319Z"
  }
},
{
  "model": "api.journalentry",
  "pk": 18,
  "fields": {
    "company": 1,
    "entry_number": "AUTO-INV-5-SALE",
    "entry_date": "2026-05-11",
    "description": "Invoice INV-POS-5 — Walk-in",
    "station": 4,
    "is_posted": true,
    "posted_at": "2026-05-11T16:12:00.576Z",
    "created_at": "2026-05-11T16:12:00.576Z",
    "updated_at": "2026-05-11T16:12:00.576Z"
  }
},
{
  "model": "api.journalentry",
  "pk": 20,
  "fields": {
    "company": 1,
    "entry_number": "AUTO-PAYROLL-4",
    "entry_date": "2026-05-14",
    "description": "Salary pay PR-00004",
    "station": null,
    "is_posted": true,
    "posted_at": "2026-05-14T18:19:06.027Z",
    "created_at": "2026-05-14T18:19:06.028Z",
    "updated_at": "2026-05-14T18:19:06.028Z"
  }
},
{
  "model": "api.journalentry",
  "pk": 21,
  "fields": {
    "company": 1,
    "entry_number": "AUTO-BILL-10",
    "entry_date": "2026-05-16",
    "description": "Bill BILL-4",
    "station": null,
    "is_posted": false,
    "posted_at": null,
    "created_at": "2026-05-16T16:34:08.527Z",
    "updated_at": "2026-05-16T16:52:40.797Z"
  }
},
{
  "model": "api.journalentry",
  "pk": 23,
  "fields": {
    "company": 1,
    "entry_number": "AUTO-BILL-12",
    "entry_date": "2026-05-16",
    "description": "Bill BILL-9",
    "station": 4,
    "is_posted": true,
    "posted_at": "2026-05-16T18:58:20.827Z",
    "created_at": "2026-05-16T18:58:20.827Z",
    "updated_at": "2026-05-16T18:58:20.827Z"
  }
},
{
  "model": "api.journalentry",
  "pk": 26,
  "fields": {
    "company": 1,
    "entry_number": "AUTO-INV-8-SALE",
    "entry_date": "2026-05-17",
    "description": "Invoice INV-POS-8 — Aquaculture — Mynuddin",
    "station": 4,
    "is_posted": true,
    "posted_at": "2026-05-16T19:55:33.938Z",
    "created_at": "2026-05-16T19:55:33.938Z",
    "updated_at": "2026-05-16T19:55:33.938Z"
  }
},
{
  "model": "api.journalentry",
  "pk": 28,
  "fields": {
    "company": 1,
    "entry_number": "AUTO-BILL-13",
    "entry_date": "2026-05-16",
    "description": "Bill BILL-10",
    "station": 4,
    "is_posted": true,
    "posted_at": "2026-05-16T20:37:50.744Z",
    "created_at": "2026-05-16T20:37:50.744Z",
    "updated_at": "2026-05-16T20:37:50.744Z"
  }
},
{
  "model": "api.journalentry",
  "pk": 34,
  "fields": {
    "company": 1,
    "entry_number": "AUTO-BILL-17",
    "entry_date": "2026-05-19",
    "description": "Bill BILL-13",
    "station": 4,
    "is_posted": true,
    "posted_at": "2026-05-19T20:53:17.973Z",
    "created_at": "2026-05-19T20:53:17.973Z",
    "updated_at": "2026-05-19T20:53:17.973Z"
  }
},
{
  "model": "api.journalentry",
  "pk": 36,
  "fields": {
    "company": 1,
    "entry_number": "AUTO-AQ-BIOSTK-19",
    "entry_date": "2026-05-19",
    "description": "Aquaculture — biological shrinkage (Mynuddin)",
    "station": null,
    "is_posted": true,
    "posted_at": "2026-05-19T23:31:22.934Z",
    "created_at": "2026-05-19T23:31:22.934Z",
    "updated_at": "2026-05-19T23:31:22.934Z"
  }
},
{
  "model": "api.journalentry",
  "pk": 38,
  "fields": {
    "company": 1,
    "entry_number": "AUTO-BILL-19",
    "entry_date": "2026-05-20",
    "description": "Bill BILL-14",
    "station": 4,
    "is_posted": true,
    "posted_at": "2026-05-20T02:29:36.703Z",
    "created_at": "2026-05-20T02:29:36.704Z",
    "updated_at": "2026-05-20T02:29:36.704Z"
  }
},
{
  "model": "api.journalentry",
  "pk": 39,
  "fields": {
    "company": 1,
    "entry_number": "AUTO-AQ-POND-114-COGS",
    "entry_date": "2026-05-20",
    "description": "Aquaculture — pond warehouse medicine consumption (expense #114)",
    "station": null,
    "is_posted": true,
    "posted_at": "2026-05-20T02:34:04.015Z",
    "created_at": "2026-05-20T02:34:04.015Z",
    "updated_at": "2026-05-20T02:34:04.015Z"
  }
},
{
  "model": "api.journalentry",
  "pk": 41,
  "fields": {
    "company": 1,
    "entry_number": "AUTO-LOAN-DISP-1",
    "entry_date": "2026-05-20",
    "description": "Loan disbursement LN-00006 — payment/settlement 1030 — Bank — Operating Account",
    "station": null,
    "is_posted": true,
    "posted_at": "2026-05-20T05:05:57.926Z",
    "created_at": "2026-05-20T05:05:57.927Z",
    "updated_at": "2026-05-20T05:05:57.927Z"
  }
},
{
  "model": "api.journalentry",
  "pk": 42,
  "fields": {
    "company": 1,
    "entry_number": "AUTO-BILL-20",
    "entry_date": "2026-05-21",
    "description": "Bill BILL-15",
    "station": 4,
    "is_posted": true,
    "posted_at": "2026-05-21T19:32:05.037Z",
    "created_at": "2026-05-21T19:32:05.037Z",
    "updated_at": "2026-05-21T19:32:05.037Z"
  }
},
{
  "model": "api.journalentry",
  "pk": 43,
  "fields": {
    "company": 1,
    "entry_number": "AUTO-AQ-POND-118-COGS",
    "entry_date": "2026-05-21",
    "description": "Aquaculture — pond warehouse medicine consumption (expense #118)",
    "station": null,
    "is_posted": true,
    "posted_at": "2026-05-21T19:53:53.133Z",
    "created_at": "2026-05-21T19:53:53.134Z",
    "updated_at": "2026-05-21T19:53:53.134Z"
  }
},
{
  "model": "api.journalentry",
  "pk": 44,
  "fields": {
    "company": 1,
    "entry_number": "AUTO-INV-10-SALE",
    "entry_date": "2026-05-22",
    "description": "Invoice INV-AQ-24 — Nadim Bapari",
    "station": 4,
    "is_posted": true,
    "posted_at": "2026-05-22T02:57:20.177Z",
    "created_at": "2026-05-22T02:57:20.179Z",
    "updated_at": "2026-05-22T02:57:20.179Z"
  }
},
{
  "model": "api.journalentry",
  "pk": 45,
  "fields": {
    "company": 1,
    "entry_number": "AUTO-BILL-21",
    "entry_date": "2026-05-22",
    "description": "Bill BILL-16",
    "station": 4,
    "is_posted": true,
    "posted_at": "2026-05-22T10:58:12.440Z",
    "created_at": "2026-05-22T10:58:12.440Z",
    "updated_at": "2026-05-22T10:58:12.440Z"
  }
},
{
  "model": "api.journalentry",
  "pk": 46,
  "fields": {
    "company": 1,
    "entry_number": "AUTO-AQ-POND-119-COGS",
    "entry_date": "2026-05-22",
    "description": "Aquaculture — pond warehouse feed consumption (expense #119)",
    "station": null,
    "is_posted": true,
    "posted_at": "2026-05-22T11:10:13.862Z",
    "created_at": "2026-05-22T11:10:13.862Z",
    "updated_at": "2026-05-22T11:10:13.862Z"
  }
},
{
  "model": "api.journalentry",
  "pk": 47,
  "fields": {
    "company": 1,
    "entry_number": "AUTO-LOAN-DISP-2",
    "entry_date": "2026-05-26",
    "description": "Loan disbursement LN-00007 — payment/settlement 1030 — Bank — Operating Account",
    "station": null,
    "is_posted": true,
    "posted_at": "2026-05-26T07:36:58.702Z",
    "created_at": "2026-05-26T07:36:58.703Z",
    "updated_at": "2026-05-26T07:36:58.703Z"
  }
},
{
  "model": "api.journalentry",
  "pk": 48,
  "fields": {
    "company": 1,
    "entry_number": "AUTO-INV-11-SALE",
    "entry_date": "2026-05-26",
    "description": "Invoice INV-POS-11 — Walk-in",
    "station": 1,
    "is_posted": true,
    "posted_at": "2026-05-26T12:13:49.964Z",
    "created_at": "2026-05-26T12:13:49.964Z",
    "updated_at": "2026-05-26T12:13:49.964Z"
  }
},
{
  "model": "api.journalentry",
  "pk": 49,
  "fields": {
    "company": 1,
    "entry_number": "AUTO-INV-12-SALE",
    "entry_date": "2026-05-26",
    "description": "Invoice INV-POS-12 — Walk-in",
    "station": 1,
    "is_posted": true,
    "posted_at": "2026-05-26T12:14:03.199Z",
    "created_at": "2026-05-26T12:14:03.199Z",
    "updated_at": "2026-05-26T12:14:03.199Z"
  }
},
{
  "model": "api.journalentry",
  "pk": 50,
  "fields": {
    "company": 1,
    "entry_number": "AUTO-INV-13-SALE",
    "entry_date": "2026-05-26",
    "description": "Invoice INV-POS-13 — Nobin Agro",
    "station": 1,
    "is_posted": true,
    "posted_at": "2026-05-26T12:19:52.801Z",
    "created_at": "2026-05-26T12:19:52.801Z",
    "updated_at": "2026-05-26T12:19:52.801Z"
  }
},
{
  "model": "api.journalentry",
  "pk": 51,
  "fields": {
    "company": 1,
    "entry_number": "DEMO-SEED-OPENING",
    "entry_date": "2026-05-26",
    "description": "Demo opening balances — seed_master_full_demo",
    "station": null,
    "is_posted": true,
    "posted_at": "2026-05-26T14:01:57.245Z",
    "created_at": "2026-05-26T14:01:57.245Z",
    "updated_at": "2026-05-26T14:01:57.245Z"
  }
},
{
  "model": "api.journalentry",
  "pk": 52,
  "fields": {
    "company": 1,
    "entry_number": "DEMO-SEED-SALES",
    "entry_date": "2026-05-26",
    "description": "Demo fuel sales (petrol) + COGS — seed_master_full_demo",
    "station": null,
    "is_posted": true,
    "posted_at": "2026-05-26T14:01:57.267Z",
    "created_at": "2026-05-26T14:01:57.267Z",
    "updated_at": "2026-05-26T14:01:57.267Z"
  }
},
{
  "model": "api.journalentry",
  "pk": 53,
  "fields": {
    "company": 1,
    "entry_number": "DEMO-SEED-SALES-DIESEL",
    "entry_date": "2026-05-26",
    "description": "Demo fuel sales (diesel) + COGS — seed_master_full_demo",
    "station": null,
    "is_posted": true,
    "posted_at": "2026-05-26T14:01:57.285Z",
    "created_at": "2026-05-26T14:01:57.285Z",
    "updated_at": "2026-05-26T14:01:57.285Z"
  }
},
{
  "model": "api.journalentry",
  "pk": 54,
  "fields": {
    "company": 1,
    "entry_number": "DEMO-SEED-SALES-CSTORE",
    "entry_date": "2026-05-26",
    "description": "Demo C-store sales + COGS — seed_master_full_demo",
    "station": null,
    "is_posted": true,
    "posted_at": "2026-05-26T14:01:57.295Z",
    "created_at": "2026-05-26T14:01:57.295Z",
    "updated_at": "2026-05-26T14:01:57.295Z"
  }
},
{
  "model": "api.journalentry",
  "pk": 55,
  "fields": {
    "company": 1,
    "entry_number": "DEMO-SEED-OPEX",
    "entry_date": "2026-05-26",
    "description": "Demo operating expenses — seed_master_full_demo",
    "station": null,
    "is_posted": true,
    "posted_at": "2026-05-26T14:01:57.312Z",
    "created_at": "2026-05-26T14:01:57.312Z",
    "updated_at": "2026-05-26T14:01:57.312Z"
  }
},
{
  "model": "api.journalentry",
  "pk": 56,
  "fields": {
    "company": 1,
    "entry_number": "DEMO-SEED-PROFIT-ANCHOR",
    "entry_date": "2026-05-26",
    "description": "Demo profit anchor (other revenue + COGS) — seed_master_full_demo",
    "station": null,
    "is_posted": true,
    "posted_at": "2026-05-26T14:01:57.329Z",
    "created_at": "2026-05-26T14:01:57.329Z",
    "updated_at": "2026-05-26T14:01:57.329Z"
  }
},
{
  "model": "api.journalentry",
  "pk": 57,
  "fields": {
    "company": 1,
    "entry_number": "AUTO-INV-14-SALE",
    "entry_date": "2026-05-24",
    "description": "Invoice COMP-DEMO-INV-FUEL-001 — Metro Transport Ltd",
    "station": 1,
    "is_posted": true,
    "posted_at": "2026-05-26T14:02:14.113Z",
    "created_at": "2026-05-26T14:02:14.113Z",
    "updated_at": "2026-05-26T14:02:14.113Z"
  }
},
{
  "model": "api.journalentry",
  "pk": 58,
  "fields": {
    "company": 1,
    "entry_number": "AUTO-INV-15-SALE",
    "entry_date": "2026-05-25",
    "description": "Invoice COMP-DEMO-INV-SHOP-001 — Walk-in Retail",
    "station": 5,
    "is_posted": true,
    "posted_at": "2026-05-26T14:02:14.130Z",
    "created_at": "2026-05-26T14:02:14.130Z",
    "updated_at": "2026-05-26T14:02:14.130Z"
  }
},
{
  "model": "api.journalentry",
  "pk": 60,
  "fields": {
    "company": 1,
    "entry_number": "AUTO-BILL-28",
    "entry_date": "2026-05-16",
    "description": "Bill COMP-DEMO-BILL-FEED-001",
    "station": 5,
    "is_posted": true,
    "posted_at": "2026-05-26T14:02:14.182Z",
    "created_at": "2026-05-26T14:02:14.182Z",
    "updated_at": "2026-05-26T14:02:14.182Z"
  }
},
{
  "model": "api.journalentry",
  "pk": 61,
  "fields": {
    "company": 1,
    "entry_number": "AUTO-BILL-29",
    "entry_date": "2026-05-18",
    "description": "Bill COMP-DEMO-BILL-MED-001",
    "station": 5,
    "is_posted": true,
    "posted_at": "2026-05-26T14:02:14.213Z",
    "created_at": "2026-05-26T14:02:14.213Z",
    "updated_at": "2026-05-26T14:02:14.213Z"
  }
},
{
  "model": "api.journalentry",
  "pk": 62,
  "fields": {
    "company": 1,
    "entry_number": "AUTO-INV-16-SALE",
    "entry_date": "2026-05-21",
    "description": "Invoice COMP-DEMO-INV-AR-001 — Green Line Paribahan",
    "station": 1,
    "is_posted": true,
    "posted_at": "2026-05-26T14:14:40.670Z",
    "created_at": "2026-05-26T14:14:40.671Z",
    "updated_at": "2026-05-26T14:14:40.671Z"
  }
},
{
  "model": "api.journalentry",
  "pk": 63,
  "fields": {
    "company": 1,
    "entry_number": "AUTO-PAY-7-RCV",
    "entry_date": "2026-05-22",
    "description": "Payment received #7",
    "station": 1,
    "is_posted": true,
    "posted_at": "2026-05-26T14:14:40.671Z",
    "created_at": "2026-05-26T14:14:40.671Z",
    "updated_at": "2026-05-26T14:14:40.671Z"
  }
},
{
  "model": "api.journalentry",
  "pk": 64,
  "fields": {
    "company": 1,
    "entry_number": "AUTO-PAY-8-RCV",
    "entry_date": "2026-05-23",
    "description": "Payment received #8",
    "station": 1,
    "is_posted": true,
    "posted_at": "2026-05-26T14:14:40.687Z",
    "created_at": "2026-05-26T14:14:40.688Z",
    "updated_at": "2026-05-26T14:14:40.688Z"
  }
},
{
  "model": "api.journalentry",
  "pk": 65,
  "fields": {
    "company": 1,
    "entry_number": "AUTO-DEP-1",
    "entry_date": "2026-05-24",
    "description": "Bank deposit #1",
    "station": null,
    "is_posted": true,
    "posted_at": "2026-05-26T14:14:40.688Z",
    "created_at": "2026-05-26T14:14:40.688Z",
    "updated_at": "2026-05-26T14:14:40.688Z"
  }
},
{
  "model": "api.journalentry",
  "pk": 66,
  "fields": {
    "company": 1,
    "entry_number": "AUTO-PAY-9-MADE",
    "entry_date": "2026-05-20",
    "description": "Payment made #9",
    "station": 1,
    "is_posted": true,
    "posted_at": "2026-05-26T14:14:40.688Z",
    "created_at": "2026-05-26T14:14:40.688Z",
    "updated_at": "2026-05-26T14:14:40.688Z"
  }
},
{
  "model": "api.journalentry",
  "pk": 67,
  "fields": {
    "company": 1,
    "entry_number": "AUTO-ISTR-1",
    "entry_date": "2026-05-22",
    "description": "Inventory transfer COMP-DEMO-ISTR-001 Main Station → Premium Agro",
    "station": null,
    "is_posted": true,
    "posted_at": "2026-05-26T14:14:40.822Z",
    "created_at": "2026-05-26T14:14:40.822Z",
    "updated_at": "2026-05-26T14:14:40.822Z"
  }
},
{
  "model": "api.journalentry",
  "pk": 68,
  "fields": {
    "company": 1,
    "entry_number": "AUTO-LOAN-DISP-3",
    "entry_date": "2026-04-11",
    "description": "Loan disbursement LOAN-DEMO-001 — payment/settlement 1030 — Bank — Operating Account",
    "station": 1,
    "is_posted": true,
    "posted_at": "2026-05-26T14:14:40.939Z",
    "created_at": "2026-05-26T14:14:40.939Z",
    "updated_at": "2026-05-26T14:14:40.939Z"
  }
},
{
  "model": "api.journalentry",
  "pk": 69,
  "fields": {
    "company": 1,
    "entry_number": "AUTO-LOAN-PMT-1",
    "entry_date": "2026-05-11",
    "description": "Loan repayment LOAN-DEMO-001 — payment/settlement 1030 — Bank — Operating Account",
    "station": 1,
    "is_posted": true,
    "posted_at": "2026-05-26T14:14:40.954Z",
    "created_at": "2026-05-26T14:14:40.954Z",
    "updated_at": "2026-05-26T14:14:40.954Z"
  }
},
{
  "model": "api.journalentry",
  "pk": 70,
  "fields": {
    "company": 1,
    "entry_number": "AUTO-FT-2",
    "entry_date": "2026-05-19",
    "description": "Fund transfer #2",
    "station": null,
    "is_posted": true,
    "posted_at": "2026-05-26T14:14:41.022Z",
    "created_at": "2026-05-26T14:14:41.022Z",
    "updated_at": "2026-05-26T14:14:41.022Z"
  }
},
{
  "model": "api.journalentry",
  "pk": 71,
  "fields": {
    "company": 1,
    "entry_number": "AUTO-PAYROLL-6",
    "entry_date": "2026-05-23",
    "description": "Salary pay COMP-DEMO-PAY-001",
    "station": 1,
    "is_posted": true,
    "posted_at": "2026-05-26T14:14:41.188Z",
    "created_at": "2026-05-26T14:14:41.188Z",
    "updated_at": "2026-05-26T14:14:41.188Z"
  }
},
{
  "model": "api.journalentry",
  "pk": 72,
  "fields": {
    "company": 1,
    "entry_number": "AUTO-AQ-POND-193-COGS",
    "entry_date": "2026-05-23",
    "description": "Aquaculture — pond warehouse medicine consumption (expense #193)",
    "station": null,
    "is_posted": true,
    "posted_at": "2026-05-26T14:15:31.559Z",
    "created_at": "2026-05-26T14:15:31.559Z",
    "updated_at": "2026-05-26T14:15:31.559Z"
  }
},
{
  "model": "api.journalentry",
  "pk": 73,
  "fields": {
    "company": 1,
    "entry_number": "AUTO-AQ-POND-194-COGS",
    "entry_date": "2026-05-24",
    "description": "Aquaculture — pond warehouse feed consumption (expense #194)",
    "station": null,
    "is_posted": true,
    "posted_at": "2026-05-26T14:15:31.576Z",
    "created_at": "2026-05-26T14:15:31.576Z",
    "updated_at": "2026-05-26T14:15:31.576Z"
  }
},
{
  "model": "api.journalentry",
  "pk": 74,
  "fields": {
    "company": 1,
    "entry_number": "AUTO-BILL-30",
    "entry_date": "2026-05-29",
    "description": "Bill BILL-17",
    "station": 4,
    "is_posted": true,
    "posted_at": "2026-05-29T16:52:45.921Z",
    "created_at": "2026-05-29T16:52:45.921Z",
    "updated_at": "2026-05-29T16:52:45.921Z"
  }
},
{
  "model": "api.journalentry",
  "pk": 79,
  "fields": {
    "company": 1,
    "entry_number": "AUTO-INV-4-COGS",
    "entry_date": "2026-05-11",
    "description": "COGS INV-POS-4 — Walk-in",
    "station": 4,
    "is_posted": true,
    "posted_at": "2026-05-30T20:41:19.750Z",
    "created_at": "2026-05-30T20:41:19.750Z",
    "updated_at": "2026-05-30T20:41:19.750Z"
  }
},
{
  "model": "api.journalentry",
  "pk": 80,
  "fields": {
    "company": 1,
    "entry_number": "AUTO-INV-5-COGS",
    "entry_date": "2026-05-11",
    "description": "COGS INV-POS-5 — Walk-in",
    "station": 4,
    "is_posted": true,
    "posted_at": "2026-05-30T20:41:19.807Z",
    "created_at": "2026-05-30T20:41:19.807Z",
    "updated_at": "2026-05-30T20:41:19.807Z"
  }
},
{
  "model": "api.journalentry",
  "pk": 81,
  "fields": {
    "company": 1,
    "entry_number": "AUTO-INV-8-COGS",
    "entry_date": "2026-05-17",
    "description": "COGS INV-POS-8 — Aquaculture — Mynuddin",
    "station": 4,
    "is_posted": true,
    "posted_at": "2026-05-30T20:41:19.872Z",
    "created_at": "2026-05-30T20:41:19.873Z",
    "updated_at": "2026-05-30T20:41:19.873Z"
  }
},
{
  "model": "api.journalentry",
  "pk": 82,
  "fields": {
    "company": 1,
    "entry_number": "AUTO-INV-11-COGS",
    "entry_date": "2026-05-26",
    "description": "COGS INV-POS-11 — Walk-in",
    "station": 1,
    "is_posted": true,
    "posted_at": "2026-05-30T20:41:19.934Z",
    "created_at": "2026-05-30T20:41:19.934Z",
    "updated_at": "2026-05-30T20:41:19.934Z"
  }
},
{
  "model": "api.journalentry",
  "pk": 83,
  "fields": {
    "company": 1,
    "entry_number": "AUTO-INV-13-COGS",
    "entry_date": "2026-05-26",
    "description": "COGS INV-POS-13 — Nobin Agro",
    "station": 1,
    "is_posted": true,
    "posted_at": "2026-05-30T20:41:19.974Z",
    "created_at": "2026-05-30T20:41:19.974Z",
    "updated_at": "2026-05-30T20:41:19.974Z"
  }
},
{
  "model": "api.journalentry",
  "pk": 84,
  "fields": {
    "company": 1,
    "entry_number": "AUTO-INV-14-COGS",
    "entry_date": "2026-05-24",
    "description": "COGS COMP-DEMO-INV-FUEL-001 — Metro Transport Ltd",
    "station": 1,
    "is_posted": true,
    "posted_at": "2026-05-30T20:41:20.012Z",
    "created_at": "2026-05-30T20:41:20.012Z",
    "updated_at": "2026-05-30T20:41:20.012Z"
  }
},
{
  "model": "api.journalentry",
  "pk": 85,
  "fields": {
    "company": 1,
    "entry_number": "AUTO-INV-15-COGS",
    "entry_date": "2026-05-25",
    "description": "COGS COMP-DEMO-INV-SHOP-001 — Walk-in Retail",
    "station": 5,
    "is_posted": true,
    "posted_at": "2026-05-30T20:41:20.049Z",
    "created_at": "2026-05-30T20:41:20.049Z",
    "updated_at": "2026-05-30T20:41:20.049Z"
  }
},
{
  "model": "api.journalentry",
  "pk": 86,
  "fields": {
    "company": 1,
    "entry_number": "AUTO-INV-16-COGS",
    "entry_date": "2026-05-21",
    "description": "COGS COMP-DEMO-INV-AR-001 — Green Line Paribahan",
    "station": 1,
    "is_posted": true,
    "posted_at": "2026-05-30T20:41:20.092Z",
    "created_at": "2026-05-30T20:41:20.092Z",
    "updated_at": "2026-05-30T20:41:20.092Z"
  }
},
{
  "model": "api.journalentry",
  "pk": 87,
  "fields": {
    "company": 1,
    "entry_number": "AUTO-ITEM-OB-2",
    "entry_date": "2026-01-01",
    "description": "Opening inventory — Soft Drink (Can)",
    "station": null,
    "is_posted": true,
    "posted_at": "2026-05-31T03:09:47.951Z",
    "created_at": "2026-05-31T03:09:47.951Z",
    "updated_at": "2026-05-31T03:09:47.952Z"
  }
},
{
  "model": "api.journalentry",
  "pk": 88,
  "fields": {
    "company": 1,
    "entry_number": "AUTO-ITEM-OB-3",
    "entry_date": "2026-01-01",
    "description": "Opening inventory — Energy Drink",
    "station": null,
    "is_posted": true,
    "posted_at": "2026-05-31T03:09:47.987Z",
    "created_at": "2026-05-31T03:09:47.987Z",
    "updated_at": "2026-05-31T03:09:47.987Z"
  }
},
{
  "model": "api.journalentry",
  "pk": 89,
  "fields": {
    "company": 1,
    "entry_number": "AUTO-ITEM-OB-4",
    "entry_date": "2026-01-01",
    "description": "Opening inventory — Snacks Pack",
    "station": null,
    "is_posted": true,
    "posted_at": "2026-05-31T03:09:48.027Z",
    "created_at": "2026-05-31T03:09:48.027Z",
    "updated_at": "2026-05-31T03:09:48.027Z"
  }
},
{
  "model": "api.journalentry",
  "pk": 90,
  "fields": {
    "company": 1,
    "entry_number": "AUTO-ITEM-OB-5",
    "entry_date": "2026-01-01",
    "description": "Opening inventory — Engine Oil (1L)",
    "station": null,
    "is_posted": true,
    "posted_at": "2026-05-31T03:09:48.058Z",
    "created_at": "2026-05-31T03:09:48.058Z",
    "updated_at": "2026-05-31T03:09:48.058Z"
  }
},
{
  "model": "api.journalentry",
  "pk": 91,
  "fields": {
    "company": 1,
    "entry_number": "AUTO-ITEM-OB-6",
    "entry_date": "2026-01-01",
    "description": "Opening inventory — Brake Fluid",
    "station": null,
    "is_posted": true,
    "posted_at": "2026-05-31T03:09:48.092Z",
    "created_at": "2026-05-31T03:09:48.092Z",
    "updated_at": "2026-05-31T03:09:48.092Z"
  }
},
{
  "model": "api.journalentry",
  "pk": 92,
  "fields": {
    "company": 1,
    "entry_number": "AUTO-ITEM-OB-7",
    "entry_date": "2026-01-01",
    "description": "Opening inventory — Coolant (1L)",
    "station": null,
    "is_posted": true,
    "posted_at": "2026-05-31T03:09:48.126Z",
    "created_at": "2026-05-31T03:09:48.126Z",
    "updated_at": "2026-05-31T03:09:48.126Z"
  }
},
{
  "model": "api.journalentry",
  "pk": 93,
  "fields": {
    "company": 1,
    "entry_number": "AUTO-ITEM-OB-8",
    "entry_date": "2026-01-01",
    "description": "Opening inventory — Car Air Freshener",
    "station": null,
    "is_posted": true,
    "posted_at": "2026-05-31T03:09:48.158Z",
    "created_at": "2026-05-31T03:09:48.158Z",
    "updated_at": "2026-05-31T03:09:48.158Z"
  }
},
{
  "model": "api.journalentry",
  "pk": 94,
  "fields": {
    "company": 1,
    "entry_number": "AUTO-ITEM-OB-9",
    "entry_date": "2026-01-01",
    "description": "Opening inventory — Microfiber Cloth",
    "station": null,
    "is_posted": true,
    "posted_at": "2026-05-31T03:09:48.201Z",
    "created_at": "2026-05-31T03:09:48.201Z",
    "updated_at": "2026-05-31T03:09:48.201Z"
  }
},
{
  "model": "api.journalentry",
  "pk": 95,
  "fields": {
    "company": 1,
    "entry_number": "AUTO-ITEM-OB-12",
    "entry_date": "2026-01-01",
    "description": "Opening inventory — Diesel",
    "station": null,
    "is_posted": true,
    "posted_at": "2026-05-31T03:09:48.239Z",
    "created_at": "2026-05-31T03:09:48.239Z",
    "updated_at": "2026-05-31T03:09:48.239Z"
  }
},
{
  "model": "api.journalentry",
  "pk": 96,
  "fields": {
    "company": 1,
    "entry_number": "AUTO-ITEM-OB-15",
    "entry_date": "2026-01-01",
    "description": "Opening inventory — Octane",
    "station": null,
    "is_posted": true,
    "posted_at": "2026-05-31T03:09:48.272Z",
    "created_at": "2026-05-31T03:09:48.272Z",
    "updated_at": "2026-05-31T03:09:48.272Z"
  }
},
{
  "model": "api.journalentry",
  "pk": 97,
  "fields": {
    "company": 1,
    "entry_number": "AUTO-ITEM-OB-16",
    "entry_date": "2026-01-01",
    "description": "Opening inventory — AquaGrow Floating Pellet 3 mm (25 kg sack)",
    "station": null,
    "is_posted": true,
    "posted_at": "2026-05-31T03:09:48.308Z",
    "created_at": "2026-05-31T03:09:48.308Z",
    "updated_at": "2026-05-31T03:09:48.308Z"
  }
},
{
  "model": "api.journalentry",
  "pk": 98,
  "fields": {
    "company": 1,
    "entry_number": "AUTO-ITEM-OB-17",
    "entry_date": "2026-01-01",
    "description": "Opening inventory — CP Tilapia Grower",
    "station": null,
    "is_posted": true,
    "posted_at": "2026-05-31T03:09:48.344Z",
    "created_at": "2026-05-31T03:09:48.344Z",
    "updated_at": "2026-05-31T03:09:48.344Z"
  }
},
{
  "model": "api.journalentry",
  "pk": 99,
  "fields": {
    "company": 1,
    "entry_number": "AUTO-ITEM-OB-24",
    "entry_date": "2026-01-01",
    "description": "Opening inventory — Agricultural Lime",
    "station": null,
    "is_posted": true,
    "posted_at": "2026-05-31T03:09:48.375Z",
    "created_at": "2026-05-31T03:09:48.375Z",
    "updated_at": "2026-05-31T03:09:48.375Z"
  }
},
{
  "model": "api.journalentry",
  "pk": 100,
  "fields": {
    "company": 1,
    "entry_number": "AUTO-ITEM-OB-26",
    "entry_date": "2026-01-01",
    "description": "Opening inventory — Probiotic",
    "station": null,
    "is_posted": true,
    "posted_at": "2026-05-31T03:09:48.410Z",
    "created_at": "2026-05-31T03:09:48.410Z",
    "updated_at": "2026-05-31T03:09:48.410Z"
  }
},
{
  "model": "api.journalentry",
  "pk": 101,
  "fields": {
    "company": 1,
    "entry_number": "AUTO-ITEM-OB-76",
    "entry_date": "2026-01-01",
    "description": "Opening inventory — Zeolite",
    "station": null,
    "is_posted": true,
    "posted_at": "2026-05-31T03:09:48.440Z",
    "created_at": "2026-05-31T03:09:48.442Z",
    "updated_at": "2026-05-31T03:09:48.442Z"
  }
},
{
  "model": "api.journalentry",
  "pk": 102,
  "fields": {
    "company": 1,
    "entry_number": "AUTO-ITEM-OB-77",
    "entry_date": "2026-01-01",
    "description": "Opening inventory — Salt (NaCl)",
    "station": null,
    "is_posted": true,
    "posted_at": "2026-05-31T03:09:48.471Z",
    "created_at": "2026-05-31T03:09:48.471Z",
    "updated_at": "2026-05-31T03:09:48.471Z"
  }
},
{
  "model": "api.journalentry",
  "pk": 103,
  "fields": {
    "company": 1,
    "entry_number": "AUTO-ITEM-OB-95",
    "entry_date": "2026-01-01",
    "description": "Opening inventory — Engine Oil (1L can)",
    "station": null,
    "is_posted": true,
    "posted_at": "2026-05-31T03:09:48.506Z",
    "created_at": "2026-05-31T03:09:48.506Z",
    "updated_at": "2026-05-31T03:09:48.506Z"
  }
},
{
  "model": "api.journalentry",
  "pk": 104,
  "fields": {
    "company": 1,
    "entry_number": "AUTO-ITEM-OB-111",
    "entry_date": "2026-01-01",
    "description": "Opening inventory — AquaGrow Grower 2mm (25kg sack)",
    "station": null,
    "is_posted": true,
    "posted_at": "2026-05-31T03:09:48.538Z",
    "created_at": "2026-05-31T03:09:48.538Z",
    "updated_at": "2026-05-31T03:09:48.538Z"
  }
},
{
  "model": "api.journalentry",
  "pk": 105,
  "fields": {
    "company": 1,
    "entry_number": "AUTO-ITEM-OB-135",
    "entry_date": "2026-06-01",
    "description": "Opening inventory — Octane Super",
    "station": null,
    "is_posted": true,
    "posted_at": "2026-05-31T18:21:26.569Z",
    "created_at": "2026-05-31T18:21:26.569Z",
    "updated_at": "2026-05-31T18:21:26.569Z"
  }
},
{
  "model": "api.journalentry",
  "pk": 106,
  "fields": {
    "company": 1,
    "entry_number": "AUTO-INV-17-SALE",
    "entry_date": "2026-06-04",
    "description": "Invoice INV-AQ-43 — Abul Bapari",
    "station": 4,
    "is_posted": true,
    "posted_at": "2026-06-04T07:09:47.929Z",
    "created_at": "2026-06-04T07:09:47.931Z",
    "updated_at": "2026-06-04T07:09:47.931Z"
  }
},
{
  "model": "api.journalentry",
  "pk": 107,
  "fields": {
    "company": 1,
    "entry_number": "AUTO-INV-18-SALE",
    "entry_date": "2026-06-04",
    "description": "Invoice INV-AQ-44 — Walk-in",
    "station": 1,
    "is_posted": true,
    "posted_at": "2026-06-04T07:47:55.813Z",
    "created_at": "2026-06-04T07:47:55.813Z",
    "updated_at": "2026-06-04T07:47:55.813Z"
  }
},
{
  "model": "api.journalentry",
  "pk": 108,
  "fields": {
    "company": 1,
    "entry_number": "AUTO-BILL-31",
    "entry_date": "2026-06-04",
    "description": "Bill BILL-18",
    "station": 4,
    "is_posted": true,
    "posted_at": "2026-06-04T08:01:07.682Z",
    "created_at": "2026-06-04T08:01:07.682Z",
    "updated_at": "2026-06-04T08:01:07.682Z"
  }
},
{
  "model": "api.journalentry",
  "pk": 109,
  "fields": {
    "company": 1,
    "entry_number": "AUTO-BILL-32",
    "entry_date": "2026-06-04",
    "description": "Bill BILL-19",
    "station": 1,
    "is_posted": true,
    "posted_at": "2026-06-04T10:13:21.318Z",
    "created_at": "2026-06-04T10:13:21.318Z",
    "updated_at": "2026-06-04T10:13:21.318Z"
  }
},
{
  "model": "api.journalentry",
  "pk": 110,
  "fields": {
    "company": 1,
    "entry_number": "AUTO-INV-19-SALE",
    "entry_date": "2026-06-04",
    "description": "Invoice INV-POS-19 — Walk-in",
    "station": 1,
    "is_posted": true,
    "posted_at": "2026-06-04T10:34:52.058Z",
    "created_at": "2026-06-04T10:34:52.058Z",
    "updated_at": "2026-06-04T10:34:52.058Z"
  }
},
{
  "model": "api.journalentry",
  "pk": 111,
  "fields": {
    "company": 1,
    "entry_number": "AUTO-INV-19-COGS",
    "entry_date": "2026-06-04",
    "description": "COGS INV-POS-19 — Walk-in",
    "station": 1,
    "is_posted": true,
    "posted_at": "2026-06-04T10:34:52.069Z",
    "created_at": "2026-06-04T10:34:52.069Z",
    "updated_at": "2026-06-04T10:34:52.069Z"
  }
},
{
  "model": "api.journalentry",
  "pk": 112,
  "fields": {
    "company": 1,
    "entry_number": "AUTO-FA-ACQ-1",
    "entry_date": "2026-06-09",
    "description": "Fixed asset acquisition FA-00001 — Yamaha V2 Bike",
    "station": null,
    "is_posted": true,
    "posted_at": "2026-06-09T02:13:00.276Z",
    "created_at": "2026-06-09T02:13:00.276Z",
    "updated_at": "2026-06-09T02:13:00.276Z"
  }
},
{
  "model": "api.journalentry",
  "pk": 116,
  "fields": {
    "company": 1,
    "entry_number": "AUTO-BILL-34",
    "entry_date": "2025-03-01",
    "description": "Bill BILL-1",
    "station": 4,
    "is_posted": true,
    "posted_at": "2026-06-30T02:53:12.564Z",
    "created_at": "2026-06-30T02:53:12.564Z",
    "updated_at": "2026-06-30T02:53:12.564Z"
  }
},
{
  "model": "api.journalentry",
  "pk": 120,
  "fields": {
    "company": 1,
    "entry_number": "AUTO-AQ-FISH-XFER-8",
    "entry_date": "2025-06-30",
    "description": "Aquaculture — inter-pond fish biological cost (Digonta)",
    "station": null,
    "is_posted": true,
    "posted_at": "2026-06-30T03:14:56.597Z",
    "created_at": "2026-06-30T03:14:56.597Z",
    "updated_at": "2026-06-30T03:14:56.597Z"
  }
},
{
  "model": "api.journalentryline",
  "pk": 1,
  "fields": {
    "journal_entry": 1,
    "account": 15,
    "station": 4,
    "debit": "528000.00",
    "credit": "0.00",
    "description": "BILL-6 — CP Tilapia Grower",
    "aquaculture_pond": null,
    "aquaculture_production_cycle": null,
    "aquaculture_cost_bucket": "",
    "tenant_reporting_category": null,
    "fuel_station_expense_rollup": ""
  }
},
{
  "model": "api.journalentryline",
  "pk": 2,
  "fields": {
    "journal_entry": 1,
    "account": 28,
    "station": 4,
    "debit": "0.00",
    "credit": "528000.00",
    "description": "BILL-6",
    "aquaculture_pond": null,
    "aquaculture_production_cycle": null,
    "aquaculture_cost_bucket": "",
    "tenant_reporting_category": null,
    "fuel_station_expense_rollup": ""
  }
},
{
  "model": "api.journalentryline",
  "pk": 3,
  "fields": {
    "journal_entry": 2,
    "account": 3,
    "station": null,
    "debit": "2000000.00",
    "credit": "0.00",
    "description": "Investment",
    "aquaculture_pond": null,
    "aquaculture_production_cycle": null,
    "aquaculture_cost_bucket": "",
    "tenant_reporting_category": null,
    "fuel_station_expense_rollup": ""
  }
},
{
  "model": "api.journalentryline",
  "pk": 4,
  "fields": {
    "journal_entry": 2,
    "account": 42,
    "station": null,
    "debit": "0.00",
    "credit": "2000000.00",
    "description": "Investment",
    "aquaculture_pond": null,
    "aquaculture_production_cycle": null,
    "aquaculture_cost_bucket": "",
    "tenant_reporting_category": null,
    "fuel_station_expense_rollup": ""
  }
},
{
  "model": "api.journalentryline",
  "pk": 5,
  "fields": {
    "journal_entry": 3,
    "account": 28,
    "station": null,
    "debit": "528000.00",
    "credit": "0.00",
    "description": "BULK-VEND-01",
    "aquaculture_pond": null,
    "aquaculture_production_cycle": null,
    "aquaculture_cost_bucket": "",
    "tenant_reporting_category": null,
    "fuel_station_expense_rollup": ""
  }
},
{
  "model": "api.journalentryline",
  "pk": 6,
  "fields": {
    "journal_entry": 3,
    "account": 3,
    "station": null,
    "debit": "0.00",
    "credit": "528000.00",
    "description": "BULK-VEND-01",
    "aquaculture_pond": null,
    "aquaculture_production_cycle": null,
    "aquaculture_cost_bucket": "",
    "tenant_reporting_category": null,
    "fuel_station_expense_rollup": ""
  }
},
{
  "model": "api.journalentryline",
  "pk": 7,
  "fields": {
    "journal_entry": 4,
    "account": 80,
    "station": 4,
    "debit": "1100000.00",
    "credit": "0.00",
    "description": "BILL-7 — Tilapia Fry",
    "aquaculture_pond": 19,
    "aquaculture_production_cycle": null,
    "aquaculture_cost_bucket": "shop_supplies",
    "tenant_reporting_category": null,
    "fuel_station_expense_rollup": ""
  }
},
{
  "model": "api.journalentryline",
  "pk": 8,
  "fields": {
    "journal_entry": 4,
    "account": 28,
    "station": 4,
    "debit": "0.00",
    "credit": "1100000.00",
    "description": "BILL-7",
    "aquaculture_pond": null,
    "aquaculture_production_cycle": null,
    "aquaculture_cost_bucket": "",
    "tenant_reporting_category": null,
    "fuel_station_expense_rollup": ""
  }
},
{
  "model": "api.journalentryline",
  "pk": 9,
  "fields": {
    "journal_entry": 5,
    "account": 28,
    "station": null,
    "debit": "600000.00",
    "credit": "0.00",
    "description": "BULK-VEND-01",
    "aquaculture_pond": null,
    "aquaculture_production_cycle": null,
    "aquaculture_cost_bucket": "",
    "tenant_reporting_category": null,
    "fuel_station_expense_rollup": ""
  }
},
{
  "model": "api.journalentryline",
  "pk": 10,
  "fields": {
    "journal_entry": 5,
    "account": 3,
    "station": null,
    "debit": "0.00",
    "credit": "600000.00",
    "description": "BULK-VEND-01",
    "aquaculture_pond": null,
    "aquaculture_production_cycle": null,
    "aquaculture_cost_bucket": "",
    "tenant_reporting_category": null,
    "fuel_station_expense_rollup": ""
  }
},
{
  "model": "api.journalentryline",
  "pk": 11,
  "fields": {
    "journal_entry": 6,
    "account": 6,
    "station": 4,
    "debit": "64000.00",
    "credit": "0.00",
    "description": "INV-AQ-18 — Nadim Bapari",
    "aquaculture_pond": 5,
    "aquaculture_production_cycle": null,
    "aquaculture_cost_bucket": "",
    "tenant_reporting_category": null,
    "fuel_station_expense_rollup": ""
  }
},
{
  "model": "api.journalentryline",
  "pk": 12,
  "fields": {
    "journal_entry": 6,
    "account": 89,
    "station": 4,
    "debit": "0.00",
    "credit": "64000.00",
    "description": "INV-AQ-18 — Nadim Bapari",
    "aquaculture_pond": 5,
    "aquaculture_production_cycle": null,
    "aquaculture_cost_bucket": "rev_fish_harvest_sale",
    "tenant_reporting_category": null,
    "fuel_station_expense_rollup": ""
  }
},
{
  "model": "api.journalentryline",
  "pk": 15,
  "fields": {
    "journal_entry": 8,
    "account": 3,
    "station": 4,
    "debit": "50000.00",
    "credit": "0.00",
    "description": "CUST-2",
    "aquaculture_pond": null,
    "aquaculture_production_cycle": null,
    "aquaculture_cost_bucket": "",
    "tenant_reporting_category": null,
    "fuel_station_expense_rollup": ""
  }
},
{
  "model": "api.journalentryline",
  "pk": 16,
  "fields": {
    "journal_entry": 8,
    "account": 6,
    "station": 4,
    "debit": "0.00",
    "credit": "50000.00",
    "description": "CUST-2",
    "aquaculture_pond": null,
    "aquaculture_production_cycle": null,
    "aquaculture_cost_bucket": "",
    "tenant_reporting_category": null,
    "fuel_station_expense_rollup": ""
  }
},
{
  "model": "api.journalentryline",
  "pk": 17,
  "fields": {
    "journal_entry": 9,
    "account": 6,
    "station": 4,
    "debit": "459725.00",
    "credit": "0.00",
    "description": "INV-AQ-14 — Nadim Bapari",
    "aquaculture_pond": 2,
    "aquaculture_production_cycle": 24,
    "aquaculture_cost_bucket": "",
    "tenant_reporting_category": null,
    "fuel_station_expense_rollup": ""
  }
},
{
  "model": "api.journalentryline",
  "pk": 18,
  "fields": {
    "journal_entry": 9,
    "account": 89,
    "station": 4,
    "debit": "0.00",
    "credit": "459725.00",
    "description": "INV-AQ-14 — Nadim Bapari",
    "aquaculture_pond": 2,
    "aquaculture_production_cycle": 24,
    "aquaculture_cost_bucket": "rev_fish_harvest_sale",
    "tenant_reporting_category": null,
    "fuel_station_expense_rollup": ""
  }
},
{
  "model": "api.journalentryline",
  "pk": 19,
  "fields": {
    "journal_entry": 10,
    "account": 3,
    "station": null,
    "debit": "473725.00",
    "credit": "0.00",
    "description": "CUST-2",
    "aquaculture_pond": null,
    "aquaculture_production_cycle": null,
    "aquaculture_cost_bucket": "",
    "tenant_reporting_category": null,
    "fuel_station_expense_rollup": ""
  }
},
{
  "model": "api.journalentryline",
  "pk": 20,
  "fields": {
    "journal_entry": 10,
    "account": 6,
    "station": null,
    "debit": "0.00",
    "credit": "473725.00",
    "description": "CUST-2",
    "aquaculture_pond": null,
    "aquaculture_production_cycle": null,
    "aquaculture_cost_bucket": "",
    "tenant_reporting_category": null,
    "fuel_station_expense_rollup": ""
  }
},
{
  "model": "api.journalentryline",
  "pk": 25,
  "fields": {
    "journal_entry": 13,
    "account": 94,
    "station": 4,
    "debit": "50000.00",
    "credit": "0.00",
    "description": "Landlord payment — Afjal Hossain",
    "aquaculture_pond": 3,
    "aquaculture_production_cycle": null,
    "aquaculture_cost_bucket": "lease",
    "tenant_reporting_category": null,
    "fuel_station_expense_rollup": ""
  }
},
{
  "model": "api.journalentryline",
  "pk": 26,
  "fields": {
    "journal_entry": 13,
    "account": 3,
    "station": 4,
    "debit": "0.00",
    "credit": "50000.00",
    "description": "Landlord payment — Afjal Hossain",
    "aquaculture_pond": null,
    "aquaculture_production_cycle": null,
    "aquaculture_cost_bucket": "",
    "tenant_reporting_category": null,
    "fuel_station_expense_rollup": ""
  }
},
{
  "model": "api.journalentryline",
  "pk": 27,
  "fields": {
    "journal_entry": 14,
    "account": 6,
    "station": 4,
    "debit": "39000.00",
    "credit": "0.00",
    "description": "INV-AQ-21 — Nadim Bapari",
    "aquaculture_pond": 3,
    "aquaculture_production_cycle": null,
    "aquaculture_cost_bucket": "",
    "tenant_reporting_category": null,
    "fuel_station_expense_rollup": ""
  }
},
{
  "model": "api.journalentryline",
  "pk": 28,
  "fields": {
    "journal_entry": 14,
    "account": 89,
    "station": 4,
    "debit": "0.00",
    "credit": "39000.00",
    "description": "INV-AQ-21 — Nadim Bapari",
    "aquaculture_pond": 3,
    "aquaculture_production_cycle": null,
    "aquaculture_cost_bucket": "rev_fish_harvest_sale",
    "tenant_reporting_category": null,
    "fuel_station_expense_rollup": ""
  }
},
{
  "model": "api.journalentryline",
  "pk": 29,
  "fields": {
    "journal_entry": 15,
    "account": 3,
    "station": null,
    "debit": "39000.00",
    "credit": "0.00",
    "description": "CUST-2",
    "aquaculture_pond": null,
    "aquaculture_production_cycle": null,
    "aquaculture_cost_bucket": "",
    "tenant_reporting_category": null,
    "fuel_station_expense_rollup": ""
  }
},
{
  "model": "api.journalentryline",
  "pk": 30,
  "fields": {
    "journal_entry": 15,
    "account": 6,
    "station": null,
    "debit": "0.00",
    "credit": "39000.00",
    "description": "CUST-2",
    "aquaculture_pond": null,
    "aquaculture_production_cycle": null,
    "aquaculture_cost_bucket": "",
    "tenant_reporting_category": null,
    "fuel_station_expense_rollup": ""
  }
},
{
  "model": "api.journalentryline",
  "pk": 31,
  "fields": {
    "journal_entry": 16,
    "account": 1,
    "station": 4,
    "debit": "48000.00",
    "credit": "0.00",
    "description": "INV-POS-4 — Walk-in",
    "aquaculture_pond": null,
    "aquaculture_production_cycle": null,
    "aquaculture_cost_bucket": "",
    "tenant_reporting_category": null,
    "fuel_station_expense_rollup": ""
  }
},
{
  "model": "api.journalentryline",
  "pk": 32,
  "fields": {
    "journal_entry": 16,
    "account": 51,
    "station": 4,
    "debit": "0.00",
    "credit": "48000.00",
    "description": "INV-POS-4 — Walk-in",
    "aquaculture_pond": null,
    "aquaculture_production_cycle": null,
    "aquaculture_cost_bucket": "",
    "tenant_reporting_category": null,
    "fuel_station_expense_rollup": ""
  }
},
{
  "model": "api.journalentryline",
  "pk": 35,
  "fields": {
    "journal_entry": 18,
    "account": 1,
    "station": 4,
    "debit": "12000.00",
    "credit": "0.00",
    "description": "INV-POS-5 — Walk-in",
    "aquaculture_pond": null,
    "aquaculture_production_cycle": null,
    "aquaculture_cost_bucket": "",
    "tenant_reporting_category": null,
    "fuel_station_expense_rollup": ""
  }
},
{
  "model": "api.journalentryline",
  "pk": 36,
  "fields": {
    "journal_entry": 18,
    "account": 51,
    "station": 4,
    "debit": "0.00",
    "credit": "12000.00",
    "description": "INV-POS-5 — Walk-in",
    "aquaculture_pond": null,
    "aquaculture_production_cycle": null,
    "aquaculture_cost_bucket": "",
    "tenant_reporting_category": null,
    "fuel_station_expense_rollup": ""
  }
},
{
  "model": "api.journalentryline",
  "pk": 39,
  "fields": {
    "journal_entry": 20,
    "account": 69,
    "station": null,
    "debit": "20000.00",
    "credit": "0.00",
    "description": "Gross pay — PR-00004",
    "aquaculture_pond": null,
    "aquaculture_production_cycle": null,
    "aquaculture_cost_bucket": "",
    "tenant_reporting_category": null,
    "fuel_station_expense_rollup": ""
  }
},
{
  "model": "api.journalentryline",
  "pk": 40,
  "fields": {
    "journal_entry": 20,
    "account": 4,
    "station": null,
    "debit": "0.00",
    "credit": "20000.00",
    "description": "Net pay — PR-00004",
    "aquaculture_pond": null,
    "aquaculture_production_cycle": null,
    "aquaculture_cost_bucket": "",
    "tenant_reporting_category": null,
    "fuel_station_expense_rollup": ""
  }
},
{
  "model": "api.journalentryline",
  "pk": 43,
  "fields": {
    "journal_entry": 21,
    "account": 15,
    "station": null,
    "debit": "1100000.00",
    "credit": "0.00",
    "description": "BILL-4 — Tilapia Fry",
    "aquaculture_pond": null,
    "aquaculture_production_cycle": null,
    "aquaculture_cost_bucket": "",
    "tenant_reporting_category": null,
    "fuel_station_expense_rollup": ""
  }
},
{
  "model": "api.journalentryline",
  "pk": 44,
  "fields": {
    "journal_entry": 21,
    "account": 28,
    "station": null,
    "debit": "0.00",
    "credit": "1100000.00",
    "description": "BILL-4",
    "aquaculture_pond": null,
    "aquaculture_production_cycle": null,
    "aquaculture_cost_bucket": "",
    "tenant_reporting_category": null,
    "fuel_station_expense_rollup": ""
  }
},
{
  "model": "api.journalentryline",
  "pk": 47,
  "fields": {
    "journal_entry": 23,
    "account": 15,
    "station": 4,
    "debit": "5000.00",
    "credit": "0.00",
    "description": "BILL-9 — Probiotic",
    "aquaculture_pond": null,
    "aquaculture_production_cycle": null,
    "aquaculture_cost_bucket": "",
    "tenant_reporting_category": null,
    "fuel_station_expense_rollup": ""
  }
},
{
  "model": "api.journalentryline",
  "pk": 48,
  "fields": {
    "journal_entry": 23,
    "account": 28,
    "station": 4,
    "debit": "0.00",
    "credit": "5000.00",
    "description": "BILL-9",
    "aquaculture_pond": null,
    "aquaculture_production_cycle": null,
    "aquaculture_cost_bucket": "",
    "tenant_reporting_category": null,
    "fuel_station_expense_rollup": ""
  }
},
{
  "model": "api.journalentryline",
  "pk": 53,
  "fields": {
    "journal_entry": 26,
    "account": 6,
    "station": 4,
    "debit": "800.00",
    "credit": "0.00",
    "description": "INV-POS-8 — Aquaculture — Mynuddin",
    "aquaculture_pond": 3,
    "aquaculture_production_cycle": null,
    "aquaculture_cost_bucket": "",
    "tenant_reporting_category": null,
    "fuel_station_expense_rollup": ""
  }
},
{
  "model": "api.journalentryline",
  "pk": 54,
  "fields": {
    "journal_entry": 26,
    "account": 51,
    "station": 4,
    "debit": "0.00",
    "credit": "800.00",
    "description": "INV-POS-8 — Aquaculture — Mynuddin",
    "aquaculture_pond": 3,
    "aquaculture_production_cycle": null,
    "aquaculture_cost_bucket": "rev_pos_sale",
    "tenant_reporting_category": null,
    "fuel_station_expense_rollup": ""
  }
},
{
  "model": "api.journalentryline",
  "pk": 57,
  "fields": {
    "journal_entry": 28,
    "account": 100,
    "station": 4,
    "debit": "25000.00",
    "credit": "0.00",
    "description": "BILL-10 — Utilities — Electricity",
    "aquaculture_pond": 2,
    "aquaculture_production_cycle": 24,
    "aquaculture_cost_bucket": "electricity",
    "tenant_reporting_category": null,
    "fuel_station_expense_rollup": ""
  }
},
{
  "model": "api.journalentryline",
  "pk": 58,
  "fields": {
    "journal_entry": 28,
    "account": 100,
    "station": 4,
    "debit": "25000.00",
    "credit": "0.00",
    "description": "BILL-10 — Utilities — Electricity",
    "aquaculture_pond": 3,
    "aquaculture_production_cycle": 25,
    "aquaculture_cost_bucket": "electricity",
    "tenant_reporting_category": null,
    "fuel_station_expense_rollup": ""
  }
},
{
  "model": "api.journalentryline",
  "pk": 59,
  "fields": {
    "journal_entry": 28,
    "account": 100,
    "station": 4,
    "debit": "25000.00",
    "credit": "0.00",
    "description": "BILL-10 — Utilities — Electricity",
    "aquaculture_pond": 4,
    "aquaculture_production_cycle": 26,
    "aquaculture_cost_bucket": "electricity",
    "tenant_reporting_category": null,
    "fuel_station_expense_rollup": ""
  }
},
{
  "model": "api.journalentryline",
  "pk": 60,
  "fields": {
    "journal_entry": 28,
    "account": 100,
    "station": 4,
    "debit": "25000.00",
    "credit": "0.00",
    "description": "BILL-10 — Utilities — Electricity",
    "aquaculture_pond": 5,
    "aquaculture_production_cycle": 42,
    "aquaculture_cost_bucket": "electricity",
    "tenant_reporting_category": null,
    "fuel_station_expense_rollup": ""
  }
},
{
  "model": "api.journalentryline",
  "pk": 61,
  "fields": {
    "journal_entry": 28,
    "account": 28,
    "station": 4,
    "debit": "0.00",
    "credit": "100000.00",
    "description": "BILL-10",
    "aquaculture_pond": null,
    "aquaculture_production_cycle": null,
    "aquaculture_cost_bucket": "",
    "tenant_reporting_category": null,
    "fuel_station_expense_rollup": ""
  }
},
{
  "model": "api.journalentryline",
  "pk": 72,
  "fields": {
    "journal_entry": 34,
    "account": 15,
    "station": 4,
    "debit": "60000.00",
    "credit": "0.00",
    "description": "BILL-13 — Salt",
    "aquaculture_pond": null,
    "aquaculture_production_cycle": null,
    "aquaculture_cost_bucket": "",
    "tenant_reporting_category": null,
    "fuel_station_expense_rollup": ""
  }
},
{
  "model": "api.journalentryline",
  "pk": 73,
  "fields": {
    "journal_entry": 34,
    "account": 28,
    "station": 4,
    "debit": "0.00",
    "credit": "60000.00",
    "description": "BILL-13",
    "aquaculture_pond": null,
    "aquaculture_production_cycle": null,
    "aquaculture_cost_bucket": "",
    "tenant_reporting_category": null,
    "fuel_station_expense_rollup": ""
  }
},
{
  "model": "api.journalentryline",
  "pk": 76,
  "fields": {
    "journal_entry": 36,
    "account": 107,
    "station": null,
    "debit": "3200.00",
    "credit": "0.00",
    "description": "Aquaculture fish stock — loss",
    "aquaculture_pond": 3,
    "aquaculture_production_cycle": 25,
    "aquaculture_cost_bucket": "biological_writeoff",
    "tenant_reporting_category": null,
    "fuel_station_expense_rollup": ""
  }
},
{
  "model": "api.journalentryline",
  "pk": 77,
  "fields": {
    "journal_entry": 36,
    "account": 106,
    "station": null,
    "debit": "0.00",
    "credit": "3200.00",
    "description": "Aquaculture fish stock — loss",
    "aquaculture_pond": 3,
    "aquaculture_production_cycle": 25,
    "aquaculture_cost_bucket": "biological_writeoff",
    "tenant_reporting_category": null,
    "fuel_station_expense_rollup": ""
  }
},
{
  "model": "api.journalentryline",
  "pk": 80,
  "fields": {
    "journal_entry": 38,
    "account": 15,
    "station": 4,
    "debit": "10000.00",
    "credit": "0.00",
    "description": "BILL-14 — Agricultural Lime",
    "aquaculture_pond": null,
    "aquaculture_production_cycle": null,
    "aquaculture_cost_bucket": "",
    "tenant_reporting_category": null,
    "fuel_station_expense_rollup": ""
  }
},
{
  "model": "api.journalentryline",
  "pk": 81,
  "fields": {
    "journal_entry": 38,
    "account": 28,
    "station": 4,
    "debit": "0.00",
    "credit": "10000.00",
    "description": "BILL-14",
    "aquaculture_pond": null,
    "aquaculture_production_cycle": null,
    "aquaculture_cost_bucket": "",
    "tenant_reporting_category": null,
    "fuel_station_expense_rollup": ""
  }
},
{
  "model": "api.journalentryline",
  "pk": 82,
  "fields": {
    "journal_entry": 39,
    "account": 60,
    "station": null,
    "debit": "1250.00",
    "credit": "0.00",
    "description": "Aquaculture pond medicine consumption (expense 114)",
    "aquaculture_pond": 3,
    "aquaculture_production_cycle": 25,
    "aquaculture_cost_bucket": "medicine",
    "tenant_reporting_category": null,
    "fuel_station_expense_rollup": ""
  }
},
{
  "model": "api.journalentryline",
  "pk": 83,
  "fields": {
    "journal_entry": 39,
    "account": 15,
    "station": null,
    "debit": "0.00",
    "credit": "1250.00",
    "description": "Aquaculture pond medicine consumption (expense 114)",
    "aquaculture_pond": 3,
    "aquaculture_production_cycle": 25,
    "aquaculture_cost_bucket": "medicine",
    "tenant_reporting_category": null,
    "fuel_station_expense_rollup": ""
  }
},
{
  "model": "api.journalentryline",
  "pk": 86,
  "fields": {
    "journal_entry": 41,
    "account": 3,
    "station": null,
    "debit": "5000000.00",
    "credit": "0.00",
    "description": "Payment/settlement 1030 — Bank — Operating Account · LN-00006",
    "aquaculture_pond": null,
    "aquaculture_production_cycle": null,
    "aquaculture_cost_bucket": "",
    "tenant_reporting_category": null,
    "fuel_station_expense_rollup": ""
  }
},
{
  "model": "api.journalentryline",
  "pk": 87,
  "fields": {
    "journal_entry": 41,
    "account": 39,
    "station": null,
    "debit": "0.00",
    "credit": "5000000.00",
    "description": "Principal · LN-00006",
    "aquaculture_pond": null,
    "aquaculture_production_cycle": null,
    "aquaculture_cost_bucket": "",
    "tenant_reporting_category": null,
    "fuel_station_expense_rollup": ""
  }
},
{
  "model": "api.journalentryline",
  "pk": 88,
  "fields": {
    "journal_entry": 42,
    "account": 15,
    "station": 4,
    "debit": "60000.00",
    "credit": "0.00",
    "description": "BILL-15 — Zeolite",
    "aquaculture_pond": null,
    "aquaculture_production_cycle": null,
    "aquaculture_cost_bucket": "",
    "tenant_reporting_category": null,
    "fuel_station_expense_rollup": ""
  }
},
{
  "model": "api.journalentryline",
  "pk": 89,
  "fields": {
    "journal_entry": 42,
    "account": 28,
    "station": 4,
    "debit": "0.00",
    "credit": "60000.00",
    "description": "BILL-15",
    "aquaculture_pond": null,
    "aquaculture_production_cycle": null,
    "aquaculture_cost_bucket": "",
    "tenant_reporting_category": null,
    "fuel_station_expense_rollup": ""
  }
},
{
  "model": "api.journalentryline",
  "pk": 90,
  "fields": {
    "journal_entry": 43,
    "account": 60,
    "station": null,
    "debit": "4860.00",
    "credit": "0.00",
    "description": "Aquaculture pond medicine consumption (expense 118)",
    "aquaculture_pond": 2,
    "aquaculture_production_cycle": 24,
    "aquaculture_cost_bucket": "medicine",
    "tenant_reporting_category": null,
    "fuel_station_expense_rollup": ""
  }
},
{
  "model": "api.journalentryline",
  "pk": 91,
  "fields": {
    "journal_entry": 43,
    "account": 15,
    "station": null,
    "debit": "0.00",
    "credit": "4860.00",
    "description": "Aquaculture pond medicine consumption (expense 118)",
    "aquaculture_pond": 2,
    "aquaculture_production_cycle": 24,
    "aquaculture_cost_bucket": "medicine",
    "tenant_reporting_category": null,
    "fuel_station_expense_rollup": ""
  }
},
{
  "model": "api.journalentryline",
  "pk": 92,
  "fields": {
    "journal_entry": 44,
    "account": 6,
    "station": 4,
    "debit": "680000.00",
    "credit": "0.00",
    "description": "INV-AQ-24 — Nadim Bapari",
    "aquaculture_pond": 3,
    "aquaculture_production_cycle": 25,
    "aquaculture_cost_bucket": "",
    "tenant_reporting_category": null,
    "fuel_station_expense_rollup": ""
  }
},
{
  "model": "api.journalentryline",
  "pk": 93,
  "fields": {
    "journal_entry": 44,
    "account": 89,
    "station": 4,
    "debit": "0.00",
    "credit": "680000.00",
    "description": "INV-AQ-24 — Nadim Bapari",
    "aquaculture_pond": 3,
    "aquaculture_production_cycle": 25,
    "aquaculture_cost_bucket": "rev_fish_harvest_sale",
    "tenant_reporting_category": null,
    "fuel_station_expense_rollup": ""
  }
},
{
  "model": "api.journalentryline",
  "pk": 94,
  "fields": {
    "journal_entry": 45,
    "account": 15,
    "station": 4,
    "debit": "264000.00",
    "credit": "0.00",
    "description": "BILL-16 — CP Tilapia Grower",
    "aquaculture_pond": null,
    "aquaculture_production_cycle": null,
    "aquaculture_cost_bucket": "",
    "tenant_reporting_category": null,
    "fuel_station_expense_rollup": ""
  }
},
{
  "model": "api.journalentryline",
  "pk": 95,
  "fields": {
    "journal_entry": 45,
    "account": 28,
    "station": 4,
    "debit": "0.00",
    "credit": "264000.00",
    "description": "BILL-16",
    "aquaculture_pond": null,
    "aquaculture_production_cycle": null,
    "aquaculture_cost_bucket": "",
    "tenant_reporting_category": null,
    "fuel_station_expense_rollup": ""
  }
},
{
  "model": "api.journalentryline",
  "pk": 96,
  "fields": {
    "journal_entry": 46,
    "account": 60,
    "station": null,
    "debit": "6600.00",
    "credit": "0.00",
    "description": "Aquaculture pond feed consumption (expense 119)",
    "aquaculture_pond": 4,
    "aquaculture_production_cycle": null,
    "aquaculture_cost_bucket": "feed",
    "tenant_reporting_category": null,
    "fuel_station_expense_rollup": ""
  }
},
{
  "model": "api.journalentryline",
  "pk": 97,
  "fields": {
    "journal_entry": 46,
    "account": 15,
    "station": null,
    "debit": "0.00",
    "credit": "6600.00",
    "description": "Aquaculture pond feed consumption (expense 119)",
    "aquaculture_pond": 4,
    "aquaculture_production_cycle": null,
    "aquaculture_cost_bucket": "feed",
    "tenant_reporting_category": null,
    "fuel_station_expense_rollup": ""
  }
},
{
  "model": "api.journalentryline",
  "pk": 98,
  "fields": {
    "journal_entry": 47,
    "account": 3,
    "station": null,
    "debit": "7500000.00",
    "credit": "0.00",
    "description": "Payment/settlement 1030 — Bank — Operating Account · LN-00007",
    "aquaculture_pond": null,
    "aquaculture_production_cycle": null,
    "aquaculture_cost_bucket": "",
    "tenant_reporting_category": null,
    "fuel_station_expense_rollup": ""
  }
},
{
  "model": "api.journalentryline",
  "pk": 99,
  "fields": {
    "journal_entry": 47,
    "account": 40,
    "station": null,
    "debit": "0.00",
    "credit": "7500000.00",
    "description": "Principal · LN-00007",
    "aquaculture_pond": null,
    "aquaculture_production_cycle": null,
    "aquaculture_cost_bucket": "",
    "tenant_reporting_category": null,
    "fuel_station_expense_rollup": ""
  }
},
{
  "model": "api.journalentryline",
  "pk": 100,
  "fields": {
    "journal_entry": 48,
    "account": 1,
    "station": 1,
    "debit": "13680.00",
    "credit": "0.00",
    "description": "INV-POS-11 — Walk-in",
    "aquaculture_pond": null,
    "aquaculture_production_cycle": null,
    "aquaculture_cost_bucket": "",
    "tenant_reporting_category": null,
    "fuel_station_expense_rollup": ""
  }
},
{
  "model": "api.journalentryline",
  "pk": 101,
  "fields": {
    "journal_entry": 48,
    "account": 46,
    "station": 1,
    "debit": "0.00",
    "credit": "13680.00",
    "description": "INV-POS-11 — Walk-in",
    "aquaculture_pond": null,
    "aquaculture_production_cycle": null,
    "aquaculture_cost_bucket": "",
    "tenant_reporting_category": null,
    "fuel_station_expense_rollup": ""
  }
},
{
  "model": "api.journalentryline",
  "pk": 102,
  "fields": {
    "journal_entry": 49,
    "account": 1,
    "station": 1,
    "debit": "50.00",
    "credit": "0.00",
    "description": "INV-POS-12 — Walk-in",
    "aquaculture_pond": null,
    "aquaculture_production_cycle": null,
    "aquaculture_cost_bucket": "",
    "tenant_reporting_category": null,
    "fuel_station_expense_rollup": ""
  }
},
{
  "model": "api.journalentryline",
  "pk": 103,
  "fields": {
    "journal_entry": 49,
    "account": 51,
    "station": 1,
    "debit": "0.00",
    "credit": "50.00",
    "description": "INV-POS-12 — Walk-in",
    "aquaculture_pond": null,
    "aquaculture_production_cycle": null,
    "aquaculture_cost_bucket": "",
    "tenant_reporting_category": null,
    "fuel_station_expense_rollup": ""
  }
},
{
  "model": "api.journalentryline",
  "pk": 104,
  "fields": {
    "journal_entry": 50,
    "account": 6,
    "station": 1,
    "debit": "12540.00",
    "credit": "0.00",
    "description": "INV-POS-13 — Nobin Agro",
    "aquaculture_pond": null,
    "aquaculture_production_cycle": null,
    "aquaculture_cost_bucket": "",
    "tenant_reporting_category": null,
    "fuel_station_expense_rollup": ""
  }
},
{
  "model": "api.journalentryline",
  "pk": 105,
  "fields": {
    "journal_entry": 50,
    "account": 46,
    "station": 1,
    "debit": "0.00",
    "credit": "12540.00",
    "description": "INV-POS-13 — Nobin Agro",
    "aquaculture_pond": null,
    "aquaculture_production_cycle": null,
    "aquaculture_cost_bucket": "",
    "tenant_reporting_category": null,
    "fuel_station_expense_rollup": ""
  }
},
{
  "model": "api.journalentryline",
  "pk": 106,
  "fields": {
    "journal_entry": 51,
    "account": 1,
    "station": null,
    "debit": "15000.00",
    "credit": "0.00",
    "description": "Demo opening balances — seed_master_full_demo",
    "aquaculture_pond": null,
    "aquaculture_production_cycle": null,
    "aquaculture_cost_bucket": "",
    "tenant_reporting_category": null,
    "fuel_station_expense_rollup": ""
  }
},
{
  "model": "api.journalentryline",
  "pk": 107,
  "fields": {
    "journal_entry": 51,
    "account": 3,
    "station": null,
    "debit": "250000.00",
    "credit": "0.00",
    "description": "Demo opening balances — seed_master_full_demo",
    "aquaculture_pond": null,
    "aquaculture_production_cycle": null,
    "aquaculture_cost_bucket": "",
    "tenant_reporting_category": null,
    "fuel_station_expense_rollup": ""
  }
},
{
  "model": "api.journalentryline",
  "pk": 108,
  "fields": {
    "journal_entry": 51,
    "account": 13,
    "station": null,
    "debit": "800000.00",
    "credit": "0.00",
    "description": "Demo opening balances — seed_master_full_demo",
    "aquaculture_pond": null,
    "aquaculture_production_cycle": null,
    "aquaculture_cost_bucket": "",
    "tenant_reporting_category": null,
    "fuel_station_expense_rollup": ""
  }
},
{
  "model": "api.journalentryline",
  "pk": 109,
  "fields": {
    "journal_entry": 51,
    "account": 44,
    "station": null,
    "debit": "0.00",
    "credit": "1065000.00",
    "description": "Demo opening balances — seed_master_full_demo",
    "aquaculture_pond": null,
    "aquaculture_production_cycle": null,
    "aquaculture_cost_bucket": "",
    "tenant_reporting_category": null,
    "fuel_station_expense_rollup": ""
  }
},
{
  "model": "api.journalentryline",
  "pk": 110,
  "fields": {
    "journal_entry": 52,
    "account": 1,
    "station": null,
    "debit": "425000.00",
    "credit": "0.00",
    "description": "Demo fuel sales (petrol) + COGS — seed_master_full_demo",
    "aquaculture_pond": null,
    "aquaculture_production_cycle": null,
    "aquaculture_cost_bucket": "",
    "tenant_reporting_category": null,
    "fuel_station_expense_rollup": ""
  }
},
{
  "model": "api.journalentryline",
  "pk": 111,
  "fields": {
    "journal_entry": 52,
    "account": 46,
    "station": null,
    "debit": "0.00",
    "credit": "425000.00",
    "description": "Demo fuel sales (petrol) + COGS — seed_master_full_demo",
    "aquaculture_pond": null,
    "aquaculture_production_cycle": null,
    "aquaculture_cost_bucket": "",
    "tenant_reporting_category": null,
    "fuel_station_expense_rollup": ""
  }
},
{
  "model": "api.journalentryline",
  "pk": 112,
  "fields": {
    "journal_entry": 52,
    "account": 58,
    "station": null,
    "debit": "318000.00",
    "credit": "0.00",
    "description": "Demo fuel sales (petrol) + COGS — seed_master_full_demo",
    "aquaculture_pond": null,
    "aquaculture_production_cycle": null,
    "aquaculture_cost_bucket": "",
    "tenant_reporting_category": null,
    "fuel_station_expense_rollup": ""
  }
},
{
  "model": "api.journalentryline",
  "pk": 113,
  "fields": {
    "journal_entry": 52,
    "account": 13,
    "station": null,
    "debit": "0.00",
    "credit": "318000.00",
    "description": "Demo fuel sales (petrol) + COGS — seed_master_full_demo",
    "aquaculture_pond": null,
    "aquaculture_production_cycle": null,
    "aquaculture_cost_bucket": "",
    "tenant_reporting_category": null,
    "fuel_station_expense_rollup": ""
  }
},
{
  "model": "api.journalentryline",
  "pk": 114,
  "fields": {
    "journal_entry": 53,
    "account": 1,
    "station": null,
    "debit": "198000.00",
    "credit": "0.00",
    "description": "Demo fuel sales (diesel) + COGS — seed_master_full_demo",
    "aquaculture_pond": null,
    "aquaculture_production_cycle": null,
    "aquaculture_cost_bucket": "",
    "tenant_reporting_category": null,
    "fuel_station_expense_rollup": ""
  }
},
{
  "model": "api.journalentryline",
  "pk": 115,
  "fields": {
    "journal_entry": 53,
    "account": 47,
    "station": null,
    "debit": "0.00",
    "credit": "198000.00",
    "description": "Demo fuel sales (diesel) + COGS — seed_master_full_demo",
    "aquaculture_pond": null,
    "aquaculture_production_cycle": null,
    "aquaculture_cost_bucket": "",
    "tenant_reporting_category": null,
    "fuel_station_expense_rollup": ""
  }
},
{
  "model": "api.journalentryline",
  "pk": 116,
  "fields": {
    "journal_entry": 53,
    "account": 58,
    "station": null,
    "debit": "151500.00",
    "credit": "0.00",
    "description": "Demo fuel sales (diesel) + COGS — seed_master_full_demo",
    "aquaculture_pond": null,
    "aquaculture_production_cycle": null,
    "aquaculture_cost_bucket": "",
    "tenant_reporting_category": null,
    "fuel_station_expense_rollup": ""
  }
},
{
  "model": "api.journalentryline",
  "pk": 117,
  "fields": {
    "journal_entry": 53,
    "account": 13,
    "station": null,
    "debit": "0.00",
    "credit": "151500.00",
    "description": "Demo fuel sales (diesel) + COGS — seed_master_full_demo",
    "aquaculture_pond": null,
    "aquaculture_production_cycle": null,
    "aquaculture_cost_bucket": "",
    "tenant_reporting_category": null,
    "fuel_station_expense_rollup": ""
  }
},
{
  "model": "api.journalentryline",
  "pk": 118,
  "fields": {
    "journal_entry": 54,
    "account": 1,
    "station": null,
    "debit": "88000.00",
    "credit": "0.00",
    "description": "Demo C-store sales + COGS — seed_master_full_demo",
    "aquaculture_pond": null,
    "aquaculture_production_cycle": null,
    "aquaculture_cost_bucket": "",
    "tenant_reporting_category": null,
    "fuel_station_expense_rollup": ""
  }
},
{
  "model": "api.journalentryline",
  "pk": 119,
  "fields": {
    "journal_entry": 54,
    "account": 51,
    "station": null,
    "debit": "0.00",
    "credit": "88000.00",
    "description": "Demo C-store sales + COGS — seed_master_full_demo",
    "aquaculture_pond": null,
    "aquaculture_production_cycle": null,
    "aquaculture_cost_bucket": "",
    "tenant_reporting_category": null,
    "fuel_station_expense_rollup": ""
  }
},
{
  "model": "api.journalentryline",
  "pk": 120,
  "fields": {
    "journal_entry": 54,
    "account": 60,
    "station": null,
    "debit": "52000.00",
    "credit": "0.00",
    "description": "Demo C-store sales + COGS — seed_master_full_demo",
    "aquaculture_pond": null,
    "aquaculture_production_cycle": null,
    "aquaculture_cost_bucket": "",
    "tenant_reporting_category": null,
    "fuel_station_expense_rollup": ""
  }
},
{
  "model": "api.journalentryline",
  "pk": 121,
  "fields": {
    "journal_entry": 54,
    "account": 15,
    "station": null,
    "debit": "0.00",
    "credit": "52000.00",
    "description": "Demo C-store sales + COGS — seed_master_full_demo",
    "aquaculture_pond": null,
    "aquaculture_production_cycle": null,
    "aquaculture_cost_bucket": "",
    "tenant_reporting_category": null,
    "fuel_station_expense_rollup": ""
  }
},
{
  "model": "api.journalentryline",
  "pk": 122,
  "fields": {
    "journal_entry": 55,
    "account": 65,
    "station": null,
    "debit": "48000.00",
    "credit": "0.00",
    "description": "Demo operating expenses — seed_master_full_demo",
    "aquaculture_pond": null,
    "aquaculture_production_cycle": null,
    "aquaculture_cost_bucket": "",
    "tenant_reporting_category": null,
    "fuel_station_expense_rollup": ""
  }
},
{
  "model": "api.journalentryline",
  "pk": 123,
  "fields": {
    "journal_entry": 55,
    "account": 63,
    "station": null,
    "debit": "12500.00",
    "credit": "0.00",
    "description": "Demo operating expenses — seed_master_full_demo",
    "aquaculture_pond": null,
    "aquaculture_production_cycle": null,
    "aquaculture_cost_bucket": "",
    "tenant_reporting_category": null,
    "fuel_station_expense_rollup": ""
  }
},
{
  "model": "api.journalentryline",
  "pk": 124,
  "fields": {
    "journal_entry": 55,
    "account": 1,
    "station": null,
    "debit": "0.00",
    "credit": "60500.00",
    "description": "Demo operating expenses — seed_master_full_demo",
    "aquaculture_pond": null,
    "aquaculture_production_cycle": null,
    "aquaculture_cost_bucket": "",
    "tenant_reporting_category": null,
    "fuel_station_expense_rollup": ""
  }
},
{
  "model": "api.journalentryline",
  "pk": 125,
  "fields": {
    "journal_entry": 56,
    "account": 1,
    "station": null,
    "debit": "2800000.00",
    "credit": "0.00",
    "description": "Demo profit anchor (other revenue + COGS) — seed_master_full_demo",
    "aquaculture_pond": null,
    "aquaculture_production_cycle": null,
    "aquaculture_cost_bucket": "",
    "tenant_reporting_category": null,
    "fuel_station_expense_rollup": ""
  }
},
{
  "model": "api.journalentryline",
  "pk": 126,
  "fields": {
    "journal_entry": 56,
    "account": 54,
    "station": null,
    "debit": "0.00",
    "credit": "2800000.00",
    "description": "Demo profit anchor (other revenue + COGS) — seed_master_full_demo",
    "aquaculture_pond": null,
    "aquaculture_production_cycle": null,
    "aquaculture_cost_bucket": "",
    "tenant_reporting_category": null,
    "fuel_station_expense_rollup": ""
  }
},
{
  "model": "api.journalentryline",
  "pk": 127,
  "fields": {
    "journal_entry": 56,
    "account": 58,
    "station": null,
    "debit": "950000.00",
    "credit": "0.00",
    "description": "Demo profit anchor (other revenue + COGS) — seed_master_full_demo",
    "aquaculture_pond": null,
    "aquaculture_production_cycle": null,
    "aquaculture_cost_bucket": "",
    "tenant_reporting_category": null,
    "fuel_station_expense_rollup": ""
  }
},
{
  "model": "api.journalentryline",
  "pk": 128,
  "fields": {
    "journal_entry": 56,
    "account": 13,
    "station": null,
    "debit": "0.00",
    "credit": "950000.00",
    "description": "Demo profit anchor (other revenue + COGS) — seed_master_full_demo",
    "aquaculture_pond": null,
    "aquaculture_production_cycle": null,
    "aquaculture_cost_bucket": "",
    "tenant_reporting_category": null,
    "fuel_station_expense_rollup": ""
  }
},
{
  "model": "api.journalentryline",
  "pk": 129,
  "fields": {
    "journal_entry": 57,
    "account": 1,
    "station": 1,
    "debit": "11400.00",
    "credit": "0.00",
    "description": "COMP-DEMO-INV-FUEL-001 — Metro Transport Ltd",
    "aquaculture_pond": null,
    "aquaculture_production_cycle": null,
    "aquaculture_cost_bucket": "",
    "tenant_reporting_category": null,
    "fuel_station_expense_rollup": ""
  }
},
{
  "model": "api.journalentryline",
  "pk": 130,
  "fields": {
    "journal_entry": 57,
    "account": 46,
    "station": 1,
    "debit": "0.00",
    "credit": "11400.00",
    "description": "COMP-DEMO-INV-FUEL-001 — Metro Transport Ltd",
    "aquaculture_pond": null,
    "aquaculture_production_cycle": null,
    "aquaculture_cost_bucket": "",
    "tenant_reporting_category": null,
    "fuel_station_expense_rollup": ""
  }
},
{
  "model": "api.journalentryline",
  "pk": 131,
  "fields": {
    "journal_entry": 58,
    "account": 1,
    "station": 5,
    "debit": "11040.00",
    "credit": "0.00",
    "description": "COMP-DEMO-INV-SHOP-001 — Walk-in Retail",
    "aquaculture_pond": null,
    "aquaculture_production_cycle": null,
    "aquaculture_cost_bucket": "",
    "tenant_reporting_category": null,
    "fuel_station_expense_rollup": ""
  }
},
{
  "model": "api.journalentryline",
  "pk": 132,
  "fields": {
    "journal_entry": 58,
    "account": 51,
    "station": 5,
    "debit": "0.00",
    "credit": "9600.00",
    "description": "COMP-DEMO-INV-SHOP-001 — Walk-in Retail",
    "aquaculture_pond": null,
    "aquaculture_production_cycle": null,
    "aquaculture_cost_bucket": "",
    "tenant_reporting_category": null,
    "fuel_station_expense_rollup": ""
  }
},
{
  "model": "api.journalentryline",
  "pk": 133,
  "fields": {
    "journal_entry": 58,
    "account": 32,
    "station": 5,
    "debit": "0.00",
    "credit": "1440.00",
    "description": "VAT COMP-DEMO-INV-SHOP-001 — Walk-in Retail",
    "aquaculture_pond": null,
    "aquaculture_production_cycle": null,
    "aquaculture_cost_bucket": "",
    "tenant_reporting_category": null,
    "fuel_station_expense_rollup": ""
  }
},
{
  "model": "api.journalentryline",
  "pk": 136,
  "fields": {
    "journal_entry": 60,
    "account": 15,
    "station": 5,
    "debit": "142500.00",
    "credit": "0.00",
    "description": "COMP-DEMO-BILL-FEED-001 — Grower feed 25kg sacks",
    "aquaculture_pond": null,
    "aquaculture_production_cycle": null,
    "aquaculture_cost_bucket": "",
    "tenant_reporting_category": null,
    "fuel_station_expense_rollup": ""
  }
},
{
  "model": "api.journalentryline",
  "pk": 137,
  "fields": {
    "journal_entry": 60,
    "account": 28,
    "station": 5,
    "debit": "0.00",
    "credit": "142500.00",
    "description": "COMP-DEMO-BILL-FEED-001",
    "aquaculture_pond": null,
    "aquaculture_production_cycle": null,
    "aquaculture_cost_bucket": "",
    "tenant_reporting_category": null,
    "fuel_station_expense_rollup": ""
  }
},
{
  "model": "api.journalentryline",
  "pk": 138,
  "fields": {
    "journal_entry": 61,
    "account": 15,
    "station": 5,
    "debit": "18500.00",
    "credit": "0.00",
    "description": "COMP-DEMO-BILL-MED-001 — Oxytetracycline (OTC / Terramycin)",
    "aquaculture_pond": null,
    "aquaculture_production_cycle": null,
    "aquaculture_cost_bucket": "",
    "tenant_reporting_category": null,
    "fuel_station_expense_rollup": ""
  }
},
{
  "model": "api.journalentryline",
  "pk": 139,
  "fields": {
    "journal_entry": 61,
    "account": 28,
    "station": 5,
    "debit": "0.00",
    "credit": "18500.00",
    "description": "COMP-DEMO-BILL-MED-001",
    "aquaculture_pond": null,
    "aquaculture_production_cycle": null,
    "aquaculture_cost_bucket": "",
    "tenant_reporting_category": null,
    "fuel_station_expense_rollup": ""
  }
},
{
  "model": "api.journalentryline",
  "pk": 140,
  "fields": {
    "journal_entry": 62,
    "account": 6,
    "station": 1,
    "debit": "22800.00",
    "credit": "0.00",
    "description": "COMP-DEMO-INV-AR-001 — Green Line Paribahan",
    "aquaculture_pond": null,
    "aquaculture_production_cycle": null,
    "aquaculture_cost_bucket": "",
    "tenant_reporting_category": null,
    "fuel_station_expense_rollup": ""
  }
},
{
  "model": "api.journalentryline",
  "pk": 141,
  "fields": {
    "journal_entry": 62,
    "account": 46,
    "station": 1,
    "debit": "0.00",
    "credit": "22800.00",
    "description": "COMP-DEMO-INV-AR-001 — Green Line Paribahan",
    "aquaculture_pond": null,
    "aquaculture_production_cycle": null,
    "aquaculture_cost_bucket": "",
    "tenant_reporting_category": null,
    "fuel_station_expense_rollup": ""
  }
},
{
  "model": "api.journalentryline",
  "pk": 142,
  "fields": {
    "journal_entry": 63,
    "account": 2,
    "station": 1,
    "debit": "15000.00",
    "credit": "0.00",
    "description": "COMP-DEMO-RCV-001",
    "aquaculture_pond": null,
    "aquaculture_production_cycle": null,
    "aquaculture_cost_bucket": "",
    "tenant_reporting_category": null,
    "fuel_station_expense_rollup": ""
  }
},
{
  "model": "api.journalentryline",
  "pk": 143,
  "fields": {
    "journal_entry": 63,
    "account": 6,
    "station": 1,
    "debit": "0.00",
    "credit": "15000.00",
    "description": "COMP-DEMO-RCV-001",
    "aquaculture_pond": null,
    "aquaculture_production_cycle": null,
    "aquaculture_cost_bucket": "",
    "tenant_reporting_category": null,
    "fuel_station_expense_rollup": ""
  }
},
{
  "model": "api.journalentryline",
  "pk": 144,
  "fields": {
    "journal_entry": 64,
    "account": 2,
    "station": 1,
    "debit": "8500.00",
    "credit": "0.00",
    "description": "COMP-DEMO-RCV-DEP",
    "aquaculture_pond": null,
    "aquaculture_production_cycle": null,
    "aquaculture_cost_bucket": "",
    "tenant_reporting_category": null,
    "fuel_station_expense_rollup": ""
  }
},
{
  "model": "api.journalentryline",
  "pk": 145,
  "fields": {
    "journal_entry": 64,
    "account": 6,
    "station": 1,
    "debit": "0.00",
    "credit": "8500.00",
    "description": "COMP-DEMO-RCV-DEP",
    "aquaculture_pond": null,
    "aquaculture_production_cycle": null,
    "aquaculture_cost_bucket": "",
    "tenant_reporting_category": null,
    "fuel_station_expense_rollup": ""
  }
},
{
  "model": "api.journalentryline",
  "pk": 146,
  "fields": {
    "journal_entry": 65,
    "account": 1,
    "station": null,
    "debit": "8500.00",
    "credit": "0.00",
    "description": "[COMP-DEMO] COMP-DEMO-DEP-001 — till to operating bank",
    "aquaculture_pond": null,
    "aquaculture_production_cycle": null,
    "aquaculture_cost_bucket": "",
    "tenant_reporting_category": null,
    "fuel_station_expense_rollup": ""
  }
},
{
  "model": "api.journalentryline",
  "pk": 147,
  "fields": {
    "journal_entry": 65,
    "account": 2,
    "station": null,
    "debit": "0.00",
    "credit": "8500.00",
    "description": "[COMP-DEMO] COMP-DEMO-DEP-001 — till to operating bank",
    "aquaculture_pond": null,
    "aquaculture_production_cycle": null,
    "aquaculture_cost_bucket": "",
    "tenant_reporting_category": null,
    "fuel_station_expense_rollup": ""
  }
},
{
  "model": "api.journalentryline",
  "pk": 148,
  "fields": {
    "journal_entry": 66,
    "account": 28,
    "station": 1,
    "debit": "10000.00",
    "credit": "0.00",
    "description": "COMP-DEMO-MADE-001",
    "aquaculture_pond": null,
    "aquaculture_production_cycle": null,
    "aquaculture_cost_bucket": "",
    "tenant_reporting_category": null,
    "fuel_station_expense_rollup": ""
  }
},
{
  "model": "api.journalentryline",
  "pk": 149,
  "fields": {
    "journal_entry": 66,
    "account": 1,
    "station": 1,
    "debit": "0.00",
    "credit": "10000.00",
    "description": "COMP-DEMO-MADE-001",
    "aquaculture_pond": null,
    "aquaculture_production_cycle": null,
    "aquaculture_cost_bucket": "",
    "tenant_reporting_category": null,
    "fuel_station_expense_rollup": ""
  }
},
{
  "model": "api.journalentryline",
  "pk": 150,
  "fields": {
    "journal_entry": 67,
    "account": 15,
    "station": 5,
    "debit": "7440.00",
    "credit": "0.00",
    "description": "Inter-station transfer — in @ Premium Agro (TR-1)",
    "aquaculture_pond": null,
    "aquaculture_production_cycle": null,
    "aquaculture_cost_bucket": "",
    "tenant_reporting_category": null,
    "fuel_station_expense_rollup": ""
  }
},
{
  "model": "api.journalentryline",
  "pk": 151,
  "fields": {
    "journal_entry": 67,
    "account": 15,
    "station": 1,
    "debit": "0.00",
    "credit": "7440.00",
    "description": "Inter-station transfer — out @ Main Station (TR-1)",
    "aquaculture_pond": null,
    "aquaculture_production_cycle": null,
    "aquaculture_cost_bucket": "",
    "tenant_reporting_category": null,
    "fuel_station_expense_rollup": ""
  }
},
{
  "model": "api.journalentryline",
  "pk": 152,
  "fields": {
    "journal_entry": 68,
    "account": 3,
    "station": 1,
    "debit": "1500000.00",
    "credit": "0.00",
    "description": "Payment/settlement 1030 — Bank — Operating Account · COMP-DEMO-DISP-001",
    "aquaculture_pond": null,
    "aquaculture_production_cycle": null,
    "aquaculture_cost_bucket": "",
    "tenant_reporting_category": null,
    "fuel_station_expense_rollup": ""
  }
},
{
  "model": "api.journalentryline",
  "pk": 153,
  "fields": {
    "journal_entry": 68,
    "account": 40,
    "station": 1,
    "debit": "0.00",
    "credit": "1500000.00",
    "description": "Principal · COMP-DEMO-DISP-001",
    "aquaculture_pond": null,
    "aquaculture_production_cycle": null,
    "aquaculture_cost_bucket": "",
    "tenant_reporting_category": null,
    "fuel_station_expense_rollup": ""
  }
},
{
  "model": "api.journalentryline",
  "pk": 154,
  "fields": {
    "journal_entry": 69,
    "account": 40,
    "station": 1,
    "debit": "200000.00",
    "credit": "0.00",
    "description": "Principal · COMP-DEMO-REP-001",
    "aquaculture_pond": null,
    "aquaculture_production_cycle": null,
    "aquaculture_cost_bucket": "",
    "tenant_reporting_category": null,
    "fuel_station_expense_rollup": ""
  }
},
{
  "model": "api.journalentryline",
  "pk": 155,
  "fields": {
    "journal_entry": 69,
    "account": 76,
    "station": 1,
    "debit": "18750.00",
    "credit": "0.00",
    "description": "Interest · COMP-DEMO-REP-001",
    "aquaculture_pond": null,
    "aquaculture_production_cycle": null,
    "aquaculture_cost_bucket": "",
    "tenant_reporting_category": null,
    "fuel_station_expense_rollup": ""
  }
},
{
  "model": "api.journalentryline",
  "pk": 156,
  "fields": {
    "journal_entry": 69,
    "account": 3,
    "station": 1,
    "debit": "0.00",
    "credit": "218750.00",
    "description": "Payment/settlement 1030 — Bank — Operating Account · COMP-DEMO-REP-001",
    "aquaculture_pond": null,
    "aquaculture_production_cycle": null,
    "aquaculture_cost_bucket": "",
    "tenant_reporting_category": null,
    "fuel_station_expense_rollup": ""
  }
},
{
  "model": "api.journalentryline",
  "pk": 157,
  "fields": {
    "journal_entry": 70,
    "account": 3,
    "station": null,
    "debit": "75000.00",
    "credit": "0.00",
    "description": "[COMP-DEMO] COMP-DEMO-FT — Operating to till float",
    "aquaculture_pond": null,
    "aquaculture_production_cycle": null,
    "aquaculture_cost_bucket": "",
    "tenant_reporting_category": null,
    "fuel_station_expense_rollup": ""
  }
},
{
  "model": "api.journalentryline",
  "pk": 158,
  "fields": {
    "journal_entry": 70,
    "account": 1,
    "station": null,
    "debit": "0.00",
    "credit": "75000.00",
    "description": "[COMP-DEMO] COMP-DEMO-FT — Operating to till float",
    "aquaculture_pond": null,
    "aquaculture_production_cycle": null,
    "aquaculture_cost_bucket": "",
    "tenant_reporting_category": null,
    "fuel_station_expense_rollup": ""
  }
},
{
  "model": "api.journalentryline",
  "pk": 159,
  "fields": {
    "journal_entry": 71,
    "account": 95,
    "station": 1,
    "debit": "70308.00",
    "credit": "0.00",
    "description": "Pond labor — Digonta — COMP-DEMO-PAY-001",
    "aquaculture_pond": 2,
    "aquaculture_production_cycle": null,
    "aquaculture_cost_bucket": "worker_salary",
    "tenant_reporting_category": null,
    "fuel_station_expense_rollup": ""
  }
},
{
  "model": "api.journalentryline",
  "pk": 160,
  "fields": {
    "journal_entry": 71,
    "account": 95,
    "station": 1,
    "debit": "61519.50",
    "credit": "0.00",
    "description": "Pond labor — Mynuddin — COMP-DEMO-PAY-001",
    "aquaculture_pond": 3,
    "aquaculture_production_cycle": null,
    "aquaculture_cost_bucket": "worker_salary",
    "tenant_reporting_category": null,
    "fuel_station_expense_rollup": ""
  }
},
{
  "model": "api.journalentryline",
  "pk": 161,
  "fields": {
    "journal_entry": 71,
    "account": 95,
    "station": 1,
    "debit": "43942.50",
    "credit": "0.00",
    "description": "Pond labor — Ashari-1 — COMP-DEMO-PAY-001",
    "aquaculture_pond": 4,
    "aquaculture_production_cycle": null,
    "aquaculture_cost_bucket": "worker_salary",
    "tenant_reporting_category": null,
    "fuel_station_expense_rollup": ""
  }
},
{
  "model": "api.journalentryline",
  "pk": 162,
  "fields": {
    "journal_entry": 71,
    "account": 69,
    "station": 1,
    "debit": "13230.00",
    "credit": "0.00",
    "description": "Site / company payroll — COMP-DEMO-PAY-001",
    "aquaculture_pond": null,
    "aquaculture_production_cycle": null,
    "aquaculture_cost_bucket": "",
    "tenant_reporting_category": null,
    "fuel_station_expense_rollup": ""
  }
},
{
  "model": "api.journalentryline",
  "pk": 163,
  "fields": {
    "journal_entry": 71,
    "account": 37,
    "station": 1,
    "debit": "0.00",
    "credit": "13230.00",
    "description": "Deductions / withholdings — COMP-DEMO-PAY-001",
    "aquaculture_pond": null,
    "aquaculture_production_cycle": null,
    "aquaculture_cost_bucket": "",
    "tenant_reporting_category": null,
    "fuel_station_expense_rollup": ""
  }
},
{
  "model": "api.journalentryline",
  "pk": 164,
  "fields": {
    "journal_entry": 71,
    "account": 1,
    "station": 1,
    "debit": "0.00",
    "credit": "175770.00",
    "description": "Net pay — COMP-DEMO-PAY-001",
    "aquaculture_pond": null,
    "aquaculture_production_cycle": null,
    "aquaculture_cost_bucket": "",
    "tenant_reporting_category": null,
    "fuel_station_expense_rollup": ""
  }
},
{
  "model": "api.journalentryline",
  "pk": 165,
  "fields": {
    "journal_entry": 72,
    "account": 60,
    "station": null,
    "debit": "90.00",
    "credit": "0.00",
    "description": "Aquaculture pond medicine consumption (expense 193)",
    "aquaculture_pond": 4,
    "aquaculture_production_cycle": 45,
    "aquaculture_cost_bucket": "medicine",
    "tenant_reporting_category": null,
    "fuel_station_expense_rollup": ""
  }
},
{
  "model": "api.journalentryline",
  "pk": 166,
  "fields": {
    "journal_entry": 72,
    "account": 15,
    "station": null,
    "debit": "0.00",
    "credit": "90.00",
    "description": "Aquaculture pond medicine consumption (expense 193)",
    "aquaculture_pond": 4,
    "aquaculture_production_cycle": 45,
    "aquaculture_cost_bucket": "medicine",
    "tenant_reporting_category": null,
    "fuel_station_expense_rollup": ""
  }
},
{
  "model": "api.journalentryline",
  "pk": 167,
  "fields": {
    "journal_entry": 73,
    "account": 60,
    "station": null,
    "debit": "6300.00",
    "credit": "0.00",
    "description": "Aquaculture pond feed consumption (expense 194)",
    "aquaculture_pond": 4,
    "aquaculture_production_cycle": 45,
    "aquaculture_cost_bucket": "feed",
    "tenant_reporting_category": null,
    "fuel_station_expense_rollup": ""
  }
},
{
  "model": "api.journalentryline",
  "pk": 168,
  "fields": {
    "journal_entry": 73,
    "account": 15,
    "station": null,
    "debit": "0.00",
    "credit": "6300.00",
    "description": "Aquaculture pond feed consumption (expense 194)",
    "aquaculture_pond": 4,
    "aquaculture_production_cycle": 45,
    "aquaculture_cost_bucket": "feed",
    "tenant_reporting_category": null,
    "fuel_station_expense_rollup": ""
  }
},
{
  "model": "api.journalentryline",
  "pk": 169,
  "fields": {
    "journal_entry": 74,
    "account": 13,
    "station": 4,
    "debit": "549000.00",
    "credit": "0.00",
    "description": "BILL-17 — Octane",
    "aquaculture_pond": null,
    "aquaculture_production_cycle": null,
    "aquaculture_cost_bucket": "",
    "tenant_reporting_category": null,
    "fuel_station_expense_rollup": "cost_of_sales"
  }
},
{
  "model": "api.journalentryline",
  "pk": 170,
  "fields": {
    "journal_entry": 74,
    "account": 13,
    "station": 4,
    "debit": "864000.00",
    "credit": "0.00",
    "description": "BILL-17 — Diesel",
    "aquaculture_pond": null,
    "aquaculture_production_cycle": null,
    "aquaculture_cost_bucket": "",
    "tenant_reporting_category": null,
    "fuel_station_expense_rollup": ""
  }
},
{
  "model": "api.journalentryline",
  "pk": 171,
  "fields": {
    "journal_entry": 74,
    "account": 28,
    "station": 4,
    "debit": "0.00",
    "credit": "1413000.00",
    "description": "BILL-17",
    "aquaculture_pond": null,
    "aquaculture_production_cycle": null,
    "aquaculture_cost_bucket": "",
    "tenant_reporting_category": null,
    "fuel_station_expense_rollup": ""
  }
},
{
  "model": "api.journalentryline",
  "pk": 180,
  "fields": {
    "journal_entry": 79,
    "account": 60,
    "station": 4,
    "debit": "44000.00",
    "credit": "0.00",
    "description": "COGS INV-POS-4 — Walk-in",
    "aquaculture_pond": null,
    "aquaculture_production_cycle": null,
    "aquaculture_cost_bucket": "",
    "tenant_reporting_category": null,
    "fuel_station_expense_rollup": ""
  }
},
{
  "model": "api.journalentryline",
  "pk": 181,
  "fields": {
    "journal_entry": 79,
    "account": 15,
    "station": 4,
    "debit": "0.00",
    "credit": "44000.00",
    "description": "COGS INV-POS-4 — Walk-in",
    "aquaculture_pond": null,
    "aquaculture_production_cycle": null,
    "aquaculture_cost_bucket": "",
    "tenant_reporting_category": null,
    "fuel_station_expense_rollup": ""
  }
},
{
  "model": "api.journalentryline",
  "pk": 182,
  "fields": {
    "journal_entry": 80,
    "account": 60,
    "station": 4,
    "debit": "11000.00",
    "credit": "0.00",
    "description": "COGS INV-POS-5 — Walk-in",
    "aquaculture_pond": null,
    "aquaculture_production_cycle": null,
    "aquaculture_cost_bucket": "",
    "tenant_reporting_category": null,
    "fuel_station_expense_rollup": ""
  }
},
{
  "model": "api.journalentryline",
  "pk": 183,
  "fields": {
    "journal_entry": 80,
    "account": 15,
    "station": 4,
    "debit": "0.00",
    "credit": "11000.00",
    "description": "COGS INV-POS-5 — Walk-in",
    "aquaculture_pond": null,
    "aquaculture_production_cycle": null,
    "aquaculture_cost_bucket": "",
    "tenant_reporting_category": null,
    "fuel_station_expense_rollup": ""
  }
},
{
  "model": "api.journalentryline",
  "pk": 184,
  "fields": {
    "journal_entry": 81,
    "account": 60,
    "station": 4,
    "debit": "500.00",
    "credit": "0.00",
    "description": "COGS INV-POS-8 — Aquaculture — Mynuddin",
    "aquaculture_pond": 3,
    "aquaculture_production_cycle": 58,
    "aquaculture_cost_bucket": "medicine",
    "tenant_reporting_category": null,
    "fuel_station_expense_rollup": ""
  }
},
{
  "model": "api.journalentryline",
  "pk": 185,
  "fields": {
    "journal_entry": 81,
    "account": 15,
    "station": 4,
    "debit": "0.00",
    "credit": "500.00",
    "description": "COGS INV-POS-8 — Aquaculture — Mynuddin",
    "aquaculture_pond": 3,
    "aquaculture_production_cycle": 58,
    "aquaculture_cost_bucket": "medicine",
    "tenant_reporting_category": null,
    "fuel_station_expense_rollup": ""
  }
},
{
  "model": "api.journalentryline",
  "pk": 186,
  "fields": {
    "journal_entry": 82,
    "account": 58,
    "station": 1,
    "debit": "11520.00",
    "credit": "0.00",
    "description": "COGS INV-POS-11 — Walk-in",
    "aquaculture_pond": null,
    "aquaculture_production_cycle": null,
    "aquaculture_cost_bucket": "",
    "tenant_reporting_category": null,
    "fuel_station_expense_rollup": ""
  }
},
{
  "model": "api.journalentryline",
  "pk": 187,
  "fields": {
    "journal_entry": 82,
    "account": 13,
    "station": 1,
    "debit": "0.00",
    "credit": "11520.00",
    "description": "COGS INV-POS-11 — Walk-in",
    "aquaculture_pond": null,
    "aquaculture_production_cycle": null,
    "aquaculture_cost_bucket": "",
    "tenant_reporting_category": null,
    "fuel_station_expense_rollup": ""
  }
},
{
  "model": "api.journalentryline",
  "pk": 188,
  "fields": {
    "journal_entry": 83,
    "account": 58,
    "station": 1,
    "debit": "10560.00",
    "credit": "0.00",
    "description": "COGS INV-POS-13 — Nobin Agro",
    "aquaculture_pond": null,
    "aquaculture_production_cycle": null,
    "aquaculture_cost_bucket": "",
    "tenant_reporting_category": null,
    "fuel_station_expense_rollup": ""
  }
},
{
  "model": "api.journalentryline",
  "pk": 189,
  "fields": {
    "journal_entry": 83,
    "account": 13,
    "station": 1,
    "debit": "0.00",
    "credit": "10560.00",
    "description": "COGS INV-POS-13 — Nobin Agro",
    "aquaculture_pond": null,
    "aquaculture_production_cycle": null,
    "aquaculture_cost_bucket": "",
    "tenant_reporting_category": null,
    "fuel_station_expense_rollup": ""
  }
},
{
  "model": "api.journalentryline",
  "pk": 190,
  "fields": {
    "journal_entry": 84,
    "account": 58,
    "station": 1,
    "debit": "9600.00",
    "credit": "0.00",
    "description": "COGS COMP-DEMO-INV-FUEL-001 — Metro Transport Ltd",
    "aquaculture_pond": null,
    "aquaculture_production_cycle": null,
    "aquaculture_cost_bucket": "",
    "tenant_reporting_category": null,
    "fuel_station_expense_rollup": ""
  }
},
{
  "model": "api.journalentryline",
  "pk": 191,
  "fields": {
    "journal_entry": 84,
    "account": 13,
    "station": 1,
    "debit": "0.00",
    "credit": "9600.00",
    "description": "COGS COMP-DEMO-INV-FUEL-001 — Metro Transport Ltd",
    "aquaculture_pond": null,
    "aquaculture_production_cycle": null,
    "aquaculture_cost_bucket": "",
    "tenant_reporting_category": null,
    "fuel_station_expense_rollup": ""
  }
},
{
  "model": "api.journalentryline",
  "pk": 192,
  "fields": {
    "journal_entry": 85,
    "account": 60,
    "station": 5,
    "debit": "7280.00",
    "credit": "0.00",
    "description": "COGS COMP-DEMO-INV-SHOP-001 — Walk-in Retail",
    "aquaculture_pond": null,
    "aquaculture_production_cycle": null,
    "aquaculture_cost_bucket": "",
    "tenant_reporting_category": null,
    "fuel_station_expense_rollup": ""
  }
},
{
  "model": "api.journalentryline",
  "pk": 193,
  "fields": {
    "journal_entry": 85,
    "account": 15,
    "station": 5,
    "debit": "0.00",
    "credit": "7280.00",
    "description": "COGS COMP-DEMO-INV-SHOP-001 — Walk-in Retail",
    "aquaculture_pond": null,
    "aquaculture_production_cycle": null,
    "aquaculture_cost_bucket": "",
    "tenant_reporting_category": null,
    "fuel_station_expense_rollup": ""
  }
},
{
  "model": "api.journalentryline",
  "pk": 194,
  "fields": {
    "journal_entry": 86,
    "account": 58,
    "station": 1,
    "debit": "19200.00",
    "credit": "0.00",
    "description": "COGS COMP-DEMO-INV-AR-001 — Green Line Paribahan",
    "aquaculture_pond": null,
    "aquaculture_production_cycle": null,
    "aquaculture_cost_bucket": "",
    "tenant_reporting_category": null,
    "fuel_station_expense_rollup": ""
  }
},
{
  "model": "api.journalentryline",
  "pk": 195,
  "fields": {
    "journal_entry": 86,
    "account": 13,
    "station": 1,
    "debit": "0.00",
    "credit": "19200.00",
    "description": "COGS COMP-DEMO-INV-AR-001 — Green Line Paribahan",
    "aquaculture_pond": null,
    "aquaculture_production_cycle": null,
    "aquaculture_cost_bucket": "",
    "tenant_reporting_category": null,
    "fuel_station_expense_rollup": ""
  }
},
{
  "model": "api.journalentryline",
  "pk": 196,
  "fields": {
    "journal_entry": 87,
    "account": 15,
    "station": null,
    "debit": "3000.00",
    "credit": "0.00",
    "description": "Opening stock — Soft Drink (Can)",
    "aquaculture_pond": null,
    "aquaculture_production_cycle": null,
    "aquaculture_cost_bucket": "",
    "tenant_reporting_category": null,
    "fuel_station_expense_rollup": ""
  }
},
{
  "model": "api.journalentryline",
  "pk": 197,
  "fields": {
    "journal_entry": 87,
    "account": 44,
    "station": null,
    "debit": "0.00",
    "credit": "3000.00",
    "description": "Opening stock — Soft Drink (Can)",
    "aquaculture_pond": null,
    "aquaculture_production_cycle": null,
    "aquaculture_cost_bucket": "",
    "tenant_reporting_category": null,
    "fuel_station_expense_rollup": ""
  }
},
{
  "model": "api.journalentryline",
  "pk": 198,
  "fields": {
    "journal_entry": 88,
    "account": 15,
    "station": null,
    "debit": "8500.00",
    "credit": "0.00",
    "description": "Opening stock — Energy Drink",
    "aquaculture_pond": null,
    "aquaculture_production_cycle": null,
    "aquaculture_cost_bucket": "",
    "tenant_reporting_category": null,
    "fuel_station_expense_rollup": ""
  }
},
{
  "model": "api.journalentryline",
  "pk": 199,
  "fields": {
    "journal_entry": 88,
    "account": 44,
    "station": null,
    "debit": "0.00",
    "credit": "8500.00",
    "description": "Opening stock — Energy Drink",
    "aquaculture_pond": null,
    "aquaculture_production_cycle": null,
    "aquaculture_cost_bucket": "",
    "tenant_reporting_category": null,
    "fuel_station_expense_rollup": ""
  }
},
{
  "model": "api.journalentryline",
  "pk": 200,
  "fields": {
    "journal_entry": 89,
    "account": 15,
    "station": null,
    "debit": "2200.00",
    "credit": "0.00",
    "description": "Opening stock — Snacks Pack",
    "aquaculture_pond": null,
    "aquaculture_production_cycle": null,
    "aquaculture_cost_bucket": "",
    "tenant_reporting_category": null,
    "fuel_station_expense_rollup": ""
  }
},
{
  "model": "api.journalentryline",
  "pk": 201,
  "fields": {
    "journal_entry": 89,
    "account": 44,
    "station": null,
    "debit": "0.00",
    "credit": "2200.00",
    "description": "Opening stock — Snacks Pack",
    "aquaculture_pond": null,
    "aquaculture_production_cycle": null,
    "aquaculture_cost_bucket": "",
    "tenant_reporting_category": null,
    "fuel_station_expense_rollup": ""
  }
},
{
  "model": "api.journalentryline",
  "pk": 202,
  "fields": {
    "journal_entry": 90,
    "account": 15,
    "station": null,
    "debit": "62000.00",
    "credit": "0.00",
    "description": "Opening stock — Engine Oil (1L)",
    "aquaculture_pond": null,
    "aquaculture_production_cycle": null,
    "aquaculture_cost_bucket": "",
    "tenant_reporting_category": null,
    "fuel_station_expense_rollup": ""
  }
},
{
  "model": "api.journalentryline",
  "pk": 203,
  "fields": {
    "journal_entry": 90,
    "account": 44,
    "station": null,
    "debit": "0.00",
    "credit": "62000.00",
    "description": "Opening stock — Engine Oil (1L)",
    "aquaculture_pond": null,
    "aquaculture_production_cycle": null,
    "aquaculture_cost_bucket": "",
    "tenant_reporting_category": null,
    "fuel_station_expense_rollup": ""
  }
},
{
  "model": "api.journalentryline",
  "pk": 204,
  "fields": {
    "journal_entry": 91,
    "account": 15,
    "station": null,
    "debit": "21000.00",
    "credit": "0.00",
    "description": "Opening stock — Brake Fluid",
    "aquaculture_pond": null,
    "aquaculture_production_cycle": null,
    "aquaculture_cost_bucket": "",
    "tenant_reporting_category": null,
    "fuel_station_expense_rollup": ""
  }
},
{
  "model": "api.journalentryline",
  "pk": 205,
  "fields": {
    "journal_entry": 91,
    "account": 44,
    "station": null,
    "debit": "0.00",
    "credit": "21000.00",
    "description": "Opening stock — Brake Fluid",
    "aquaculture_pond": null,
    "aquaculture_production_cycle": null,
    "aquaculture_cost_bucket": "",
    "tenant_reporting_category": null,
    "fuel_station_expense_rollup": ""
  }
},
{
  "model": "api.journalentryline",
  "pk": 206,
  "fields": {
    "journal_entry": 92,
    "account": 15,
    "station": null,
    "debit": "18000.00",
    "credit": "0.00",
    "description": "Opening stock — Coolant (1L)",
    "aquaculture_pond": null,
    "aquaculture_production_cycle": null,
    "aquaculture_cost_bucket": "",
    "tenant_reporting_category": null,
    "fuel_station_expense_rollup": ""
  }
},
{
  "model": "api.journalentryline",
  "pk": 207,
  "fields": {
    "journal_entry": 92,
    "account": 44,
    "station": null,
    "debit": "0.00",
    "credit": "18000.00",
    "description": "Opening stock — Coolant (1L)",
    "aquaculture_pond": null,
    "aquaculture_production_cycle": null,
    "aquaculture_cost_bucket": "",
    "tenant_reporting_category": null,
    "fuel_station_expense_rollup": ""
  }
},
{
  "model": "api.journalentryline",
  "pk": 208,
  "fields": {
    "journal_entry": 93,
    "account": 15,
    "station": null,
    "debit": "9000.00",
    "credit": "0.00",
    "description": "Opening stock — Car Air Freshener",
    "aquaculture_pond": null,
    "aquaculture_production_cycle": null,
    "aquaculture_cost_bucket": "",
    "tenant_reporting_category": null,
    "fuel_station_expense_rollup": ""
  }
},
{
  "model": "api.journalentryline",
  "pk": 209,
  "fields": {
    "journal_entry": 93,
    "account": 44,
    "station": null,
    "debit": "0.00",
    "credit": "9000.00",
    "description": "Opening stock — Car Air Freshener",
    "aquaculture_pond": null,
    "aquaculture_production_cycle": null,
    "aquaculture_cost_bucket": "",
    "tenant_reporting_category": null,
    "fuel_station_expense_rollup": ""
  }
},
{
  "model": "api.journalentryline",
  "pk": 210,
  "fields": {
    "journal_entry": 94,
    "account": 15,
    "station": null,
    "debit": "4500.00",
    "credit": "0.00",
    "description": "Opening stock — Microfiber Cloth",
    "aquaculture_pond": null,
    "aquaculture_production_cycle": null,
    "aquaculture_cost_bucket": "",
    "tenant_reporting_category": null,
    "fuel_station_expense_rollup": ""
  }
},
{
  "model": "api.journalentryline",
  "pk": 211,
  "fields": {
    "journal_entry": 94,
    "account": 44,
    "station": null,
    "debit": "0.00",
    "credit": "4500.00",
    "description": "Opening stock — Microfiber Cloth",
    "aquaculture_pond": null,
    "aquaculture_production_cycle": null,
    "aquaculture_cost_bucket": "",
    "tenant_reporting_category": null,
    "fuel_station_expense_rollup": ""
  }
},
{
  "model": "api.journalentryline",
  "pk": 212,
  "fields": {
    "journal_entry": 95,
    "account": 13,
    "station": null,
    "debit": "1321920.00",
    "credit": "0.00",
    "description": "Opening stock — Diesel",
    "aquaculture_pond": null,
    "aquaculture_production_cycle": null,
    "aquaculture_cost_bucket": "",
    "tenant_reporting_category": null,
    "fuel_station_expense_rollup": ""
  }
},
{
  "model": "api.journalentryline",
  "pk": 213,
  "fields": {
    "journal_entry": 95,
    "account": 44,
    "station": null,
    "debit": "0.00",
    "credit": "1321920.00",
    "description": "Opening stock — Diesel",
    "aquaculture_pond": null,
    "aquaculture_production_cycle": null,
    "aquaculture_cost_bucket": "",
    "tenant_reporting_category": null,
    "fuel_station_expense_rollup": ""
  }
},
{
  "model": "api.journalentryline",
  "pk": 214,
  "fields": {
    "journal_entry": 96,
    "account": 13,
    "station": null,
    "debit": "938000.00",
    "credit": "0.00",
    "description": "Opening stock — Octane",
    "aquaculture_pond": null,
    "aquaculture_production_cycle": null,
    "aquaculture_cost_bucket": "",
    "tenant_reporting_category": null,
    "fuel_station_expense_rollup": ""
  }
},
{
  "model": "api.journalentryline",
  "pk": 215,
  "fields": {
    "journal_entry": 96,
    "account": 44,
    "station": null,
    "debit": "0.00",
    "credit": "938000.00",
    "description": "Opening stock — Octane",
    "aquaculture_pond": null,
    "aquaculture_production_cycle": null,
    "aquaculture_cost_bucket": "",
    "tenant_reporting_category": null,
    "fuel_station_expense_rollup": ""
  }
},
{
  "model": "api.journalentryline",
  "pk": 216,
  "fields": {
    "journal_entry": 97,
    "account": 15,
    "station": null,
    "debit": "1360800.00",
    "credit": "0.00",
    "description": "Opening stock — AquaGrow Floating Pellet 3 mm (25 kg sack)",
    "aquaculture_pond": null,
    "aquaculture_production_cycle": null,
    "aquaculture_cost_bucket": "",
    "tenant_reporting_category": null,
    "fuel_station_expense_rollup": ""
  }
},
{
  "model": "api.journalentryline",
  "pk": 217,
  "fields": {
    "journal_entry": 97,
    "account": 44,
    "station": null,
    "debit": "0.00",
    "credit": "1360800.00",
    "description": "Opening stock — AquaGrow Floating Pellet 3 mm (25 kg sack)",
    "aquaculture_pond": null,
    "aquaculture_production_cycle": null,
    "aquaculture_cost_bucket": "",
    "tenant_reporting_category": null,
    "fuel_station_expense_rollup": ""
  }
},
{
  "model": "api.journalentryline",
  "pk": 218,
  "fields": {
    "journal_entry": 98,
    "account": 15,
    "station": null,
    "debit": "906400.00",
    "credit": "0.00",
    "description": "Opening stock — CP Tilapia Grower",
    "aquaculture_pond": null,
    "aquaculture_production_cycle": null,
    "aquaculture_cost_bucket": "",
    "tenant_reporting_category": null,
    "fuel_station_expense_rollup": ""
  }
},
{
  "model": "api.journalentryline",
  "pk": 219,
  "fields": {
    "journal_entry": 98,
    "account": 44,
    "station": null,
    "debit": "0.00",
    "credit": "906400.00",
    "description": "Opening stock — CP Tilapia Grower",
    "aquaculture_pond": null,
    "aquaculture_production_cycle": null,
    "aquaculture_cost_bucket": "",
    "tenant_reporting_category": null,
    "fuel_station_expense_rollup": ""
  }
},
{
  "model": "api.journalentryline",
  "pk": 220,
  "fields": {
    "journal_entry": 99,
    "account": 15,
    "station": null,
    "debit": "8750.00",
    "credit": "0.00",
    "description": "Opening stock — Agricultural Lime",
    "aquaculture_pond": null,
    "aquaculture_production_cycle": null,
    "aquaculture_cost_bucket": "",
    "tenant_reporting_category": null,
    "fuel_station_expense_rollup": ""
  }
},
{
  "model": "api.journalentryline",
  "pk": 221,
  "fields": {
    "journal_entry": 99,
    "account": 44,
    "station": null,
    "debit": "0.00",
    "credit": "8750.00",
    "description": "Opening stock — Agricultural Lime",
    "aquaculture_pond": null,
    "aquaculture_production_cycle": null,
    "aquaculture_cost_bucket": "",
    "tenant_reporting_category": null,
    "fuel_station_expense_rollup": ""
  }
},
{
  "model": "api.journalentryline",
  "pk": 222,
  "fields": {
    "journal_entry": 100,
    "account": 15,
    "station": null,
    "debit": "4500.00",
    "credit": "0.00",
    "description": "Opening stock — Probiotic",
    "aquaculture_pond": null,
    "aquaculture_production_cycle": null,
    "aquaculture_cost_bucket": "",
    "tenant_reporting_category": null,
    "fuel_station_expense_rollup": ""
  }
},
{
  "model": "api.journalentryline",
  "pk": 223,
  "fields": {
    "journal_entry": 100,
    "account": 44,
    "station": null,
    "debit": "0.00",
    "credit": "4500.00",
    "description": "Opening stock — Probiotic",
    "aquaculture_pond": null,
    "aquaculture_production_cycle": null,
    "aquaculture_cost_bucket": "",
    "tenant_reporting_category": null,
    "fuel_station_expense_rollup": ""
  }
},
{
  "model": "api.journalentryline",
  "pk": 224,
  "fields": {
    "journal_entry": 101,
    "account": 15,
    "station": null,
    "debit": "55140.00",
    "credit": "0.00",
    "description": "Opening stock — Zeolite",
    "aquaculture_pond": null,
    "aquaculture_production_cycle": null,
    "aquaculture_cost_bucket": "",
    "tenant_reporting_category": null,
    "fuel_station_expense_rollup": ""
  }
},
{
  "model": "api.journalentryline",
  "pk": 225,
  "fields": {
    "journal_entry": 101,
    "account": 44,
    "station": null,
    "debit": "0.00",
    "credit": "55140.00",
    "description": "Opening stock — Zeolite",
    "aquaculture_pond": null,
    "aquaculture_production_cycle": null,
    "aquaculture_cost_bucket": "",
    "tenant_reporting_category": null,
    "fuel_station_expense_rollup": ""
  }
},
{
  "model": "api.journalentryline",
  "pk": 226,
  "fields": {
    "journal_entry": 102,
    "account": 15,
    "station": null,
    "debit": "3510.00",
    "credit": "0.00",
    "description": "Opening stock — Salt (NaCl)",
    "aquaculture_pond": null,
    "aquaculture_production_cycle": null,
    "aquaculture_cost_bucket": "",
    "tenant_reporting_category": null,
    "fuel_station_expense_rollup": ""
  }
},
{
  "model": "api.journalentryline",
  "pk": 227,
  "fields": {
    "journal_entry": 102,
    "account": 44,
    "station": null,
    "debit": "0.00",
    "credit": "3510.00",
    "description": "Opening stock — Salt (NaCl)",
    "aquaculture_pond": null,
    "aquaculture_production_cycle": null,
    "aquaculture_cost_bucket": "",
    "tenant_reporting_category": null,
    "fuel_station_expense_rollup": ""
  }
},
{
  "model": "api.journalentryline",
  "pk": 228,
  "fields": {
    "journal_entry": 103,
    "account": 15,
    "station": null,
    "debit": "12400.00",
    "credit": "0.00",
    "description": "Opening stock — Engine Oil (1L can)",
    "aquaculture_pond": null,
    "aquaculture_production_cycle": null,
    "aquaculture_cost_bucket": "",
    "tenant_reporting_category": null,
    "fuel_station_expense_rollup": ""
  }
},
{
  "model": "api.journalentryline",
  "pk": 229,
  "fields": {
    "journal_entry": 103,
    "account": 44,
    "station": null,
    "debit": "0.00",
    "credit": "12400.00",
    "description": "Opening stock — Engine Oil (1L can)",
    "aquaculture_pond": null,
    "aquaculture_production_cycle": null,
    "aquaculture_cost_bucket": "",
    "tenant_reporting_category": null,
    "fuel_station_expense_rollup": ""
  }
},
{
  "model": "api.journalentryline",
  "pk": 230,
  "fields": {
    "journal_entry": 104,
    "account": 15,
    "station": null,
    "debit": "266700.00",
    "credit": "0.00",
    "description": "Opening stock — AquaGrow Grower 2mm (25kg sack)",
    "aquaculture_pond": null,
    "aquaculture_production_cycle": null,
    "aquaculture_cost_bucket": "",
    "tenant_reporting_category": null,
    "fuel_station_expense_rollup": ""
  }
},
{
  "model": "api.journalentryline",
  "pk": 231,
  "fields": {
    "journal_entry": 104,
    "account": 44,
    "station": null,
    "debit": "0.00",
    "credit": "266700.00",
    "description": "Opening stock — AquaGrow Grower 2mm (25kg sack)",
    "aquaculture_pond": null,
    "aquaculture_production_cycle": null,
    "aquaculture_cost_bucket": "",
    "tenant_reporting_category": null,
    "fuel_station_expense_rollup": ""
  }
},
{
  "model": "api.journalentryline",
  "pk": 232,
  "fields": {
    "journal_entry": 105,
    "account": 13,
    "station": null,
    "debit": "1015000.00",
    "credit": "0.00",
    "description": "Opening stock — Octane Super",
    "aquaculture_pond": null,
    "aquaculture_production_cycle": null,
    "aquaculture_cost_bucket": "",
    "tenant_reporting_category": null,
    "fuel_station_expense_rollup": ""
  }
},
{
  "model": "api.journalentryline",
  "pk": 233,
  "fields": {
    "journal_entry": 105,
    "account": 44,
    "station": null,
    "debit": "0.00",
    "credit": "1015000.00",
    "description": "Opening stock — Octane Super",
    "aquaculture_pond": null,
    "aquaculture_production_cycle": null,
    "aquaculture_cost_bucket": "",
    "tenant_reporting_category": null,
    "fuel_station_expense_rollup": ""
  }
},
{
  "model": "api.journalentryline",
  "pk": 234,
  "fields": {
    "journal_entry": 106,
    "account": 6,
    "station": 4,
    "debit": "15000.00",
    "credit": "0.00",
    "description": "INV-AQ-43 — Abul Bapari",
    "aquaculture_pond": 4,
    "aquaculture_production_cycle": null,
    "aquaculture_cost_bucket": "",
    "tenant_reporting_category": null,
    "fuel_station_expense_rollup": ""
  }
},
{
  "model": "api.journalentryline",
  "pk": 235,
  "fields": {
    "journal_entry": 106,
    "account": 89,
    "station": 4,
    "debit": "0.00",
    "credit": "15000.00",
    "description": "INV-AQ-43 — Abul Bapari",
    "aquaculture_pond": 4,
    "aquaculture_production_cycle": null,
    "aquaculture_cost_bucket": "rev_fish_harvest_sale",
    "tenant_reporting_category": null,
    "fuel_station_expense_rollup": ""
  }
},
{
  "model": "api.journalentryline",
  "pk": 236,
  "fields": {
    "journal_entry": 107,
    "account": 1,
    "station": 1,
    "debit": "3400.00",
    "credit": "0.00",
    "description": "INV-AQ-44 — Walk-in",
    "aquaculture_pond": 4,
    "aquaculture_production_cycle": 26,
    "aquaculture_cost_bucket": "",
    "tenant_reporting_category": null,
    "fuel_station_expense_rollup": ""
  }
},
{
  "model": "api.journalentryline",
  "pk": 237,
  "fields": {
    "journal_entry": 107,
    "account": 89,
    "station": 1,
    "debit": "0.00",
    "credit": "3400.00",
    "description": "INV-AQ-44 — Walk-in",
    "aquaculture_pond": 4,
    "aquaculture_production_cycle": 26,
    "aquaculture_cost_bucket": "rev_fish_harvest_sale",
    "tenant_reporting_category": null,
    "fuel_station_expense_rollup": ""
  }
},
{
  "model": "api.journalentryline",
  "pk": 238,
  "fields": {
    "journal_entry": 108,
    "account": 13,
    "station": 1,
    "debit": "603000.00",
    "credit": "0.00",
    "description": "BILL-18 — Octane",
    "aquaculture_pond": null,
    "aquaculture_production_cycle": null,
    "aquaculture_cost_bucket": "",
    "tenant_reporting_category": null,
    "fuel_station_expense_rollup": ""
  }
},
{
  "model": "api.journalentryline",
  "pk": 239,
  "fields": {
    "journal_entry": 108,
    "account": 28,
    "station": 4,
    "debit": "0.00",
    "credit": "603000.00",
    "description": "BILL-18",
    "aquaculture_pond": null,
    "aquaculture_production_cycle": null,
    "aquaculture_cost_bucket": "",
    "tenant_reporting_category": null,
    "fuel_station_expense_rollup": ""
  }
},
{
  "model": "api.journalentryline",
  "pk": 240,
  "fields": {
    "journal_entry": 109,
    "account": 13,
    "station": 1,
    "debit": "432000.00",
    "credit": "0.00",
    "description": "BILL-19 — Diesel",
    "aquaculture_pond": null,
    "aquaculture_production_cycle": null,
    "aquaculture_cost_bucket": "",
    "tenant_reporting_category": null,
    "fuel_station_expense_rollup": ""
  }
},
{
  "model": "api.journalentryline",
  "pk": 241,
  "fields": {
    "journal_entry": 109,
    "account": 15,
    "station": 1,
    "debit": "810000.00",
    "credit": "0.00",
    "description": "BILL-19 — Coolant (1L)",
    "aquaculture_pond": null,
    "aquaculture_production_cycle": null,
    "aquaculture_cost_bucket": "",
    "tenant_reporting_category": null,
    "fuel_station_expense_rollup": ""
  }
},
{
  "model": "api.journalentryline",
  "pk": 242,
  "fields": {
    "journal_entry": 109,
    "account": 28,
    "station": 1,
    "debit": "0.00",
    "credit": "1242000.00",
    "description": "BILL-19",
    "aquaculture_pond": null,
    "aquaculture_production_cycle": null,
    "aquaculture_cost_bucket": "",
    "tenant_reporting_category": null,
    "fuel_station_expense_rollup": ""
  }
},
{
  "model": "api.journalentryline",
  "pk": 243,
  "fields": {
    "journal_entry": 110,
    "account": 1,
    "station": 1,
    "debit": "11200.00",
    "credit": "0.00",
    "description": "INV-POS-19 — Walk-in",
    "aquaculture_pond": null,
    "aquaculture_production_cycle": null,
    "aquaculture_cost_bucket": "",
    "tenant_reporting_category": null,
    "fuel_station_expense_rollup": ""
  }
},
{
  "model": "api.journalentryline",
  "pk": 244,
  "fields": {
    "journal_entry": 110,
    "account": 46,
    "station": 1,
    "debit": "0.00",
    "credit": "11200.00",
    "description": "INV-POS-19 — Walk-in",
    "aquaculture_pond": null,
    "aquaculture_production_cycle": null,
    "aquaculture_cost_bucket": "",
    "tenant_reporting_category": null,
    "fuel_station_expense_rollup": ""
  }
},
{
  "model": "api.journalentryline",
  "pk": 245,
  "fields": {
    "journal_entry": 111,
    "account": 58,
    "station": 1,
    "debit": "10720.00",
    "credit": "0.00",
    "description": "COGS INV-POS-19 — Walk-in",
    "aquaculture_pond": null,
    "aquaculture_production_cycle": null,
    "aquaculture_cost_bucket": "",
    "tenant_reporting_category": null,
    "fuel_station_expense_rollup": ""
  }
},
{
  "model": "api.journalentryline",
  "pk": 246,
  "fields": {
    "journal_entry": 111,
    "account": 13,
    "station": 1,
    "debit": "0.00",
    "credit": "10720.00",
    "description": "COGS INV-POS-19 — Walk-in",
    "aquaculture_pond": null,
    "aquaculture_production_cycle": null,
    "aquaculture_cost_bucket": "",
    "tenant_reporting_category": null,
    "fuel_station_expense_rollup": ""
  }
},
{
  "model": "api.journalentryline",
  "pk": 247,
  "fields": {
    "journal_entry": 112,
    "account": 23,
    "station": null,
    "debit": "369999.99",
    "credit": "0.00",
    "description": "Capitalize · FA-00001",
    "aquaculture_pond": null,
    "aquaculture_production_cycle": null,
    "aquaculture_cost_bucket": "",
    "tenant_reporting_category": null,
    "fuel_station_expense_rollup": ""
  }
},
{
  "model": "api.journalentryline",
  "pk": 248,
  "fields": {
    "journal_entry": 112,
    "account": 3,
    "station": null,
    "debit": "0.00",
    "credit": "369999.99",
    "description": "Payment 1030 — Bank — Operating Account · FA-00001",
    "aquaculture_pond": null,
    "aquaculture_production_cycle": null,
    "aquaculture_cost_bucket": "",
    "tenant_reporting_category": null,
    "fuel_station_expense_rollup": ""
  }
},
{
  "model": "api.journalentryline",
  "pk": 255,
  "fields": {
    "journal_entry": 116,
    "account": 106,
    "station": 4,
    "debit": "1100000.00",
    "credit": "0.00",
    "description": "BILL-1 — Tilapia Fry",
    "aquaculture_pond": 2,
    "aquaculture_production_cycle": 24,
    "aquaculture_cost_bucket": "fry_stocking",
    "tenant_reporting_category": null,
    "fuel_station_expense_rollup": ""
  }
},
{
  "model": "api.journalentryline",
  "pk": 256,
  "fields": {
    "journal_entry": 116,
    "account": 28,
    "station": 4,
    "debit": "0.00",
    "credit": "1100000.00",
    "description": "BILL-1",
    "aquaculture_pond": 2,
    "aquaculture_production_cycle": 24,
    "aquaculture_cost_bucket": "",
    "tenant_reporting_category": null,
    "fuel_station_expense_rollup": ""
  }
},
{
  "model": "api.journalentryline",
  "pk": 263,
  "fields": {
    "journal_entry": 120,
    "account": 106,
    "station": null,
    "debit": "36941.68",
    "credit": "0.00",
    "description": "Fish transfer #8 — 15000 fish, 4491.0200 kg to Ashari-1",
    "aquaculture_pond": 4,
    "aquaculture_production_cycle": 74,
    "aquaculture_cost_bucket": "fish_transfer_in",
    "tenant_reporting_category": null,
    "fuel_station_expense_rollup": ""
  }
},
{
  "model": "api.journalentryline",
  "pk": 264,
  "fields": {
    "journal_entry": 120,
    "account": 106,
    "station": null,
    "debit": "0.00",
    "credit": "36941.68",
    "description": "Fish transfer #8 — 15000 fish, 4491.0200 kg to Ashari-1",
    "aquaculture_pond": 2,
    "aquaculture_production_cycle": 24,
    "aquaculture_cost_bucket": "fish_transfer_out",
    "tenant_reporting_category": null,
    "fuel_station_expense_rollup": ""
  }
},
{
  "model": "api.fundtransfer",
  "pk": 1,
  "fields": {
    "company": 1,
    "from_bank": 9,
    "to_bank": 6,
    "amount": "2000000.00",
    "transfer_date": "2026-05-07",
    "reference": "Investment",
    "is_posted": true,
    "posted_at": "2026-05-07T04:27:23.311Z",
    "created_at": "2026-05-07T04:25:17.703Z",
    "updated_at": "2026-05-07T04:27:23.312Z"
  }
},
{
  "model": "api.fundtransfer",
  "pk": 2,
  "fields": {
    "company": 1,
    "from_bank": 5,
    "to_bank": 6,
    "amount": "75000.00",
    "transfer_date": "2026-05-19",
    "reference": "[COMP-DEMO] COMP-DEMO-FT — Operating to till float",
    "is_posted": true,
    "posted_at": "2026-05-26T14:14:41.005Z",
    "created_at": "2026-05-26T14:14:41.005Z",
    "updated_at": "2026-05-26T14:14:41.005Z"
  }
},
{
  "model": "api.inventorytransfer",
  "pk": 1,
  "fields": {
    "company": 1,
    "from_station": 1,
    "to_station": 5,
    "transfer_number": "COMP-DEMO-ISTR-001",
    "transfer_date": "2026-05-22",
    "status": "posted",
    "memo": "[COMP-DEMO] COMP-DEMO-ISTR — engine oil to Premium Agro",
    "posted_at": "2026-05-26T14:14:40.771Z",
    "created_at": "2026-05-26T14:14:40.771Z",
    "updated_at": "2026-05-26T14:14:40.771Z"
  }
},
{
  "model": "api.inventorytransferline",
  "pk": 1,
  "fields": {
    "transfer": 1,
    "item": 95,
    "quantity": "12.0000"
  }
},
{
  "model": "api.invoice",
  "pk": 1,
  "fields": {
    "company": 1,
    "customer": 3,
    "shift_session": null,
    "station": 4,
    "invoice_number": "INV-AQ-18",
    "invoice_date": "2026-05-08",
    "due_date": "2026-06-07",
    "status": "paid",
    "subtotal": "64000.00",
    "tax_total": "0.00",
    "total": "64000.00",
    "payment_method": "",
    "created_at": "2026-05-08T17:03:21.493Z",
    "updated_at": "2026-05-08T17:34:50.365Z"
  }
},
{
  "model": "api.invoice",
  "pk": 2,
  "fields": {
    "company": 1,
    "customer": 3,
    "shift_session": null,
    "station": 4,
    "invoice_number": "INV-AQ-14",
    "invoice_date": "2026-05-07",
    "due_date": "2026-06-07",
    "status": "paid",
    "subtotal": "459725.00",
    "tax_total": "0.00",
    "total": "459725.00",
    "payment_method": "",
    "created_at": "2026-05-08T17:26:27.472Z",
    "updated_at": "2026-05-08T17:34:50.368Z"
  }
},
{
  "model": "api.invoice",
  "pk": 3,
  "fields": {
    "company": 1,
    "customer": 3,
    "shift_session": null,
    "station": 4,
    "invoice_number": "INV-AQ-21",
    "invoice_date": "2026-05-11",
    "due_date": "2026-06-11",
    "status": "paid",
    "subtotal": "39000.00",
    "tax_total": "0.00",
    "total": "39000.00",
    "payment_method": "",
    "created_at": "2026-05-11T11:49:37.776Z",
    "updated_at": "2026-05-11T12:45:02.197Z"
  }
},
{
  "model": "api.invoice",
  "pk": 4,
  "fields": {
    "company": 1,
    "customer": 8,
    "shift_session": null,
    "station": 4,
    "invoice_number": "INV-POS-4",
    "invoice_date": "2026-05-11",
    "due_date": null,
    "status": "paid",
    "subtotal": "48000.00",
    "tax_total": "0.00",
    "total": "48000.00",
    "payment_method": "cash",
    "created_at": "2026-05-11T14:53:30.295Z",
    "updated_at": "2026-05-11T14:53:30.295Z"
  }
},
{
  "model": "api.invoice",
  "pk": 5,
  "fields": {
    "company": 1,
    "customer": 8,
    "shift_session": null,
    "station": 4,
    "invoice_number": "INV-POS-5",
    "invoice_date": "2026-05-11",
    "due_date": null,
    "status": "paid",
    "subtotal": "12000.00",
    "tax_total": "0.00",
    "total": "12000.00",
    "payment_method": "cash",
    "created_at": "2026-05-11T16:12:00.541Z",
    "updated_at": "2026-05-11T16:12:00.541Z"
  }
},
{
  "model": "api.invoice",
  "pk": 8,
  "fields": {
    "company": 1,
    "customer": 10,
    "shift_session": null,
    "station": 4,
    "invoice_number": "INV-POS-8",
    "invoice_date": "2026-05-17",
    "due_date": "2026-06-16",
    "status": "sent",
    "subtotal": "800.00",
    "tax_total": "0.00",
    "total": "800.00",
    "payment_method": "on_account",
    "created_at": "2026-05-16T19:55:33.875Z",
    "updated_at": "2026-05-16T19:55:33.875Z"
  }
},
{
  "model": "api.invoice",
  "pk": 10,
  "fields": {
    "company": 1,
    "customer": 3,
    "shift_session": null,
    "station": 4,
    "invoice_number": "INV-AQ-24",
    "invoice_date": "2026-05-22",
    "due_date": "2026-06-21",
    "status": "sent",
    "subtotal": "680000.00",
    "tax_total": "0.00",
    "total": "680000.00",
    "payment_method": "",
    "created_at": "2026-05-22T02:57:20.113Z",
    "updated_at": "2026-05-22T02:57:20.127Z"
  }
},
{
  "model": "api.invoice",
  "pk": 11,
  "fields": {
    "company": 1,
    "customer": 8,
    "shift_session": null,
    "station": 1,
    "invoice_number": "INV-POS-11",
    "invoice_date": "2026-05-26",
    "due_date": null,
    "status": "paid",
    "subtotal": "13680.00",
    "tax_total": "0.00",
    "total": "13680.00",
    "payment_method": "cash",
    "created_at": "2026-05-26T12:13:49.929Z",
    "updated_at": "2026-05-26T12:13:49.929Z"
  }
},
{
  "model": "api.invoice",
  "pk": 12,
  "fields": {
    "company": 1,
    "customer": 8,
    "shift_session": null,
    "station": 1,
    "invoice_number": "INV-POS-12",
    "invoice_date": "2026-05-26",
    "due_date": null,
    "status": "paid",
    "subtotal": "50.00",
    "tax_total": "0.00",
    "total": "50.00",
    "payment_method": "cash",
    "created_at": "2026-05-26T12:14:03.176Z",
    "updated_at": "2026-05-26T12:14:03.176Z"
  }
},
{
  "model": "api.invoice",
  "pk": 13,
  "fields": {
    "company": 1,
    "customer": 13,
    "shift_session": null,
    "station": 1,
    "invoice_number": "INV-POS-13",
    "invoice_date": "2026-05-26",
    "due_date": "2026-06-25",
    "status": "sent",
    "subtotal": "12540.00",
    "tax_total": "0.00",
    "total": "12540.00",
    "payment_method": "on_account",
    "created_at": "2026-05-26T12:19:52.736Z",
    "updated_at": "2026-05-26T12:19:52.736Z"
  }
},
{
  "model": "api.invoice",
  "pk": 14,
  "fields": {
    "company": 1,
    "customer": 21,
    "shift_session": null,
    "station": 1,
    "invoice_number": "COMP-DEMO-INV-FUEL-001",
    "invoice_date": "2026-05-24",
    "due_date": null,
    "status": "paid",
    "subtotal": "11400.00",
    "tax_total": "0.00",
    "total": "11400.00",
    "payment_method": "cash",
    "created_at": "2026-05-26T14:02:14.096Z",
    "updated_at": "2026-05-26T14:02:14.096Z"
  }
},
{
  "model": "api.invoice",
  "pk": 15,
  "fields": {
    "company": 1,
    "customer": 25,
    "shift_session": null,
    "station": 5,
    "invoice_number": "COMP-DEMO-INV-SHOP-001",
    "invoice_date": "2026-05-25",
    "due_date": null,
    "status": "paid",
    "subtotal": "9600.00",
    "tax_total": "1440.00",
    "total": "11040.00",
    "payment_method": "cash",
    "created_at": "2026-05-26T14:02:14.122Z",
    "updated_at": "2026-05-26T14:02:14.122Z"
  }
},
{
  "model": "api.invoice",
  "pk": 16,
  "fields": {
    "company": 1,
    "customer": 22,
    "shift_session": null,
    "station": 1,
    "invoice_number": "COMP-DEMO-INV-AR-001",
    "invoice_date": "2026-05-21",
    "due_date": "2026-06-05",
    "status": "partial",
    "subtotal": "22800.00",
    "tax_total": "0.00",
    "total": "22800.00",
    "payment_method": "",
    "created_at": "2026-05-26T14:14:40.655Z",
    "updated_at": "2026-05-26T14:14:40.671Z"
  }
},
{
  "model": "api.invoice",
  "pk": 17,
  "fields": {
    "company": 1,
    "customer": 2,
    "shift_session": null,
    "station": 4,
    "invoice_number": "INV-AQ-43",
    "invoice_date": "2026-06-04",
    "due_date": "2026-07-04",
    "status": "sent",
    "subtotal": "15000.00",
    "tax_total": "0.00",
    "total": "15000.00",
    "payment_method": "",
    "created_at": "2026-06-04T07:09:47.916Z",
    "updated_at": "2026-06-04T07:09:47.921Z"
  }
},
{
  "model": "api.invoice",
  "pk": 18,
  "fields": {
    "company": 1,
    "customer": 8,
    "shift_session": null,
    "station": 1,
    "invoice_number": "INV-AQ-44",
    "invoice_date": "2026-06-04",
    "due_date": null,
    "status": "paid",
    "subtotal": "3400.00",
    "tax_total": "0.00",
    "total": "3400.00",
    "payment_method": "cash",
    "created_at": "2026-06-04T07:47:55.781Z",
    "updated_at": "2026-06-04T07:47:55.813Z"
  }
},
{
  "model": "api.invoice",
  "pk": 19,
  "fields": {
    "company": 1,
    "customer": 8,
    "shift_session": 2,
    "station": 1,
    "invoice_number": "INV-POS-19",
    "invoice_date": "2026-06-04",
    "due_date": null,
    "status": "paid",
    "subtotal": "11200.00",
    "tax_total": "0.00",
    "total": "11200.00",
    "payment_method": "cash",
    "created_at": "2026-06-04T10:34:52.040Z",
    "updated_at": "2026-06-04T10:34:52.040Z"
  }
},
{
  "model": "api.invoiceline",
  "pk": 1,
  "fields": {
    "invoice": 1,
    "item": null,
    "nozzle": null,
    "description": "Aquaculture pond sale — Fish harvest sale — Ashari-2 — Tilapia — Buyer: Rajon",
    "quantity": "1.0000",
    "unit_price": "64000.00",
    "amount": "64000.00",
    "revenue_account": null,
    "receipt_station": null,
    "aquaculture_pond": null,
    "fuel_station_income_category": "",
    "aquaculture_income_category": "",
    "tenant_reporting_category": null
  }
},
{
  "model": "api.invoiceline",
  "pk": 2,
  "fields": {
    "invoice": 2,
    "item": null,
    "nozzle": null,
    "description": "Aquaculture pond sale — Fish harvest sale — Digonta — Tilapia — Buyer: Dhaka Wholesale Fish Market",
    "quantity": "1.0000",
    "unit_price": "459725.00",
    "amount": "459725.00",
    "revenue_account": null,
    "receipt_station": null,
    "aquaculture_pond": null,
    "fuel_station_income_category": "",
    "aquaculture_income_category": "",
    "tenant_reporting_category": null
  }
},
{
  "model": "api.invoiceline",
  "pk": 3,
  "fields": {
    "invoice": 3,
    "item": null,
    "nozzle": null,
    "description": "Aquaculture pond sale — Fish harvest sale — Mynuddin — Tilapia — Buyer: Rajon",
    "quantity": "1.0000",
    "unit_price": "39000.00",
    "amount": "39000.00",
    "revenue_account": null,
    "receipt_station": null,
    "aquaculture_pond": null,
    "fuel_station_income_category": "",
    "aquaculture_income_category": "",
    "tenant_reporting_category": null
  }
},
{
  "model": "api.invoiceline",
  "pk": 4,
  "fields": {
    "invoice": 4,
    "item": 17,
    "nozzle": null,
    "description": "CP Tilapia Grower",
    "quantity": "20.0000",
    "unit_price": "2400.00",
    "amount": "48000.00",
    "revenue_account": null,
    "receipt_station": null,
    "aquaculture_pond": null,
    "fuel_station_income_category": "",
    "aquaculture_income_category": "",
    "tenant_reporting_category": null
  }
},
{
  "model": "api.invoiceline",
  "pk": 5,
  "fields": {
    "invoice": 5,
    "item": 17,
    "nozzle": null,
    "description": "CP Tilapia Grower",
    "quantity": "5.0000",
    "unit_price": "2400.00",
    "amount": "12000.00",
    "revenue_account": null,
    "receipt_station": null,
    "aquaculture_pond": null,
    "fuel_station_income_category": "",
    "aquaculture_income_category": "",
    "tenant_reporting_category": null
  }
},
{
  "model": "api.invoiceline",
  "pk": 8,
  "fields": {
    "invoice": 8,
    "item": 26,
    "nozzle": null,
    "description": "Probiotic",
    "quantity": "1.0000",
    "unit_price": "800.00",
    "amount": "800.00",
    "revenue_account": null,
    "receipt_station": null,
    "aquaculture_pond": null,
    "fuel_station_income_category": "",
    "aquaculture_income_category": "",
    "tenant_reporting_category": null
  }
},
{
  "model": "api.invoiceline",
  "pk": 10,
  "fields": {
    "invoice": 10,
    "item": null,
    "nozzle": null,
    "description": "Aquaculture pond sale — Fish harvest sale — Mynuddin — Tilapia",
    "quantity": "1.0000",
    "unit_price": "680000.00",
    "amount": "680000.00",
    "revenue_account": null,
    "receipt_station": null,
    "aquaculture_pond": null,
    "fuel_station_income_category": "",
    "aquaculture_income_category": "",
    "tenant_reporting_category": null
  }
},
{
  "model": "api.invoiceline",
  "pk": 11,
  "fields": {
    "invoice": 11,
    "item": 12,
    "nozzle": 1,
    "description": "Diesel",
    "quantity": "120.0000",
    "unit_price": "114.00",
    "amount": "13680.00",
    "revenue_account": null,
    "receipt_station": null,
    "aquaculture_pond": null,
    "fuel_station_income_category": "",
    "aquaculture_income_category": "",
    "tenant_reporting_category": null
  }
},
{
  "model": "api.invoiceline",
  "pk": 12,
  "fields": {
    "invoice": 12,
    "item": 10,
    "nozzle": null,
    "description": "Tire Pressure Check (Service)",
    "quantity": "1.0000",
    "unit_price": "50.00",
    "amount": "50.00",
    "revenue_account": null,
    "receipt_station": null,
    "aquaculture_pond": null,
    "fuel_station_income_category": "",
    "aquaculture_income_category": "",
    "tenant_reporting_category": null
  }
},
{
  "model": "api.invoiceline",
  "pk": 13,
  "fields": {
    "invoice": 13,
    "item": 12,
    "nozzle": 1,
    "description": "Diesel",
    "quantity": "110.0000",
    "unit_price": "114.00",
    "amount": "12540.00",
    "revenue_account": null,
    "receipt_station": null,
    "aquaculture_pond": null,
    "fuel_station_income_category": "",
    "aquaculture_income_category": "",
    "tenant_reporting_category": null
  }
},
{
  "model": "api.invoiceline",
  "pk": 14,
  "fields": {
    "invoice": 14,
    "item": 12,
    "nozzle": 1,
    "description": "",
    "quantity": "100.0000",
    "unit_price": "114.00",
    "amount": "11400.00",
    "revenue_account": null,
    "receipt_station": null,
    "aquaculture_pond": null,
    "fuel_station_income_category": "",
    "aquaculture_income_category": "",
    "tenant_reporting_category": null
  }
},
{
  "model": "api.invoiceline",
  "pk": 15,
  "fields": {
    "invoice": 15,
    "item": 96,
    "nozzle": null,
    "description": "",
    "quantity": "2.0000",
    "unit_price": "3200.00",
    "amount": "6400.00",
    "revenue_account": null,
    "receipt_station": null,
    "aquaculture_pond": null,
    "fuel_station_income_category": "",
    "aquaculture_income_category": "",
    "tenant_reporting_category": null
  }
},
{
  "model": "api.invoiceline",
  "pk": 16,
  "fields": {
    "invoice": 15,
    "item": 95,
    "nozzle": null,
    "description": "",
    "quantity": "4.0000",
    "unit_price": "850.00",
    "amount": "3400.00",
    "revenue_account": null,
    "receipt_station": null,
    "aquaculture_pond": null,
    "fuel_station_income_category": "",
    "aquaculture_income_category": "",
    "tenant_reporting_category": null
  }
},
{
  "model": "api.invoiceline",
  "pk": 17,
  "fields": {
    "invoice": 16,
    "item": 12,
    "nozzle": null,
    "description": "",
    "quantity": "200.0000",
    "unit_price": "114.00",
    "amount": "22800.00",
    "revenue_account": null,
    "receipt_station": null,
    "aquaculture_pond": null,
    "fuel_station_income_category": "",
    "aquaculture_income_category": "",
    "tenant_reporting_category": null
  }
},
{
  "model": "api.invoiceline",
  "pk": 18,
  "fields": {
    "invoice": 17,
    "item": null,
    "nozzle": null,
    "description": "Aquaculture pond sale — Fish harvest sale — Ashari-1 — Tilapia",
    "quantity": "1.0000",
    "unit_price": "15000.00",
    "amount": "15000.00",
    "revenue_account": null,
    "receipt_station": null,
    "aquaculture_pond": null,
    "fuel_station_income_category": "",
    "aquaculture_income_category": "",
    "tenant_reporting_category": null
  }
},
{
  "model": "api.invoiceline",
  "pk": 19,
  "fields": {
    "invoice": 18,
    "item": null,
    "nozzle": null,
    "description": "Aquaculture pond sale — Fish harvest sale — Ashari-1 — Tilapia",
    "quantity": "1.0000",
    "unit_price": "3400.00",
    "amount": "3400.00",
    "revenue_account": null,
    "receipt_station": null,
    "aquaculture_pond": null,
    "fuel_station_income_category": "",
    "aquaculture_income_category": "",
    "tenant_reporting_category": null
  }
},
{
  "model": "api.invoiceline",
  "pk": 20,
  "fields": {
    "invoice": 19,
    "item": 15,
    "nozzle": 5,
    "description": "Octane",
    "quantity": "80.0000",
    "unit_price": "140.00",
    "amount": "11200.00",
    "revenue_account": null,
    "receipt_station": null,
    "aquaculture_pond": null,
    "fuel_station_income_category": "",
    "aquaculture_income_category": "",
    "tenant_reporting_category": null
  }
},
{
  "model": "api.bill",
  "pk": 6,
  "fields": {
    "company": 1,
    "vendor": 1,
    "receipt_station": 4,
    "bill_number": "BILL-6",
    "bill_date": "2026-05-07",
    "due_date": "2026-06-06",
    "vendor_reference": "",
    "memo": "",
    "status": "paid",
    "subtotal": "528000.00",
    "tax_total": "0.00",
    "total": "528000.00",
    "stock_receipt_applied": true,
    "vendor_ap_incremented": true,
    "created_at": "2026-05-07T04:22:31.461Z",
    "updated_at": "2026-05-07T04:28:42.565Z"
  }
},
{
  "model": "api.bill",
  "pk": 7,
  "fields": {
    "company": 1,
    "vendor": 1,
    "receipt_station": 4,
    "bill_number": "BILL-7",
    "bill_date": "2026-05-08",
    "due_date": "2026-06-07",
    "vendor_reference": "",
    "memo": "",
    "status": "partial",
    "subtotal": "1100000.00",
    "tax_total": "0.00",
    "total": "1100000.00",
    "stock_receipt_applied": false,
    "vendor_ap_incremented": true,
    "created_at": "2026-05-08T11:59:11.658Z",
    "updated_at": "2026-05-08T12:54:08.513Z"
  }
},
{
  "model": "api.bill",
  "pk": 10,
  "fields": {
    "company": 1,
    "vendor": 1,
    "receipt_station": null,
    "bill_number": "BILL-4",
    "bill_date": "2026-05-16",
    "due_date": "2026-06-15",
    "vendor_reference": "",
    "memo": "",
    "status": "open",
    "subtotal": "1100000.00",
    "tax_total": "0.00",
    "total": "1100000.00",
    "stock_receipt_applied": true,
    "vendor_ap_incremented": true,
    "created_at": "2026-05-16T16:34:08.490Z",
    "updated_at": "2026-05-16T16:52:06.384Z"
  }
},
{
  "model": "api.bill",
  "pk": 11,
  "fields": {
    "company": 1,
    "vendor": 7,
    "receipt_station": 1,
    "bill_number": "BILL-8",
    "bill_date": "2026-05-16",
    "due_date": "2026-06-15",
    "vendor_reference": "",
    "memo": "",
    "status": "draft",
    "subtotal": "720.00",
    "tax_total": "0.00",
    "total": "720.00",
    "stock_receipt_applied": false,
    "vendor_ap_incremented": false,
    "created_at": "2026-05-16T18:11:41.920Z",
    "updated_at": "2026-05-16T18:11:41.953Z"
  }
},
{
  "model": "api.bill",
  "pk": 12,
  "fields": {
    "company": 1,
    "vendor": 7,
    "receipt_station": 4,
    "bill_number": "BILL-9",
    "bill_date": "2026-05-16",
    "due_date": "2026-06-15",
    "vendor_reference": "",
    "memo": "",
    "status": "open",
    "subtotal": "5000.00",
    "tax_total": "0.00",
    "total": "5000.00",
    "stock_receipt_applied": true,
    "vendor_ap_incremented": true,
    "created_at": "2026-05-16T18:56:55.562Z",
    "updated_at": "2026-05-16T18:58:20.791Z"
  }
},
{
  "model": "api.bill",
  "pk": 13,
  "fields": {
    "company": 1,
    "vendor": 8,
    "receipt_station": 4,
    "bill_number": "BILL-10",
    "bill_date": "2026-05-16",
    "due_date": "2026-06-15",
    "vendor_reference": "",
    "memo": "",
    "status": "open",
    "subtotal": "100000.00",
    "tax_total": "0.00",
    "total": "100000.00",
    "stock_receipt_applied": false,
    "vendor_ap_incremented": true,
    "created_at": "2026-05-16T20:37:12.026Z",
    "updated_at": "2026-05-16T20:37:50.715Z"
  }
},
{
  "model": "api.bill",
  "pk": 14,
  "fields": {
    "company": 1,
    "vendor": 7,
    "receipt_station": 1,
    "bill_number": "BILL-11",
    "bill_date": "2026-05-18",
    "due_date": "2026-06-17",
    "vendor_reference": "",
    "memo": "",
    "status": "draft",
    "subtotal": "25000.00",
    "tax_total": "0.00",
    "total": "25000.00",
    "stock_receipt_applied": false,
    "vendor_ap_incremented": false,
    "created_at": "2026-05-18T17:47:40.902Z",
    "updated_at": "2026-05-18T17:57:08.774Z"
  }
},
{
  "model": "api.bill",
  "pk": 15,
  "fields": {
    "company": 1,
    "vendor": 8,
    "receipt_station": 1,
    "bill_number": "BILL-12",
    "bill_date": "2026-05-18",
    "due_date": "2026-06-17",
    "vendor_reference": "",
    "memo": "",
    "status": "draft",
    "subtotal": "15000.00",
    "tax_total": "0.00",
    "total": "15000.00",
    "stock_receipt_applied": false,
    "vendor_ap_incremented": false,
    "created_at": "2026-05-18T17:59:32.859Z",
    "updated_at": "2026-05-18T18:00:23.246Z"
  }
},
{
  "model": "api.bill",
  "pk": 17,
  "fields": {
    "company": 1,
    "vendor": 7,
    "receipt_station": 4,
    "bill_number": "BILL-13",
    "bill_date": "2026-05-19",
    "due_date": "2026-05-19",
    "vendor_reference": "",
    "memo": "Salt for Ponds",
    "status": "open",
    "subtotal": "60000.00",
    "tax_total": "0.00",
    "total": "60000.00",
    "stock_receipt_applied": true,
    "vendor_ap_incremented": true,
    "created_at": "2026-05-19T20:52:11.145Z",
    "updated_at": "2026-05-19T20:53:17.941Z"
  }
},
{
  "model": "api.bill",
  "pk": 19,
  "fields": {
    "company": 1,
    "vendor": 7,
    "receipt_station": 4,
    "bill_number": "BILL-14",
    "bill_date": "2026-05-20",
    "due_date": "2026-06-19",
    "vendor_reference": "",
    "memo": "",
    "status": "open",
    "subtotal": "10000.00",
    "tax_total": "0.00",
    "total": "10000.00",
    "stock_receipt_applied": true,
    "vendor_ap_incremented": true,
    "created_at": "2026-05-20T02:29:36.644Z",
    "updated_at": "2026-05-20T02:29:36.655Z"
  }
},
{
  "model": "api.bill",
  "pk": 20,
  "fields": {
    "company": 1,
    "vendor": 2,
    "receipt_station": 4,
    "bill_number": "BILL-15",
    "bill_date": "2026-05-21",
    "due_date": "2026-06-20",
    "vendor_reference": "",
    "memo": "Medicine",
    "status": "open",
    "subtotal": "60000.00",
    "tax_total": "0.00",
    "total": "60000.00",
    "stock_receipt_applied": true,
    "vendor_ap_incremented": true,
    "created_at": "2026-05-21T19:32:04.988Z",
    "updated_at": "2026-05-21T19:32:05.003Z"
  }
},
{
  "model": "api.bill",
  "pk": 21,
  "fields": {
    "company": 1,
    "vendor": 1,
    "receipt_station": 4,
    "bill_number": "BILL-16",
    "bill_date": "2026-05-22",
    "due_date": "2026-06-21",
    "vendor_reference": "",
    "memo": "",
    "status": "open",
    "subtotal": "264000.00",
    "tax_total": "0.00",
    "total": "264000.00",
    "stock_receipt_applied": true,
    "vendor_ap_incremented": true,
    "created_at": "2026-05-22T10:58:12.367Z",
    "updated_at": "2026-05-22T10:58:12.408Z"
  }
},
{
  "model": "api.bill",
  "pk": 22,
  "fields": {
    "company": 1,
    "vendor": 1,
    "receipt_station": 1,
    "bill_number": "DEMO-BILL-SEED-1",
    "bill_date": "2026-05-24",
    "due_date": "2026-06-07",
    "vendor_reference": "PO-DEMO-10492",
    "memo": "Application demo seed — draft only (not posted).",
    "status": "draft",
    "subtotal": "12500.00",
    "tax_total": "1875.00",
    "total": "14375.00",
    "stock_receipt_applied": false,
    "vendor_ap_incremented": false,
    "created_at": "2026-05-26T14:01:57.690Z",
    "updated_at": "2026-05-26T14:01:57.690Z"
  }
},
{
  "model": "api.bill",
  "pk": 23,
  "fields": {
    "company": 1,
    "vendor": 1,
    "receipt_station": 1,
    "bill_number": "BULK-DEMO-BILL-01",
    "bill_date": "2026-05-22",
    "due_date": "2026-06-12",
    "vendor_reference": "BULK-PO-0001",
    "memo": "Bulk demo draft bill (not posted).",
    "status": "draft",
    "subtotal": "6000.00",
    "tax_total": "900.00",
    "total": "6900.00",
    "stock_receipt_applied": false,
    "vendor_ap_incremented": false,
    "created_at": "2026-05-26T14:02:12.490Z",
    "updated_at": "2026-05-26T14:02:12.490Z"
  }
},
{
  "model": "api.bill",
  "pk": 24,
  "fields": {
    "company": 1,
    "vendor": 2,
    "receipt_station": 1,
    "bill_number": "BULK-DEMO-BILL-02",
    "bill_date": "2026-05-21",
    "due_date": "2026-06-11",
    "vendor_reference": "BULK-PO-0002",
    "memo": "Bulk demo draft bill (not posted).",
    "status": "draft",
    "subtotal": "7000.00",
    "tax_total": "1050.00",
    "total": "8050.00",
    "stock_receipt_applied": false,
    "vendor_ap_incremented": false,
    "created_at": "2026-05-26T14:02:12.505Z",
    "updated_at": "2026-05-26T14:02:12.505Z"
  }
},
{
  "model": "api.bill",
  "pk": 25,
  "fields": {
    "company": 1,
    "vendor": 3,
    "receipt_station": 1,
    "bill_number": "BULK-DEMO-BILL-03",
    "bill_date": "2026-05-20",
    "due_date": "2026-06-10",
    "vendor_reference": "BULK-PO-0003",
    "memo": "Bulk demo draft bill (not posted).",
    "status": "draft",
    "subtotal": "8000.00",
    "tax_total": "1200.00",
    "total": "9200.00",
    "stock_receipt_applied": false,
    "vendor_ap_incremented": false,
    "created_at": "2026-05-26T14:02:12.526Z",
    "updated_at": "2026-05-26T14:02:12.526Z"
  }
},
{
  "model": "api.bill",
  "pk": 26,
  "fields": {
    "company": 1,
    "vendor": 4,
    "receipt_station": 1,
    "bill_number": "BULK-DEMO-BILL-04",
    "bill_date": "2026-05-19",
    "due_date": "2026-06-09",
    "vendor_reference": "BULK-PO-0004",
    "memo": "Bulk demo draft bill (not posted).",
    "status": "draft",
    "subtotal": "9000.00",
    "tax_total": "1350.00",
    "total": "10350.00",
    "stock_receipt_applied": false,
    "vendor_ap_incremented": false,
    "created_at": "2026-05-26T14:02:12.530Z",
    "updated_at": "2026-05-26T14:02:12.530Z"
  }
},
{
  "model": "api.bill",
  "pk": 27,
  "fields": {
    "company": 1,
    "vendor": 5,
    "receipt_station": 1,
    "bill_number": "BULK-DEMO-BILL-05",
    "bill_date": "2026-05-18",
    "due_date": "2026-06-08",
    "vendor_reference": "BULK-PO-0005",
    "memo": "Bulk demo draft bill (not posted).",
    "status": "draft",
    "subtotal": "10000.00",
    "tax_total": "1500.00",
    "total": "11500.00",
    "stock_receipt_applied": false,
    "vendor_ap_incremented": false,
    "created_at": "2026-05-26T14:02:12.554Z",
    "updated_at": "2026-05-26T14:02:12.554Z"
  }
},
{
  "model": "api.bill",
  "pk": 28,
  "fields": {
    "company": 1,
    "vendor": 14,
    "receipt_station": 5,
    "bill_number": "COMP-DEMO-BILL-FEED-001",
    "bill_date": "2026-05-16",
    "due_date": "2026-05-30",
    "vendor_reference": "",
    "memo": "[COMP-DEMO] Feed delivery — 50 sacks",
    "status": "open",
    "subtotal": "142500.00",
    "tax_total": "0.00",
    "total": "142500.00",
    "stock_receipt_applied": true,
    "vendor_ap_incremented": true,
    "created_at": "2026-05-26T14:02:14.175Z",
    "updated_at": "2026-05-26T14:02:14.175Z"
  }
},
{
  "model": "api.bill",
  "pk": 29,
  "fields": {
    "company": 1,
    "vendor": 14,
    "receipt_station": 5,
    "bill_number": "COMP-DEMO-BILL-MED-001",
    "bill_date": "2026-05-18",
    "due_date": "2026-06-01",
    "vendor_reference": "",
    "memo": "[COMP-DEMO] Medicine top-up",
    "status": "partial",
    "subtotal": "18500.00",
    "tax_total": "0.00",
    "total": "18500.00",
    "stock_receipt_applied": true,
    "vendor_ap_incremented": true,
    "created_at": "2026-05-26T14:02:14.204Z",
    "updated_at": "2026-05-26T14:14:40.705Z"
  }
},
{
  "model": "api.bill",
  "pk": 30,
  "fields": {
    "company": 1,
    "vendor": 18,
    "receipt_station": 4,
    "bill_number": "BILL-17",
    "bill_date": "2026-05-29",
    "due_date": "2026-06-28",
    "vendor_reference": "",
    "memo": "",
    "status": "open",
    "subtotal": "1413000.00",
    "tax_total": "0.00",
    "total": "1413000.00",
    "stock_receipt_applied": true,
    "vendor_ap_incremented": true,
    "created_at": "2026-05-29T16:52:45.901Z",
    "updated_at": "2026-05-29T16:52:45.901Z"
  }
},
{
  "model": "api.bill",
  "pk": 31,
  "fields": {
    "company": 1,
    "vendor": 18,
    "receipt_station": 4,
    "bill_number": "BILL-18",
    "bill_date": "2026-06-04",
    "due_date": "2026-07-04",
    "vendor_reference": "",
    "memo": "",
    "status": "open",
    "subtotal": "603000.00",
    "tax_total": "0.00",
    "total": "603000.00",
    "stock_receipt_applied": true,
    "vendor_ap_incremented": true,
    "created_at": "2026-06-04T08:00:42.206Z",
    "updated_at": "2026-06-04T08:01:07.664Z"
  }
},
{
  "model": "api.bill",
  "pk": 32,
  "fields": {
    "company": 1,
    "vendor": 18,
    "receipt_station": 1,
    "bill_number": "BILL-19",
    "bill_date": "2026-06-04",
    "due_date": "2026-07-04",
    "vendor_reference": "",
    "memo": "",
    "status": "open",
    "subtotal": "1242000.00",
    "tax_total": "0.00",
    "total": "1242000.00",
    "stock_receipt_applied": true,
    "vendor_ap_incremented": true,
    "created_at": "2026-06-04T10:13:21.270Z",
    "updated_at": "2026-06-04T10:13:21.300Z"
  }
},
{
  "model": "api.bill",
  "pk": 33,
  "fields": {
    "company": 1,
    "vendor": 1,
    "receipt_station": 5,
    "bill_number": "BILL-20",
    "bill_date": "2026-06-04",
    "due_date": "2026-07-04",
    "vendor_reference": "",
    "memo": "",
    "status": "draft",
    "subtotal": "1100000.00",
    "tax_total": "0.00",
    "total": "1100000.00",
    "stock_receipt_applied": false,
    "vendor_ap_incremented": false,
    "created_at": "2026-06-04T12:59:24.888Z",
    "updated_at": "2026-06-04T12:59:24.894Z"
  }
},
{
  "model": "api.bill",
  "pk": 34,
  "fields": {
    "company": 1,
    "vendor": 1,
    "receipt_station": 4,
    "bill_number": "BILL-1",
    "bill_date": "2025-03-01",
    "due_date": "2025-03-01",
    "vendor_reference": "",
    "memo": "Fry Purchae",
    "status": "open",
    "subtotal": "1100000.00",
    "tax_total": "0.00",
    "total": "1100000.00",
    "stock_receipt_applied": true,
    "vendor_ap_incremented": true,
    "created_at": "2026-06-29T16:28:03.803Z",
    "updated_at": "2026-06-30T02:53:12.460Z"
  }
},
{
  "model": "api.billline",
  "pk": 6,
  "fields": {
    "bill": 6,
    "item": 17,
    "tank": null,
    "description": "CP Tilapia Grower",
    "quantity": "240.0000",
    "unit_price": "2200.00",
    "amount": "528000.00",
    "expense_account": null,
    "aquaculture_pond": null,
    "aquaculture_production_cycle": null,
    "aquaculture_cost_bucket": "",
    "aquaculture_fish_weight_kg": null,
    "aquaculture_fish_count": null,
    "aquaculture_fish_species": "",
    "aquaculture_fish_species_other": "",
    "receipt_station": null,
    "fuel_station_expense_category": "",
    "tenant_reporting_category": null
  }
},
{
  "model": "api.billline",
  "pk": 11,
  "fields": {
    "bill": 7,
    "item": 18,
    "tank": null,
    "description": "Tilapia Fry",
    "quantity": "500000.0000",
    "unit_price": "2.20",
    "amount": "1100000.00",
    "expense_account": null,
    "aquaculture_pond": 19,
    "aquaculture_production_cycle": null,
    "aquaculture_cost_bucket": "",
    "aquaculture_fish_weight_kg": "167.0000",
    "aquaculture_fish_count": 500000,
    "aquaculture_fish_species": "",
    "aquaculture_fish_species_other": "",
    "receipt_station": null,
    "fuel_station_expense_category": "",
    "tenant_reporting_category": null
  }
},
{
  "model": "api.billline",
  "pk": 20,
  "fields": {
    "bill": 10,
    "item": 18,
    "tank": null,
    "description": "Tilapia Fry",
    "quantity": "166.6667",
    "unit_price": "6600.00",
    "amount": "1100000.00",
    "expense_account": null,
    "aquaculture_pond": 19,
    "aquaculture_production_cycle": 43,
    "aquaculture_cost_bucket": "miscellaneous",
    "aquaculture_fish_weight_kg": "166.6667",
    "aquaculture_fish_count": 500000,
    "aquaculture_fish_species": "",
    "aquaculture_fish_species_other": "",
    "receipt_station": null,
    "fuel_station_expense_category": "",
    "tenant_reporting_category": null
  }
},
{
  "model": "api.billline",
  "pk": 21,
  "fields": {
    "bill": 11,
    "item": 2,
    "tank": null,
    "description": "Soft Drink (Can)",
    "quantity": "24.0000",
    "unit_price": "30.00",
    "amount": "720.00",
    "expense_account": null,
    "aquaculture_pond": null,
    "aquaculture_production_cycle": null,
    "aquaculture_cost_bucket": "",
    "aquaculture_fish_weight_kg": null,
    "aquaculture_fish_count": null,
    "aquaculture_fish_species": "",
    "aquaculture_fish_species_other": "",
    "receipt_station": null,
    "fuel_station_expense_category": "operating",
    "tenant_reporting_category": null
  }
},
{
  "model": "api.billline",
  "pk": 23,
  "fields": {
    "bill": 12,
    "item": 26,
    "tank": null,
    "description": "Probiotic",
    "quantity": "10.0000",
    "unit_price": "500.00",
    "amount": "5000.00",
    "expense_account": null,
    "aquaculture_pond": null,
    "aquaculture_production_cycle": null,
    "aquaculture_cost_bucket": "",
    "aquaculture_fish_weight_kg": null,
    "aquaculture_fish_count": null,
    "aquaculture_fish_species": "",
    "aquaculture_fish_species_other": "",
    "receipt_station": null,
    "fuel_station_expense_category": "",
    "tenant_reporting_category": null
  }
},
{
  "model": "api.billline",
  "pk": 28,
  "fields": {
    "bill": 13,
    "item": null,
    "tank": null,
    "description": "Utilities — Electricity",
    "quantity": "1.0000",
    "unit_price": "25000.00",
    "amount": "25000.00",
    "expense_account": 100,
    "aquaculture_pond": 2,
    "aquaculture_production_cycle": 24,
    "aquaculture_cost_bucket": "electricity",
    "aquaculture_fish_weight_kg": null,
    "aquaculture_fish_count": null,
    "aquaculture_fish_species": "",
    "aquaculture_fish_species_other": "",
    "receipt_station": null,
    "fuel_station_expense_category": "",
    "tenant_reporting_category": null
  }
},
{
  "model": "api.billline",
  "pk": 29,
  "fields": {
    "bill": 13,
    "item": null,
    "tank": null,
    "description": "Utilities — Electricity",
    "quantity": "1.0000",
    "unit_price": "25000.00",
    "amount": "25000.00",
    "expense_account": 100,
    "aquaculture_pond": 3,
    "aquaculture_production_cycle": 25,
    "aquaculture_cost_bucket": "electricity",
    "aquaculture_fish_weight_kg": null,
    "aquaculture_fish_count": null,
    "aquaculture_fish_species": "",
    "aquaculture_fish_species_other": "",
    "receipt_station": null,
    "fuel_station_expense_category": "",
    "tenant_reporting_category": null
  }
},
{
  "model": "api.billline",
  "pk": 30,
  "fields": {
    "bill": 13,
    "item": null,
    "tank": null,
    "description": "Utilities — Electricity",
    "quantity": "1.0000",
    "unit_price": "25000.00",
    "amount": "25000.00",
    "expense_account": 100,
    "aquaculture_pond": 4,
    "aquaculture_production_cycle": 26,
    "aquaculture_cost_bucket": "electricity",
    "aquaculture_fish_weight_kg": null,
    "aquaculture_fish_count": null,
    "aquaculture_fish_species": "",
    "aquaculture_fish_species_other": "",
    "receipt_station": null,
    "fuel_station_expense_category": "",
    "tenant_reporting_category": null
  }
},
{
  "model": "api.billline",
  "pk": 31,
  "fields": {
    "bill": 13,
    "item": null,
    "tank": null,
    "description": "Utilities — Electricity",
    "quantity": "1.0000",
    "unit_price": "25000.00",
    "amount": "25000.00",
    "expense_account": 100,
    "aquaculture_pond": 5,
    "aquaculture_production_cycle": 42,
    "aquaculture_cost_bucket": "electricity",
    "aquaculture_fish_weight_kg": null,
    "aquaculture_fish_count": null,
    "aquaculture_fish_species": "",
    "aquaculture_fish_species_other": "",
    "receipt_station": null,
    "fuel_station_expense_category": "",
    "tenant_reporting_category": null
  }
},
{
  "model": "api.billline",
  "pk": 34,
  "fields": {
    "bill": 14,
    "item": null,
    "tank": null,
    "description": "Utilities — Electricity",
    "quantity": "1.0000",
    "unit_price": "12500.00",
    "amount": "12500.00",
    "expense_account": 100,
    "aquaculture_pond": 4,
    "aquaculture_production_cycle": 47,
    "aquaculture_cost_bucket": "",
    "aquaculture_fish_weight_kg": null,
    "aquaculture_fish_count": null,
    "aquaculture_fish_species": "",
    "aquaculture_fish_species_other": "",
    "receipt_station": null,
    "fuel_station_expense_category": "",
    "tenant_reporting_category": null
  }
},
{
  "model": "api.billline",
  "pk": 35,
  "fields": {
    "bill": 14,
    "item": null,
    "tank": null,
    "description": "Utilities — Electricity",
    "quantity": "1.0000",
    "unit_price": "12500.00",
    "amount": "12500.00",
    "expense_account": 100,
    "aquaculture_pond": 5,
    "aquaculture_production_cycle": 48,
    "aquaculture_cost_bucket": "",
    "aquaculture_fish_weight_kg": null,
    "aquaculture_fish_count": null,
    "aquaculture_fish_species": "",
    "aquaculture_fish_species_other": "",
    "receipt_station": null,
    "fuel_station_expense_category": "",
    "tenant_reporting_category": null
  }
},
{
  "model": "api.billline",
  "pk": 37,
  "fields": {
    "bill": 15,
    "item": null,
    "tank": null,
    "description": "Utilities — Electricity",
    "quantity": "1.0000",
    "unit_price": "15000.00",
    "amount": "15000.00",
    "expense_account": 63,
    "aquaculture_pond": null,
    "aquaculture_production_cycle": null,
    "aquaculture_cost_bucket": "",
    "aquaculture_fish_weight_kg": null,
    "aquaculture_fish_count": null,
    "aquaculture_fish_species": "",
    "aquaculture_fish_species_other": "",
    "receipt_station": null,
    "fuel_station_expense_category": "utilities",
    "tenant_reporting_category": null
  }
},
{
  "model": "api.billline",
  "pk": 42,
  "fields": {
    "bill": 17,
    "item": 25,
    "tank": null,
    "description": "Salt",
    "quantity": "1500.0000",
    "unit_price": "40.00",
    "amount": "60000.00",
    "expense_account": null,
    "aquaculture_pond": null,
    "aquaculture_production_cycle": null,
    "aquaculture_cost_bucket": "",
    "aquaculture_fish_weight_kg": null,
    "aquaculture_fish_count": null,
    "aquaculture_fish_species": "",
    "aquaculture_fish_species_other": "",
    "receipt_station": null,
    "fuel_station_expense_category": "",
    "tenant_reporting_category": null
  }
},
{
  "model": "api.billline",
  "pk": 44,
  "fields": {
    "bill": 19,
    "item": 24,
    "tank": null,
    "description": "Agricultural Lime",
    "quantity": "200.0000",
    "unit_price": "50.00",
    "amount": "10000.00",
    "expense_account": null,
    "aquaculture_pond": null,
    "aquaculture_production_cycle": null,
    "aquaculture_cost_bucket": "",
    "aquaculture_fish_weight_kg": null,
    "aquaculture_fish_count": null,
    "aquaculture_fish_species": "",
    "aquaculture_fish_species_other": "",
    "receipt_station": 4,
    "fuel_station_expense_category": "",
    "tenant_reporting_category": null
  }
},
{
  "model": "api.billline",
  "pk": 45,
  "fields": {
    "bill": 20,
    "item": 76,
    "tank": null,
    "description": "Zeolite",
    "quantity": "500.0000",
    "unit_price": "120.00",
    "amount": "60000.00",
    "expense_account": null,
    "aquaculture_pond": null,
    "aquaculture_production_cycle": null,
    "aquaculture_cost_bucket": "",
    "aquaculture_fish_weight_kg": null,
    "aquaculture_fish_count": null,
    "aquaculture_fish_species": "",
    "aquaculture_fish_species_other": "",
    "receipt_station": 4,
    "fuel_station_expense_category": "",
    "tenant_reporting_category": null
  }
},
{
  "model": "api.billline",
  "pk": 46,
  "fields": {
    "bill": 21,
    "item": 17,
    "tank": null,
    "description": "CP Tilapia Grower",
    "quantity": "120.0000",
    "unit_price": "2200.00",
    "amount": "264000.00",
    "expense_account": null,
    "aquaculture_pond": null,
    "aquaculture_production_cycle": null,
    "aquaculture_cost_bucket": "",
    "aquaculture_fish_weight_kg": null,
    "aquaculture_fish_count": null,
    "aquaculture_fish_species": "",
    "aquaculture_fish_species_other": "",
    "receipt_station": 4,
    "fuel_station_expense_category": "",
    "tenant_reporting_category": null
  }
},
{
  "model": "api.billline",
  "pk": 47,
  "fields": {
    "bill": 22,
    "item": 1,
    "tank": null,
    "description": "Drinking Water (500ml) (demo line)",
    "quantity": "50.0000",
    "unit_price": "250.00",
    "amount": "12500.00",
    "expense_account": null,
    "aquaculture_pond": null,
    "aquaculture_production_cycle": null,
    "aquaculture_cost_bucket": "",
    "aquaculture_fish_weight_kg": null,
    "aquaculture_fish_count": null,
    "aquaculture_fish_species": "",
    "aquaculture_fish_species_other": "",
    "receipt_station": null,
    "fuel_station_expense_category": "",
    "tenant_reporting_category": null
  }
},
{
  "model": "api.billline",
  "pk": 48,
  "fields": {
    "bill": 23,
    "item": 1,
    "tank": null,
    "description": "Drinking Water (500ml) (bulk demo line 1)",
    "quantity": "11.0000",
    "unit_price": "410.00",
    "amount": "6000.00",
    "expense_account": null,
    "aquaculture_pond": 22,
    "aquaculture_production_cycle": 51,
    "aquaculture_cost_bucket": "feed",
    "aquaculture_fish_weight_kg": null,
    "aquaculture_fish_count": null,
    "aquaculture_fish_species": "",
    "aquaculture_fish_species_other": "",
    "receipt_station": null,
    "fuel_station_expense_category": "",
    "tenant_reporting_category": null
  }
},
{
  "model": "api.billline",
  "pk": 49,
  "fields": {
    "bill": 24,
    "item": 1,
    "tank": null,
    "description": "Drinking Water (500ml) (bulk demo line 2)",
    "quantity": "12.0000",
    "unit_price": "420.00",
    "amount": "7000.00",
    "expense_account": null,
    "aquaculture_pond": 23,
    "aquaculture_production_cycle": 52,
    "aquaculture_cost_bucket": "equipment",
    "aquaculture_fish_weight_kg": null,
    "aquaculture_fish_count": null,
    "aquaculture_fish_species": "",
    "aquaculture_fish_species_other": "",
    "receipt_station": null,
    "fuel_station_expense_category": "",
    "tenant_reporting_category": null
  }
},
{
  "model": "api.billline",
  "pk": 50,
  "fields": {
    "bill": 25,
    "item": 1,
    "tank": null,
    "description": "Drinking Water (500ml) (bulk demo line 3)",
    "quantity": "13.0000",
    "unit_price": "430.00",
    "amount": "8000.00",
    "expense_account": null,
    "aquaculture_pond": 24,
    "aquaculture_production_cycle": 53,
    "aquaculture_cost_bucket": "feed",
    "aquaculture_fish_weight_kg": null,
    "aquaculture_fish_count": null,
    "aquaculture_fish_species": "",
    "aquaculture_fish_species_other": "",
    "receipt_station": null,
    "fuel_station_expense_category": "",
    "tenant_reporting_category": null
  }
},
{
  "model": "api.billline",
  "pk": 51,
  "fields": {
    "bill": 26,
    "item": 1,
    "tank": null,
    "description": "Drinking Water (500ml) (bulk demo line 4)",
    "quantity": "14.0000",
    "unit_price": "440.00",
    "amount": "9000.00",
    "expense_account": null,
    "aquaculture_pond": null,
    "aquaculture_production_cycle": null,
    "aquaculture_cost_bucket": "",
    "aquaculture_fish_weight_kg": null,
    "aquaculture_fish_count": null,
    "aquaculture_fish_species": "",
    "aquaculture_fish_species_other": "",
    "receipt_station": null,
    "fuel_station_expense_category": "",
    "tenant_reporting_category": null
  }
},
{
  "model": "api.billline",
  "pk": 52,
  "fields": {
    "bill": 27,
    "item": 1,
    "tank": null,
    "description": "Drinking Water (500ml) (bulk demo line 5)",
    "quantity": "15.0000",
    "unit_price": "450.00",
    "amount": "10000.00",
    "expense_account": null,
    "aquaculture_pond": null,
    "aquaculture_production_cycle": null,
    "aquaculture_cost_bucket": "",
    "aquaculture_fish_weight_kg": null,
    "aquaculture_fish_count": null,
    "aquaculture_fish_species": "",
    "aquaculture_fish_species_other": "",
    "receipt_station": null,
    "fuel_station_expense_category": "",
    "tenant_reporting_category": null
  }
},
{
  "model": "api.billline",
  "pk": 53,
  "fields": {
    "bill": 28,
    "item": 111,
    "tank": null,
    "description": "Grower feed 25kg sacks",
    "quantity": "50.0000",
    "unit_price": "2850.00",
    "amount": "142500.00",
    "expense_account": null,
    "aquaculture_pond": null,
    "aquaculture_production_cycle": null,
    "aquaculture_cost_bucket": "",
    "aquaculture_fish_weight_kg": null,
    "aquaculture_fish_count": null,
    "aquaculture_fish_species": "",
    "aquaculture_fish_species_other": "",
    "receipt_station": null,
    "fuel_station_expense_category": "",
    "tenant_reporting_category": null
  }
},
{
  "model": "api.billline",
  "pk": 54,
  "fields": {
    "bill": 29,
    "item": 85,
    "tank": null,
    "description": "Oxytetracycline (OTC / Terramycin)",
    "quantity": "10.0000",
    "unit_price": "1850.00",
    "amount": "18500.00",
    "expense_account": null,
    "aquaculture_pond": null,
    "aquaculture_production_cycle": null,
    "aquaculture_cost_bucket": "",
    "aquaculture_fish_weight_kg": null,
    "aquaculture_fish_count": null,
    "aquaculture_fish_species": "",
    "aquaculture_fish_species_other": "",
    "receipt_station": null,
    "fuel_station_expense_category": "",
    "tenant_reporting_category": null
  }
},
{
  "model": "api.billline",
  "pk": 55,
  "fields": {
    "bill": 30,
    "item": null,
    "tank": null,
    "description": "Octane",
    "quantity": "4500.0000",
    "unit_price": "122.00",
    "amount": "549000.00",
    "expense_account": null,
    "aquaculture_pond": null,
    "aquaculture_production_cycle": null,
    "aquaculture_cost_bucket": "",
    "aquaculture_fish_weight_kg": null,
    "aquaculture_fish_count": null,
    "aquaculture_fish_species": "",
    "aquaculture_fish_species_other": "",
    "receipt_station": null,
    "fuel_station_expense_category": "cost_of_sales",
    "tenant_reporting_category": null
  }
},
{
  "model": "api.billline",
  "pk": 56,
  "fields": {
    "bill": 30,
    "item": 12,
    "tank": 1,
    "description": "Diesel",
    "quantity": "9000.0000",
    "unit_price": "96.00",
    "amount": "864000.00",
    "expense_account": null,
    "aquaculture_pond": null,
    "aquaculture_production_cycle": null,
    "aquaculture_cost_bucket": "",
    "aquaculture_fish_weight_kg": null,
    "aquaculture_fish_count": null,
    "aquaculture_fish_species": "",
    "aquaculture_fish_species_other": "",
    "receipt_station": null,
    "fuel_station_expense_category": "",
    "tenant_reporting_category": null
  }
},
{
  "model": "api.billline",
  "pk": 58,
  "fields": {
    "bill": 31,
    "item": 15,
    "tank": 2,
    "description": "Octane",
    "quantity": "4500.0000",
    "unit_price": "134.00",
    "amount": "603000.00",
    "expense_account": null,
    "aquaculture_pond": null,
    "aquaculture_production_cycle": null,
    "aquaculture_cost_bucket": "",
    "aquaculture_fish_weight_kg": null,
    "aquaculture_fish_count": null,
    "aquaculture_fish_species": "",
    "aquaculture_fish_species_other": "",
    "receipt_station": 1,
    "fuel_station_expense_category": "",
    "tenant_reporting_category": null
  }
},
{
  "model": "api.billline",
  "pk": 59,
  "fields": {
    "bill": 32,
    "item": 12,
    "tank": 1,
    "description": "Diesel",
    "quantity": "4500.0000",
    "unit_price": "96.00",
    "amount": "432000.00",
    "expense_account": null,
    "aquaculture_pond": null,
    "aquaculture_production_cycle": null,
    "aquaculture_cost_bucket": "",
    "aquaculture_fish_weight_kg": null,
    "aquaculture_fish_count": null,
    "aquaculture_fish_species": "",
    "aquaculture_fish_species_other": "",
    "receipt_station": null,
    "fuel_station_expense_category": "",
    "tenant_reporting_category": null
  }
},
{
  "model": "api.billline",
  "pk": 60,
  "fields": {
    "bill": 32,
    "item": 7,
    "tank": null,
    "description": "Coolant (1L)",
    "quantity": "4500.0000",
    "unit_price": "180.00",
    "amount": "810000.00",
    "expense_account": null,
    "aquaculture_pond": null,
    "aquaculture_production_cycle": null,
    "aquaculture_cost_bucket": "",
    "aquaculture_fish_weight_kg": null,
    "aquaculture_fish_count": null,
    "aquaculture_fish_species": "",
    "aquaculture_fish_species_other": "",
    "receipt_station": null,
    "fuel_station_expense_category": "",
    "tenant_reporting_category": null
  }
},
{
  "model": "api.billline",
  "pk": 61,
  "fields": {
    "bill": 33,
    "item": 18,
    "tank": null,
    "description": "Tilapia Fry",
    "quantity": "166.6667",
    "unit_price": "6600.00",
    "amount": "1100000.00",
    "expense_account": null,
    "aquaculture_pond": 2,
    "aquaculture_production_cycle": 24,
    "aquaculture_cost_bucket": "",
    "aquaculture_fish_weight_kg": "166.6667",
    "aquaculture_fish_count": 500000,
    "aquaculture_fish_species": "tilapia",
    "aquaculture_fish_species_other": "",
    "receipt_station": null,
    "fuel_station_expense_category": "",
    "tenant_reporting_category": null
  }
},
{
  "model": "api.billline",
  "pk": 65,
  "fields": {
    "bill": 34,
    "item": 18,
    "tank": null,
    "description": "Tilapia Fry",
    "quantity": "166.6667",
    "unit_price": "6600.00",
    "amount": "1100000.00",
    "expense_account": null,
    "aquaculture_pond": 2,
    "aquaculture_production_cycle": 24,
    "aquaculture_cost_bucket": "fry_stocking",
    "aquaculture_fish_weight_kg": "166.6667",
    "aquaculture_fish_count": 500000,
    "aquaculture_fish_species": "tilapia",
    "aquaculture_fish_species_other": "",
    "receipt_station": null,
    "fuel_station_expense_category": "",
    "tenant_reporting_category": null
  }
},
{
  "model": "api.payment",
  "pk": 1,
  "fields": {
    "company": 1,
    "payment_type": "made",
    "customer": null,
    "vendor": 1,
    "bank_account": 6,
    "bank_deposit": null,
    "amount": "528000.00",
    "payment_date": "2026-05-07",
    "payment_method": "bank_transfer",
    "reference": "BULK-VEND-01",
    "memo": "Payment to CP Bangladesh Limited (BULK-VEND-01)\nContact: AP Desk\nEmail: bulk-vend-1@demo.local\nPhone: +880-2-9000001\nAddress: Demo Industrial Block 1, Dhaka",
    "idempotency_key": "",
    "vendor_ap_decremented": true,
    "station": 4,
    "created_at": "2026-05-07T04:28:42.510Z",
    "updated_at": "2026-05-07T04:28:42.510Z"
  }
},
{
  "model": "api.payment",
  "pk": 2,
  "fields": {
    "company": 1,
    "payment_type": "made",
    "customer": null,
    "vendor": 1,
    "bank_account": 6,
    "bank_deposit": null,
    "amount": "600000.00",
    "payment_date": "2026-05-08",
    "payment_method": "bank_transfer",
    "reference": "BULK-VEND-01",
    "memo": "Payment to CP Bangladesh Limited (BULK-VEND-01)\nContact: AP Desk\nEmail: bulk-vend-1@demo.local\nPhone: +880-2-9000001\nAddress: Demo Industrial Block 1, Dhaka",
    "idempotency_key": "",
    "vendor_ap_decremented": true,
    "station": 4,
    "created_at": "2026-05-08T12:54:08.449Z",
    "updated_at": "2026-05-08T12:54:08.449Z"
  }
},
{
  "model": "api.payment",
  "pk": 3,
  "fields": {
    "company": 1,
    "payment_type": "received",
    "customer": 3,
    "vendor": null,
    "bank_account": 6,
    "bank_deposit": null,
    "amount": "50000.00",
    "payment_date": "2026-05-08",
    "payment_method": "cash",
    "reference": "CUST-2",
    "memo": "Payment received from Nadim Bapari (CUST-2)",
    "idempotency_key": "",
    "vendor_ap_decremented": false,
    "station": 4,
    "created_at": "2026-05-08T17:15:53.044Z",
    "updated_at": "2026-05-08T17:19:07.578Z"
  }
},
{
  "model": "api.payment",
  "pk": 4,
  "fields": {
    "company": 1,
    "payment_type": "received",
    "customer": 3,
    "vendor": null,
    "bank_account": 6,
    "bank_deposit": null,
    "amount": "473725.00",
    "payment_date": "2026-05-08",
    "payment_method": "bank_transfer",
    "reference": "CUST-2",
    "memo": "Payment received from Nadim Bapari (CUST-2)",
    "idempotency_key": "",
    "vendor_ap_decremented": false,
    "station": 4,
    "created_at": "2026-05-08T17:34:50.324Z",
    "updated_at": "2026-05-08T17:34:50.324Z"
  }
},
{
  "model": "api.payment",
  "pk": 5,
  "fields": {
    "company": 1,
    "payment_type": "received",
    "customer": 3,
    "vendor": null,
    "bank_account": 6,
    "bank_deposit": null,
    "amount": "39000.00",
    "payment_date": "2026-05-11",
    "payment_method": "cash",
    "reference": "CUST-2",
    "memo": "Payment received from Nadim Bapari (CUST-2)",
    "idempotency_key": "",
    "vendor_ap_decremented": false,
    "station": 4,
    "created_at": "2026-05-11T12:45:02.152Z",
    "updated_at": "2026-05-11T12:45:02.152Z"
  }
},
{
  "model": "api.payment",
  "pk": 7,
  "fields": {
    "company": 1,
    "payment_type": "received",
    "customer": 22,
    "vendor": null,
    "bank_account": null,
    "bank_deposit": null,
    "amount": "15000.00",
    "payment_date": "2026-05-22",
    "payment_method": "cash",
    "reference": "COMP-DEMO-RCV-001",
    "memo": "[COMP-DEMO] Partial AR receipt — Metro Transport",
    "idempotency_key": "",
    "vendor_ap_decremented": false,
    "station": 1,
    "created_at": "2026-05-26T14:14:40.671Z",
    "updated_at": "2026-05-26T14:14:40.671Z"
  }
},
{
  "model": "api.payment",
  "pk": 8,
  "fields": {
    "company": 1,
    "payment_type": "received",
    "customer": 22,
    "vendor": null,
    "bank_account": null,
    "bank_deposit": 1,
    "amount": "8500.00",
    "payment_date": "2026-05-23",
    "payment_method": "cash",
    "reference": "COMP-DEMO-RCV-DEP",
    "memo": "[COMP-DEMO] Undeposited cash for bank deposit batch",
    "idempotency_key": "",
    "vendor_ap_decremented": false,
    "station": 1,
    "created_at": "2026-05-26T14:14:40.671Z",
    "updated_at": "2026-05-26T14:14:40.671Z"
  }
},
{
  "model": "api.payment",
  "pk": 9,
  "fields": {
    "company": 1,
    "payment_type": "made",
    "customer": null,
    "vendor": 14,
    "bank_account": 5,
    "bank_deposit": null,
    "amount": "10000.00",
    "payment_date": "2026-05-20",
    "payment_method": "transfer",
    "reference": "COMP-DEMO-MADE-001",
    "memo": "[COMP-DEMO] Partial vendor payment — medicine bill",
    "idempotency_key": "",
    "vendor_ap_decremented": true,
    "station": 5,
    "created_at": "2026-05-26T14:14:40.688Z",
    "updated_at": "2026-05-26T14:14:40.688Z"
  }
},
{
  "model": "api.paymentinvoiceallocation",
  "pk": 2,
  "fields": {
    "payment": 3,
    "invoice": 1,
    "amount": "50000.00"
  }
},
{
  "model": "api.paymentinvoiceallocation",
  "pk": 3,
  "fields": {
    "payment": 4,
    "invoice": 2,
    "amount": "459725.00"
  }
},
{
  "model": "api.paymentinvoiceallocation",
  "pk": 4,
  "fields": {
    "payment": 4,
    "invoice": 1,
    "amount": "14000.00"
  }
},
{
  "model": "api.paymentinvoiceallocation",
  "pk": 5,
  "fields": {
    "payment": 5,
    "invoice": 3,
    "amount": "39000.00"
  }
},
{
  "model": "api.paymentinvoiceallocation",
  "pk": 6,
  "fields": {
    "payment": 7,
    "invoice": 16,
    "amount": "15000.00"
  }
},
{
  "model": "api.paymentbillallocation",
  "pk": 1,
  "fields": {
    "payment": 1,
    "bill": 6,
    "amount": "528000.00"
  }
},
{
  "model": "api.paymentbillallocation",
  "pk": 2,
  "fields": {
    "payment": 2,
    "bill": 7,
    "amount": "600000.00"
  }
},
{
  "model": "api.paymentbillallocation",
  "pk": 5,
  "fields": {
    "payment": 9,
    "bill": 29,
    "amount": "10000.00"
  }
},
{
  "model": "api.shifttemplate",
  "pk": 1,
  "fields": {
    "company": 1,
    "name": "Day Shift",
    "start_time": "06:00:00",
    "end_time": "14:00:00",
    "created_at": "2026-05-22T02:47:26.844Z",
    "updated_at": "2026-05-22T02:47:26.844Z"
  }
},
{
  "model": "api.shifttemplate",
  "pk": 2,
  "fields": {
    "company": 1,
    "name": "Evening Shift",
    "start_time": "14:00:00",
    "end_time": "22:00:00",
    "created_at": "2026-05-22T02:47:26.868Z",
    "updated_at": "2026-05-22T02:47:26.868Z"
  }
},
{
  "model": "api.shifttemplate",
  "pk": 3,
  "fields": {
    "company": 1,
    "name": "Night Shift",
    "start_time": "22:00:00",
    "end_time": "06:00:00",
    "created_at": "2026-05-22T02:47:26.889Z",
    "updated_at": "2026-05-22T02:47:26.889Z"
  }
},
{
  "model": "api.shifttemplate",
  "pk": 4,
  "fields": {
    "company": 2,
    "name": "Day Shift",
    "start_time": "06:00:00",
    "end_time": "14:00:00",
    "created_at": "2026-05-22T02:47:26.911Z",
    "updated_at": "2026-05-22T02:47:26.911Z"
  }
},
{
  "model": "api.shifttemplate",
  "pk": 5,
  "fields": {
    "company": 2,
    "name": "Evening Shift",
    "start_time": "14:00:00",
    "end_time": "22:00:00",
    "created_at": "2026-05-22T02:47:26.939Z",
    "updated_at": "2026-05-22T02:47:26.939Z"
  }
},
{
  "model": "api.shifttemplate",
  "pk": 6,
  "fields": {
    "company": 2,
    "name": "Night Shift",
    "start_time": "22:00:00",
    "end_time": "06:00:00",
    "created_at": "2026-05-22T02:47:26.964Z",
    "updated_at": "2026-05-22T02:47:26.964Z"
  }
},
{
  "model": "api.shifttemplate",
  "pk": 7,
  "fields": {
    "company": 3,
    "name": "Day Shift",
    "start_time": "06:00:00",
    "end_time": "14:00:00",
    "created_at": "2026-05-22T02:47:26.988Z",
    "updated_at": "2026-05-22T02:47:26.988Z"
  }
},
{
  "model": "api.shifttemplate",
  "pk": 8,
  "fields": {
    "company": 3,
    "name": "Evening Shift",
    "start_time": "14:00:00",
    "end_time": "22:00:00",
    "created_at": "2026-05-22T02:47:27.016Z",
    "updated_at": "2026-05-22T02:47:27.016Z"
  }
},
{
  "model": "api.shifttemplate",
  "pk": 9,
  "fields": {
    "company": 3,
    "name": "Night Shift",
    "start_time": "22:00:00",
    "end_time": "06:00:00",
    "created_at": "2026-05-22T02:47:27.038Z",
    "updated_at": "2026-05-22T02:47:27.038Z"
  }
},
{
  "model": "api.shiftsession",
  "pk": 1,
  "fields": {
    "company": 1,
    "station": 1,
    "template": 1,
    "opened_at": "2026-05-26T00:14:40.731Z",
    "closed_at": "2026-05-26T12:14:40.731Z",
    "opened_by_user_id": null,
    "closed_by_user_id": null,
    "opening_cash_float": "5000.00",
    "expected_cash_total": "18450.00",
    "closing_cash_counted": "18420.00",
    "cash_variance": "-30.00",
    "total_sales_amount": "13450.00",
    "sale_transaction_count": 47,
    "opening_meters": [],
    "closing_meters": [],
    "employee_schedule": [
      {
        "employee_id": 1,
        "first_name": "Yunus",
        "last_name": "Khan",
        "scheduled_start": "2026-05-26T00:14:40.731720+00:00",
        "scheduled_end": "2026-05-26T12:14:40.731720+00:00",
        "notes": "[COMP-DEMO] Day shift attendant"
      }
    ],
    "created_at": "2026-05-26T14:14:40.731Z",
    "updated_at": "2026-05-26T14:14:40.731Z"
  }
},
{
  "model": "api.shiftsession",
  "pk": 2,
  "fields": {
    "company": 1,
    "station": 1,
    "template": 1,
    "opened_at": "2026-05-26T08:14:40.731Z",
    "closed_at": "2026-06-07T03:24:01.133Z",
    "opened_by_user_id": null,
    "closed_by_user_id": 1,
    "opening_cash_float": "5000.00",
    "expected_cash_total": "17400.00",
    "closing_cash_counted": "0.00",
    "cash_variance": "-22400.00",
    "total_sales_amount": "12400.00",
    "sale_transaction_count": 9,
    "opening_meters": [],
    "closing_meters": [
      {
        "meter_id": 1,
        "reading": "230",
        "previous_reading": "230.0000",
        "meter_name": "Diesel Meter",
        "dispenser_name": "Dispenser 1"
      },
      {
        "meter_id": 2,
        "reading": "80",
        "previous_reading": "80.0000",
        "meter_name": "Octane Meter",
        "dispenser_name": "Dispenser 1"
      },
      {
        "meter_id": 3,
        "reading": "0",
        "previous_reading": "0.0000",
        "meter_name": "Diesel Meter 2",
        "dispenser_name": "Dispenser 2"
      },
      {
        "meter_id": 5,
        "reading": "0",
        "previous_reading": "0.0000",
        "meter_name": "Petrol Meter",
        "dispenser_name": "Dispenser 1"
      },
      {
        "meter_id": 6,
        "reading": "0",
        "previous_reading": "0.0000",
        "meter_name": "Petrol Meter 2",
        "dispenser_name": "Dispenser 2"
      }
    ],
    "employee_schedule": [
      {
        "employee_id": 1,
        "first_name": "Yunus",
        "last_name": "Khan",
        "scheduled_start": "2026-05-26T00:14:40.731720+00:00",
        "scheduled_end": "2026-05-26T12:14:40.731720+00:00",
        "notes": "[COMP-DEMO] Day shift attendant"
      }
    ],
    "created_at": "2026-05-26T14:14:40.738Z",
    "updated_at": "2026-06-07T03:24:01.133Z"
  }
},
{
  "model": "api.tankdip",
  "pk": 1,
  "fields": {
    "company": 1,
    "tank": 1,
    "dip_date": "2026-05-26",
    "volume": "4770.0000",
    "book_stock_before": "4770.0000",
    "water_level": "0.0000",
    "notes": "Demo dip — seed_master_full_demo",
    "created_at": "2026-05-26T14:01:57.346Z",
    "updated_at": "2026-05-26T14:01:57.346Z"
  }
},
{
  "model": "api.tankdip",
  "pk": 2,
  "fields": {
    "company": 1,
    "tank": 2,
    "dip_date": "2026-05-26",
    "volume": "7000.0000",
    "book_stock_before": "7000.0000",
    "water_level": "0.0000",
    "notes": "Demo dip — seed_master_full_demo",
    "created_at": "2026-05-26T14:01:57.362Z",
    "updated_at": "2026-05-26T14:01:57.362Z"
  }
},
{
  "model": "api.tankdip",
  "pk": 3,
  "fields": {
    "company": 1,
    "tank": 3,
    "dip_date": "2026-05-26",
    "volume": "3000.0000",
    "book_stock_before": "3000.0000",
    "water_level": "0.0000",
    "notes": "Demo dip — seed_master_full_demo",
    "created_at": "2026-05-26T14:01:57.379Z",
    "updated_at": "2026-05-26T14:01:57.379Z"
  }
},
{
  "model": "api.tankdip",
  "pk": 4,
  "fields": {
    "company": 1,
    "tank": 1,
    "dip_date": "2026-05-19",
    "volume": "4525.0000",
    "book_stock_before": "4550.0000",
    "water_level": null,
    "notes": "[COMP-DEMO] COMP-DEMO-DIP — weekly stick reading",
    "created_at": "2026-05-26T14:14:41.038Z",
    "updated_at": "2026-05-26T14:14:41.038Z"
  }
},
{
  "model": "api.tankdip",
  "pk": 5,
  "fields": {
    "company": 1,
    "tank": 1,
    "dip_date": "2026-05-21",
    "volume": "4595.0000",
    "book_stock_before": "4620.0000",
    "water_level": null,
    "notes": "[COMP-DEMO] COMP-DEMO-DIP — weekly stick reading",
    "created_at": "2026-05-26T14:14:41.055Z",
    "updated_at": "2026-05-26T14:14:41.055Z"
  }
},
{
  "model": "api.tankdip",
  "pk": 6,
  "fields": {
    "company": 1,
    "tank": 1,
    "dip_date": "2026-05-23",
    "volume": "4665.0000",
    "book_stock_before": "4690.0000",
    "water_level": null,
    "notes": "[COMP-DEMO] COMP-DEMO-DIP — weekly stick reading",
    "created_at": "2026-05-26T14:14:41.072Z",
    "updated_at": "2026-05-26T14:14:41.072Z"
  }
},
{
  "model": "api.tankdip",
  "pk": 7,
  "fields": {
    "company": 1,
    "tank": 1,
    "dip_date": "2026-05-25",
    "volume": "4735.0000",
    "book_stock_before": "4760.0000",
    "water_level": null,
    "notes": "[COMP-DEMO] COMP-DEMO-DIP — weekly stick reading",
    "created_at": "2026-05-26T14:14:41.072Z",
    "updated_at": "2026-05-26T14:14:41.072Z"
  }
},
{
  "model": "api.tankdip",
  "pk": 8,
  "fields": {
    "company": 1,
    "tank": 2,
    "dip_date": "2026-05-19",
    "volume": "6755.0000",
    "book_stock_before": "6780.0000",
    "water_level": null,
    "notes": "[COMP-DEMO] COMP-DEMO-DIP — weekly stick reading",
    "created_at": "2026-05-26T14:14:41.088Z",
    "updated_at": "2026-05-26T14:14:41.088Z"
  }
},
{
  "model": "api.tankdip",
  "pk": 9,
  "fields": {
    "company": 1,
    "tank": 2,
    "dip_date": "2026-05-21",
    "volume": "6825.0000",
    "book_stock_before": "6850.0000",
    "water_level": null,
    "notes": "[COMP-DEMO] COMP-DEMO-DIP — weekly stick reading",
    "created_at": "2026-05-26T14:14:41.105Z",
    "updated_at": "2026-05-26T14:14:41.105Z"
  }
},
{
  "model": "api.tankdip",
  "pk": 10,
  "fields": {
    "company": 1,
    "tank": 2,
    "dip_date": "2026-05-23",
    "volume": "6895.0000",
    "book_stock_before": "6920.0000",
    "water_level": null,
    "notes": "[COMP-DEMO] COMP-DEMO-DIP — weekly stick reading",
    "created_at": "2026-05-26T14:14:41.119Z",
    "updated_at": "2026-05-26T14:14:41.119Z"
  }
},
{
  "model": "api.tankdip",
  "pk": 11,
  "fields": {
    "company": 1,
    "tank": 2,
    "dip_date": "2026-05-25",
    "volume": "6965.0000",
    "book_stock_before": "6990.0000",
    "water_level": null,
    "notes": "[COMP-DEMO] COMP-DEMO-DIP — weekly stick reading",
    "created_at": "2026-05-26T14:14:41.121Z",
    "updated_at": "2026-05-26T14:14:41.121Z"
  }
},
{
  "model": "api.tankdip",
  "pk": 12,
  "fields": {
    "company": 1,
    "tank": 3,
    "dip_date": "2026-05-19",
    "volume": "2755.0000",
    "book_stock_before": "2780.0000",
    "water_level": null,
    "notes": "[COMP-DEMO] COMP-DEMO-DIP — weekly stick reading",
    "created_at": "2026-05-26T14:14:41.138Z",
    "updated_at": "2026-05-26T14:14:41.138Z"
  }
},
{
  "model": "api.tankdip",
  "pk": 13,
  "fields": {
    "company": 1,
    "tank": 3,
    "dip_date": "2026-05-21",
    "volume": "2825.0000",
    "book_stock_before": "2850.0000",
    "water_level": null,
    "notes": "[COMP-DEMO] COMP-DEMO-DIP — weekly stick reading",
    "created_at": "2026-05-26T14:14:41.153Z",
    "updated_at": "2026-05-26T14:14:41.153Z"
  }
},
{
  "model": "api.tankdip",
  "pk": 14,
  "fields": {
    "company": 1,
    "tank": 3,
    "dip_date": "2026-05-23",
    "volume": "2895.0000",
    "book_stock_before": "2920.0000",
    "water_level": null,
    "notes": "[COMP-DEMO] COMP-DEMO-DIP — weekly stick reading",
    "created_at": "2026-05-26T14:14:41.154Z",
    "updated_at": "2026-05-26T14:14:41.154Z"
  }
},
{
  "model": "api.tankdip",
  "pk": 15,
  "fields": {
    "company": 1,
    "tank": 3,
    "dip_date": "2026-05-25",
    "volume": "2965.0000",
    "book_stock_before": "2990.0000",
    "water_level": null,
    "notes": "[COMP-DEMO] COMP-DEMO-DIP — weekly stick reading",
    "created_at": "2026-05-26T14:14:41.172Z",
    "updated_at": "2026-05-26T14:14:41.172Z"
  }
},
{
  "model": "api.tax",
  "pk": 1,
  "fields": {
    "company": 1,
    "name": "VAT",
    "description": "Value Added Tax (demo)",
    "is_active": true,
    "created_at": "2026-05-26T14:01:57.162Z",
    "updated_at": "2026-05-26T14:01:57.162Z"
  }
},
{
  "model": "api.taxrate",
  "pk": 1,
  "fields": {
    "tax": 1,
    "rate": "15.0000",
    "effective_from": "2025-05-26",
    "effective_to": null,
    "created_at": "2026-05-26T14:01:57.180Z",
    "updated_at": "2026-05-26T14:01:57.180Z"
  }
},
{
  "model": "api.loancounterparty",
  "pk": 1,
  "fields": {
    "company": 1,
    "code": "BULK-LENDER-CP",
    "name": "Bulk Demo Finance Ltd",
    "role_type": "bank",
    "party_kind": "lender",
    "opening_balance_type": "zero",
    "opening_balance": "0.00",
    "opening_balance_as_of": null,
    "opening_interest_applicable": false,
    "opening_annual_interest_rate": null,
    "opening_principal_account": null,
    "opening_equity_account": null,
    "opening_balance_journal": null,
    "opening_balance_station": null,
    "employee": null,
    "customer": null,
    "vendor": null,
    "phone": "",
    "email": "",
    "address": "",
    "tax_id": "",
    "notes": "",
    "is_active": true,
    "created_at": "2026-05-06T12:05:20.684Z",
    "updated_at": "2026-05-06T12:05:20.684Z"
  }
},
{
  "model": "api.loancounterparty",
  "pk": 2,
  "fields": {
    "company": 1,
    "code": "CP-00002",
    "name": "Momen Sarker",
    "role_type": "individual",
    "party_kind": "lender",
    "opening_balance_type": "zero",
    "opening_balance": "0.00",
    "opening_balance_as_of": null,
    "opening_interest_applicable": false,
    "opening_annual_interest_rate": null,
    "opening_principal_account": null,
    "opening_equity_account": null,
    "opening_balance_journal": null,
    "opening_balance_station": null,
    "employee": null,
    "customer": null,
    "vendor": null,
    "phone": "",
    "email": "",
    "address": "",
    "tax_id": "",
    "notes": "",
    "is_active": true,
    "created_at": "2026-05-26T07:30:14.128Z",
    "updated_at": "2026-05-26T07:30:14.128Z"
  }
},
{
  "model": "api.loancounterparty",
  "pk": 3,
  "fields": {
    "company": 1,
    "code": "CP-LENDER-DEMO",
    "name": "Demo City Bank (working capital)",
    "role_type": "bank",
    "party_kind": "lender",
    "opening_balance_type": "zero",
    "opening_balance": "0.00",
    "opening_balance_as_of": null,
    "opening_interest_applicable": false,
    "opening_annual_interest_rate": null,
    "opening_principal_account": null,
    "opening_equity_account": null,
    "opening_balance_journal": null,
    "opening_balance_station": null,
    "employee": null,
    "customer": null,
    "vendor": null,
    "phone": "",
    "email": "",
    "address": "",
    "tax_id": "",
    "notes": "",
    "is_active": true,
    "created_at": "2026-05-26T14:01:57.645Z",
    "updated_at": "2026-05-26T14:01:57.645Z"
  }
},
{
  "model": "api.loan",
  "pk": 1,
  "fields": {
    "company": 1,
    "station": 1,
    "loan_no": "BULK-LOAN-01",
    "direction": "borrowed",
    "status": "draft",
    "counterparty": 1,
    "banking_model": "conventional",
    "product_type": "term_loan",
    "parent_loan": null,
    "deal_reference": "",
    "title": "Bulk demo facility 1",
    "agreement_no": "",
    "principal_account": 40,
    "settlement_account": 3,
    "interest_account": 76,
    "interest_accrual_account": null,
    "islamic_contract_variant": "",
    "sanction_amount": "250000.00",
    "outstanding_principal": "0.00",
    "total_disbursed": "0.00",
    "total_repaid_principal": "0.00",
    "start_date": "2026-05-01",
    "maturity_date": "2029-12-31",
    "annual_interest_rate": "10.0000",
    "term_months": 36,
    "aquaculture_financing": false,
    "notes": "Bulk demo seed — draft loan.",
    "created_at": "2026-05-06T12:05:20.702Z",
    "updated_at": "2026-05-06T12:05:20.702Z"
  }
},
{
  "model": "api.loan",
  "pk": 2,
  "fields": {
    "company": 1,
    "station": 1,
    "loan_no": "BULK-LOAN-02",
    "direction": "borrowed",
    "status": "draft",
    "counterparty": 1,
    "banking_model": "conventional",
    "product_type": "term_loan",
    "parent_loan": null,
    "deal_reference": "",
    "title": "Bulk demo facility 2",
    "agreement_no": "",
    "principal_account": 40,
    "settlement_account": 3,
    "interest_account": 76,
    "interest_accrual_account": null,
    "islamic_contract_variant": "",
    "sanction_amount": "500000.00",
    "outstanding_principal": "0.00",
    "total_disbursed": "0.00",
    "total_repaid_principal": "0.00",
    "start_date": "2026-05-01",
    "maturity_date": "2029-12-31",
    "annual_interest_rate": "10.0000",
    "term_months": 36,
    "aquaculture_financing": false,
    "notes": "Bulk demo seed — draft loan.",
    "created_at": "2026-05-06T12:05:20.717Z",
    "updated_at": "2026-05-06T12:05:20.718Z"
  }
},
{
  "model": "api.loan",
  "pk": 3,
  "fields": {
    "company": 1,
    "station": 1,
    "loan_no": "BULK-LOAN-03",
    "direction": "borrowed",
    "status": "draft",
    "counterparty": 1,
    "banking_model": "conventional",
    "product_type": "term_loan",
    "parent_loan": null,
    "deal_reference": "",
    "title": "Bulk demo facility 3",
    "agreement_no": "",
    "principal_account": 40,
    "settlement_account": 3,
    "interest_account": 76,
    "interest_accrual_account": null,
    "islamic_contract_variant": "",
    "sanction_amount": "750000.00",
    "outstanding_principal": "0.00",
    "total_disbursed": "0.00",
    "total_repaid_principal": "0.00",
    "start_date": "2026-05-01",
    "maturity_date": "2029-12-31",
    "annual_interest_rate": "10.0000",
    "term_months": 36,
    "aquaculture_financing": false,
    "notes": "Bulk demo seed — draft loan.",
    "created_at": "2026-05-06T12:05:20.731Z",
    "updated_at": "2026-05-06T12:05:20.731Z"
  }
},
{
  "model": "api.loan",
  "pk": 4,
  "fields": {
    "company": 1,
    "station": 1,
    "loan_no": "BULK-LOAN-04",
    "direction": "borrowed",
    "status": "draft",
    "counterparty": 1,
    "banking_model": "conventional",
    "product_type": "term_loan",
    "parent_loan": null,
    "deal_reference": "",
    "title": "Bulk demo facility 4",
    "agreement_no": "",
    "principal_account": 40,
    "settlement_account": 3,
    "interest_account": 76,
    "interest_accrual_account": null,
    "islamic_contract_variant": "",
    "sanction_amount": "1000000.00",
    "outstanding_principal": "0.00",
    "total_disbursed": "0.00",
    "total_repaid_principal": "0.00",
    "start_date": "2026-05-01",
    "maturity_date": "2029-12-31",
    "annual_interest_rate": "10.0000",
    "term_months": 36,
    "aquaculture_financing": false,
    "notes": "Bulk demo seed — draft loan.",
    "created_at": "2026-05-06T12:05:20.744Z",
    "updated_at": "2026-05-06T12:05:20.744Z"
  }
},
{
  "model": "api.loan",
  "pk": 5,
  "fields": {
    "company": 1,
    "station": 1,
    "loan_no": "BULK-LOAN-05",
    "direction": "borrowed",
    "status": "draft",
    "counterparty": 1,
    "banking_model": "conventional",
    "product_type": "term_loan",
    "parent_loan": null,
    "deal_reference": "",
    "title": "Bulk demo facility 5",
    "agreement_no": "",
    "principal_account": 40,
    "settlement_account": 3,
    "interest_account": 76,
    "interest_accrual_account": null,
    "islamic_contract_variant": "",
    "sanction_amount": "1250000.00",
    "outstanding_principal": "0.00",
    "total_disbursed": "0.00",
    "total_repaid_principal": "0.00",
    "start_date": "2026-05-01",
    "maturity_date": "2029-12-31",
    "annual_interest_rate": "10.0000",
    "term_months": 36,
    "aquaculture_financing": false,
    "notes": "Bulk demo seed — draft loan.",
    "created_at": "2026-05-06T12:05:20.757Z",
    "updated_at": "2026-05-06T12:05:20.757Z"
  }
},
{
  "model": "api.loan",
  "pk": 6,
  "fields": {
    "company": 1,
    "station": null,
    "loan_no": "LN-00006",
    "direction": "borrowed",
    "status": "active",
    "counterparty": 1,
    "banking_model": "conventional",
    "product_type": "general",
    "parent_loan": null,
    "deal_reference": "",
    "title": "Term loan",
    "agreement_no": "2 years contract",
    "principal_account": 39,
    "settlement_account": 3,
    "interest_account": 76,
    "interest_accrual_account": null,
    "islamic_contract_variant": "",
    "sanction_amount": "5000000.00",
    "outstanding_principal": "5000000.00",
    "total_disbursed": "5000000.00",
    "total_repaid_principal": "0.00",
    "start_date": "2026-05-20",
    "maturity_date": "2028-12-31",
    "annual_interest_rate": "17.0000",
    "term_months": null,
    "aquaculture_financing": true,
    "notes": "",
    "created_at": "2026-05-20T05:01:20.604Z",
    "updated_at": "2026-05-20T05:04:38.892Z"
  }
},
{
  "model": "api.loan",
  "pk": 7,
  "fields": {
    "company": 1,
    "station": null,
    "loan_no": "LN-00007",
    "direction": "borrowed",
    "status": "active",
    "counterparty": 2,
    "banking_model": "conventional",
    "product_type": "general",
    "parent_loan": null,
    "deal_reference": "",
    "title": "",
    "agreement_no": "Monthly Interest base",
    "principal_account": 40,
    "settlement_account": 3,
    "interest_account": 76,
    "interest_accrual_account": null,
    "islamic_contract_variant": "",
    "sanction_amount": "7500000.00",
    "outstanding_principal": "7500000.00",
    "total_disbursed": "7500000.00",
    "total_repaid_principal": "0.00",
    "start_date": "2026-05-01",
    "maturity_date": "2027-12-31",
    "annual_interest_rate": "60.0000",
    "term_months": null,
    "aquaculture_financing": false,
    "notes": "",
    "created_at": "2026-05-26T07:32:46.578Z",
    "updated_at": "2026-05-26T07:32:46.578Z"
  }
},
{
  "model": "api.loan",
  "pk": 8,
  "fields": {
    "company": 1,
    "station": 1,
    "loan_no": "LOAN-DEMO-001",
    "direction": "borrowed",
    "status": "active",
    "counterparty": 3,
    "banking_model": "conventional",
    "product_type": "term_loan",
    "parent_loan": null,
    "deal_reference": "",
    "title": "Working capital term facility (demo)",
    "agreement_no": "",
    "principal_account": 40,
    "settlement_account": 3,
    "interest_account": 76,
    "interest_accrual_account": null,
    "islamic_contract_variant": "",
    "sanction_amount": "5000000.00",
    "outstanding_principal": "1300000.00",
    "total_disbursed": "1500000.00",
    "total_repaid_principal": "200000.00",
    "start_date": "2026-05-01",
    "maturity_date": "2031-12-31",
    "annual_interest_rate": "9.5000",
    "term_months": 60,
    "aquaculture_financing": false,
    "notes": "Application demo seed — activate and disburse from Loans UI when ready.",
    "created_at": "2026-05-26T14:01:57.667Z",
    "updated_at": "2026-05-26T14:01:57.667Z"
  }
},
{
  "model": "api.loandisbursement",
  "pk": 1,
  "fields": {
    "loan": 6,
    "disbursement_date": "2026-05-20",
    "amount": "5000000.00",
    "reference": "",
    "memo": "",
    "journal_entry": 41,
    "created_at": "2026-05-20T05:05:57.911Z"
  }
},
{
  "model": "api.loandisbursement",
  "pk": 2,
  "fields": {
    "loan": 7,
    "disbursement_date": "2026-05-26",
    "amount": "7500000.00",
    "reference": "",
    "memo": "",
    "journal_entry": 47,
    "created_at": "2026-05-26T07:36:58.695Z"
  }
},
{
  "model": "api.loandisbursement",
  "pk": 3,
  "fields": {
    "loan": 8,
    "disbursement_date": "2026-04-11",
    "amount": "1500000.00",
    "reference": "COMP-DEMO-DISP-001",
    "memo": "[COMP-DEMO] COMP-DEMO-LOAN — Initial drawdown",
    "journal_entry": 68,
    "created_at": "2026-05-26T14:14:40.939Z"
  }
},
{
  "model": "api.loanrepayment",
  "pk": 1,
  "fields": {
    "loan": 8,
    "repayment_date": "2026-05-11",
    "amount": "218750.00",
    "principal_amount": "200000.00",
    "interest_amount": "18750.00",
    "reference": "COMP-DEMO-REP-001",
    "memo": "[COMP-DEMO] COMP-DEMO-LOAN — First instalment",
    "journal_entry": 69,
    "reversed_at": null,
    "reversal_journal_entry": null,
    "created_at": "2026-05-26T14:14:40.939Z"
  }
},
{
  "model": "api.fixedasset",
  "pk": 1,
  "fields": {
    "company": 1,
    "station": null,
    "aquaculture_pond": null,
    "company_wide": true,
    "asset_number": "FA-00001",
    "name": "Yamaha V2 Bike",
    "description": "",
    "status": "active",
    "asset_account": 23,
    "accumulated_depreciation_account": 26,
    "depreciation_expense_account": 322,
    "settlement_account": 3,
    "acquisition_date": "2026-06-09",
    "in_service_date": "2026-06-09",
    "disposal_date": null,
    "acquisition_cost": "369999.99",
    "salvage_value": "120000.00",
    "useful_life_months": 60,
    "depreciation_method": "straight_line",
    "opening_accumulated_depreciation": "0.00",
    "accumulated_depreciation": "0.00",
    "last_depreciation_date": null,
    "acquisition_journal_entry": 112,
    "disposal_journal_entry": null,
    "memo": "",
    "created_at": "2026-06-09T02:12:22.018Z",
    "updated_at": "2026-06-09T02:13:00.251Z"
  }
},
{
  "model": "api.aquaculturewarehousegroup",
  "pk": 1,
  "fields": {
    "company": 1,
    "name": "Ashari shared shed",
    "code": "ASHARI-WH",
    "notes": "Canal-bund feed/medicine store for Ashari-1 and Ashari-2 (demo).",
    "is_active": true,
    "created_at": "2026-05-22T02:27:40.566Z",
    "updated_at": "2026-05-22T02:27:40.566Z"
  }
},
{
  "model": "api.aquaculturepond",
  "pk": 1,
  "fields": {
    "company": 2,
    "name": "Digonta-Grow Out",
    "code": "P01",
    "sort_order": 0,
    "is_active": true,
    "notes": "",
    "leasing_area_decimal": "480.00",
    "water_area_decimal": "400.00",
    "pond_depth_ft": "10.00",
    "lease_contract_start": "2024-01-01",
    "lease_contract_end": "2028-12-31",
    "lease_price_per_decimal_per_year": null,
    "lease_paid_to_landlord": "0.00",
    "pos_customer": 1,
    "auto_pos_customer": true,
    "default_feed_item": null,
    "default_medicine_item": null,
    "pond_role": "grow_out",
    "physical_site_name": "Digonta",
    "is_virtual": false,
    "linked_grow_out_pond": null,
    "warehouse_group": null,
    "pl_opening_journal": null,
    "prior_pl_zero_confirmed_at": null,
    "created_at": "2026-05-06T03:32:25.477Z",
    "updated_at": "2026-06-22T17:06:16.765Z"
  }
},
{
  "model": "api.aquaculturepond",
  "pk": 2,
  "fields": {
    "company": 1,
    "name": "Digonta",
    "code": "DIGONTA",
    "sort_order": 1,
    "is_active": true,
    "notes": "Nursing unit beside the hatchery channel. 40-mesh hapas; daily grading. Water ~0.65 dec effective surface; lease measured on 0.8 dec including bank strip.",
    "leasing_area_decimal": "0.80",
    "water_area_decimal": "0.65",
    "pond_depth_ft": "4.20",
    "lease_contract_start": "2019-06-01",
    "lease_contract_end": "2029-05-31",
    "lease_price_per_decimal_per_year": "18500.00",
    "lease_paid_to_landlord": "95000.00",
    "pos_customer": 9,
    "auto_pos_customer": true,
    "default_feed_item": null,
    "default_medicine_item": null,
    "pond_role": "nursing",
    "physical_site_name": "Digonta",
    "is_virtual": false,
    "linked_grow_out_pond": 31,
    "warehouse_group": null,
    "pl_opening_journal": null,
    "prior_pl_zero_confirmed_at": null,
    "created_at": "2026-05-06T04:43:19.825Z",
    "updated_at": "2026-06-22T17:06:17.137Z"
  }
},
{
  "model": "api.aquaculturepond",
  "pk": 3,
  "fields": {
    "company": 1,
    "name": "Mynuddin",
    "code": "MYNUDDIN",
    "sort_order": 2,
    "is_active": true,
    "notes": "Main grow-out: paddlewheel aeration on south corner; monosex tilapia from spring nursing transfer. Leasing area includes access path on north bund.",
    "leasing_area_decimal": "2.65",
    "water_area_decimal": "2.40",
    "pond_depth_ft": "5.80",
    "lease_contract_start": "2019-06-01",
    "lease_contract_end": "2029-05-31",
    "lease_price_per_decimal_per_year": "18500.00",
    "lease_paid_to_landlord": "310000.00",
    "pos_customer": 10,
    "auto_pos_customer": true,
    "default_feed_item": 17,
    "default_medicine_item": null,
    "pond_role": "grow_out",
    "physical_site_name": "Mynuddin",
    "is_virtual": false,
    "linked_grow_out_pond": null,
    "warehouse_group": null,
    "pl_opening_journal": null,
    "prior_pl_zero_confirmed_at": null,
    "created_at": "2026-05-06T04:43:19.840Z",
    "updated_at": "2026-06-22T17:06:16.767Z"
  }
},
{
  "model": "api.aquaculturepond",
  "pk": 4,
  "fields": {
    "company": 1,
    "name": "Ashari-1",
    "code": "ASHARI1",
    "sort_order": 3,
    "is_active": true,
    "notes": "Largest production cell; deeper average depth for dry-season carry. Improved GIFT line; bamboo sluice maintenance budgeted each monsoon.",
    "leasing_area_decimal": "3.35",
    "water_area_decimal": "3.10",
    "pond_depth_ft": "6.20",
    "lease_contract_start": "2019-06-01",
    "lease_contract_end": "2029-05-31",
    "lease_price_per_decimal_per_year": "18500.00",
    "lease_paid_to_landlord": "400000.00",
    "pos_customer": 11,
    "auto_pos_customer": true,
    "default_feed_item": null,
    "default_medicine_item": null,
    "pond_role": "grow_out",
    "physical_site_name": "Ashari-1",
    "is_virtual": false,
    "linked_grow_out_pond": null,
    "warehouse_group": 1,
    "pl_opening_journal": null,
    "prior_pl_zero_confirmed_at": null,
    "created_at": "2026-05-06T04:43:19.853Z",
    "updated_at": "2026-06-22T17:06:16.768Z"
  }
},
{
  "model": "api.aquaculturepond",
  "pk": 5,
  "fields": {
    "company": 1,
    "name": "Ashari-2",
    "code": "ASHARI2",
    "sort_order": 4,
    "is_active": true,
    "notes": "Earthen pond with inlet from shared canal; slightly shallower — watch afternoon DO in April–May. Lease prepaid through contract term (balance zero in demo).",
    "leasing_area_decimal": "2.05",
    "water_area_decimal": "1.85",
    "pond_depth_ft": "5.00",
    "lease_contract_start": "2019-06-01",
    "lease_contract_end": "2029-05-31",
    "lease_price_per_decimal_per_year": "18500.00",
    "lease_paid_to_landlord": "379250.00",
    "pos_customer": 12,
    "auto_pos_customer": true,
    "default_feed_item": null,
    "default_medicine_item": null,
    "pond_role": "grow_out",
    "physical_site_name": "Ashari-2",
    "is_virtual": false,
    "linked_grow_out_pond": null,
    "warehouse_group": 1,
    "pl_opening_journal": null,
    "prior_pl_zero_confirmed_at": null,
    "created_at": "2026-05-06T04:43:19.867Z",
    "updated_at": "2026-06-22T17:06:16.768Z"
  }
},
{
  "model": "api.aquaculturepond",
  "pk": 19,
  "fields": {
    "company": 1,
    "name": "Digonta Nursing",
    "code": "P01",
    "sort_order": 0,
    "is_active": false,
    "notes": "[auto] Deactivated duplicate — use nursing pond 'Digonta' (id=2) and grow-out 'Digonta Nursing' on site Digonta.",
    "leasing_area_decimal": null,
    "water_area_decimal": "400.00",
    "pond_depth_ft": "10.00",
    "lease_contract_start": null,
    "lease_contract_end": null,
    "lease_price_per_decimal_per_year": null,
    "lease_paid_to_landlord": "0.00",
    "pos_customer": 7,
    "auto_pos_customer": true,
    "default_feed_item": null,
    "default_medicine_item": null,
    "pond_role": "grow_out",
    "physical_site_name": "Digonta",
    "is_virtual": false,
    "linked_grow_out_pond": null,
    "warehouse_group": null,
    "pl_opening_journal": null,
    "prior_pl_zero_confirmed_at": null,
    "created_at": "2026-05-08T12:35:44.380Z",
    "updated_at": "2026-06-22T17:06:16.778Z"
  }
},
{
  "model": "api.aquaculturepond",
  "pk": 20,
  "fields": {
    "company": 1,
    "name": "Demo Grow-out Pond",
    "code": "APP-DEMO-GROW",
    "sort_order": 10,
    "is_active": true,
    "notes": "Application demo seed — grow-out.",
    "leasing_area_decimal": "12.50",
    "water_area_decimal": "11.80",
    "pond_depth_ft": "5.25",
    "lease_contract_start": null,
    "lease_contract_end": null,
    "lease_price_per_decimal_per_year": null,
    "lease_paid_to_landlord": "0.00",
    "pos_customer": 14,
    "auto_pos_customer": true,
    "default_feed_item": null,
    "default_medicine_item": null,
    "pond_role": "grow_out",
    "physical_site_name": "Demo Grow-out Pond",
    "is_virtual": false,
    "linked_grow_out_pond": null,
    "warehouse_group": null,
    "pl_opening_journal": null,
    "prior_pl_zero_confirmed_at": null,
    "created_at": "2026-05-26T14:01:57.612Z",
    "updated_at": "2026-06-22T17:06:16.768Z"
  }
},
{
  "model": "api.aquaculturepond",
  "pk": 21,
  "fields": {
    "company": 1,
    "name": "Demo Nursery Pond",
    "code": "APP-DEMO-NURSERY",
    "sort_order": 20,
    "is_active": true,
    "notes": "Application demo seed — nursing.",
    "leasing_area_decimal": "4.25",
    "water_area_decimal": "4.00",
    "pond_depth_ft": "3.94",
    "lease_contract_start": null,
    "lease_contract_end": null,
    "lease_price_per_decimal_per_year": null,
    "lease_paid_to_landlord": "0.00",
    "pos_customer": 15,
    "auto_pos_customer": true,
    "default_feed_item": null,
    "default_medicine_item": null,
    "pond_role": "nursing",
    "physical_site_name": "Demo Nursery Pond",
    "is_virtual": false,
    "linked_grow_out_pond": 32,
    "warehouse_group": null,
    "pl_opening_journal": null,
    "prior_pl_zero_confirmed_at": null,
    "created_at": "2026-05-26T14:01:57.612Z",
    "updated_at": "2026-06-22T17:06:17.140Z"
  }
},
{
  "model": "api.aquaculturepond",
  "pk": 22,
  "fields": {
    "company": 1,
    "name": "Bulk Demo Pond 1",
    "code": "BULK-DEMO-P1",
    "sort_order": 30,
    "is_active": true,
    "notes": "Bulk demo seed (≥5 examples) — BULK-DEMO-P1.",
    "leasing_area_decimal": "11.00",
    "water_area_decimal": "9.60",
    "pond_depth_ft": "4.60",
    "lease_contract_start": null,
    "lease_contract_end": null,
    "lease_price_per_decimal_per_year": null,
    "lease_paid_to_landlord": "0.00",
    "pos_customer": 16,
    "auto_pos_customer": true,
    "default_feed_item": null,
    "default_medicine_item": null,
    "pond_role": "grow_out",
    "physical_site_name": "Bulk Demo Pond 1",
    "is_virtual": false,
    "linked_grow_out_pond": null,
    "warehouse_group": null,
    "pl_opening_journal": null,
    "prior_pl_zero_confirmed_at": null,
    "created_at": "2026-05-26T14:02:12.046Z",
    "updated_at": "2026-06-22T17:06:16.769Z"
  }
},
{
  "model": "api.aquaculturepond",
  "pk": 23,
  "fields": {
    "company": 1,
    "name": "Bulk Demo Pond 2",
    "code": "BULK-DEMO-P2",
    "sort_order": 40,
    "is_active": true,
    "notes": "Bulk demo seed (≥5 examples) — BULK-DEMO-P2.",
    "leasing_area_decimal": "12.00",
    "water_area_decimal": "9.70",
    "pond_depth_ft": "4.70",
    "lease_contract_start": null,
    "lease_contract_end": null,
    "lease_price_per_decimal_per_year": null,
    "lease_paid_to_landlord": "0.00",
    "pos_customer": 17,
    "auto_pos_customer": true,
    "default_feed_item": null,
    "default_medicine_item": null,
    "pond_role": "nursing",
    "physical_site_name": "Bulk Demo Pond 2",
    "is_virtual": false,
    "linked_grow_out_pond": 33,
    "warehouse_group": null,
    "pl_opening_journal": null,
    "prior_pl_zero_confirmed_at": null,
    "created_at": "2026-05-26T14:02:12.063Z",
    "updated_at": "2026-06-22T17:06:17.142Z"
  }
},
{
  "model": "api.aquaculturepond",
  "pk": 24,
  "fields": {
    "company": 1,
    "name": "Bulk Demo Pond 3",
    "code": "BULK-DEMO-P3",
    "sort_order": 50,
    "is_active": true,
    "notes": "Bulk demo seed (≥5 examples) — BULK-DEMO-P3.",
    "leasing_area_decimal": "13.00",
    "water_area_decimal": "9.80",
    "pond_depth_ft": "4.80",
    "lease_contract_start": null,
    "lease_contract_end": null,
    "lease_price_per_decimal_per_year": null,
    "lease_paid_to_landlord": "0.00",
    "pos_customer": 18,
    "auto_pos_customer": true,
    "default_feed_item": null,
    "default_medicine_item": null,
    "pond_role": "grow_out",
    "physical_site_name": "Bulk Demo Pond 3",
    "is_virtual": false,
    "linked_grow_out_pond": null,
    "warehouse_group": null,
    "pl_opening_journal": null,
    "prior_pl_zero_confirmed_at": null,
    "created_at": "2026-05-26T14:02:12.079Z",
    "updated_at": "2026-06-22T17:06:16.770Z"
  }
},
{
  "model": "api.aquaculturepond",
  "pk": 25,
  "fields": {
    "company": 1,
    "name": "Bulk Demo Pond 4",
    "code": "BULK-DEMO-P4",
    "sort_order": 60,
    "is_active": true,
    "notes": "Bulk demo seed (≥5 examples) — BULK-DEMO-P4.",
    "leasing_area_decimal": "14.00",
    "water_area_decimal": "9.90",
    "pond_depth_ft": "4.90",
    "lease_contract_start": null,
    "lease_contract_end": null,
    "lease_price_per_decimal_per_year": null,
    "lease_paid_to_landlord": "0.00",
    "pos_customer": 19,
    "auto_pos_customer": true,
    "default_feed_item": null,
    "default_medicine_item": null,
    "pond_role": "nursing",
    "physical_site_name": "Bulk Demo Pond 4",
    "is_virtual": false,
    "linked_grow_out_pond": 34,
    "warehouse_group": null,
    "pl_opening_journal": null,
    "prior_pl_zero_confirmed_at": null,
    "created_at": "2026-05-26T14:02:12.096Z",
    "updated_at": "2026-06-22T17:06:17.145Z"
  }
},
{
  "model": "api.aquaculturepond",
  "pk": 26,
  "fields": {
    "company": 1,
    "name": "Bulk Demo Pond 5",
    "code": "BULK-DEMO-P5",
    "sort_order": 70,
    "is_active": true,
    "notes": "Bulk demo seed (≥5 examples) — BULK-DEMO-P5.",
    "leasing_area_decimal": "15.00",
    "water_area_decimal": "10.00",
    "pond_depth_ft": "5.00",
    "lease_contract_start": null,
    "lease_contract_end": null,
    "lease_price_per_decimal_per_year": null,
    "lease_paid_to_landlord": "0.00",
    "pos_customer": 20,
    "auto_pos_customer": true,
    "default_feed_item": null,
    "default_medicine_item": null,
    "pond_role": "grow_out",
    "physical_site_name": "Bulk Demo Pond 5",
    "is_virtual": false,
    "linked_grow_out_pond": null,
    "warehouse_group": null,
    "pl_opening_journal": null,
    "prior_pl_zero_confirmed_at": null,
    "created_at": "2026-05-26T14:02:12.113Z",
    "updated_at": "2026-06-22T17:06:16.770Z"
  }
},
{
  "model": "api.aquaculturepond",
  "pk": 27,
  "fields": {
    "company": 1,
    "name": "Khalishpur Grow-A",
    "code": "FEED-UI-KHUL-A",
    "sort_order": 80,
    "is_active": true,
    "notes": "[FEED-UI-DEMO] Demo grow-out / nursery context for feeding advice UI.",
    "leasing_area_decimal": "2.25",
    "water_area_decimal": "2.10",
    "pond_depth_ft": "5.60",
    "lease_contract_start": null,
    "lease_contract_end": null,
    "lease_price_per_decimal_per_year": null,
    "lease_paid_to_landlord": "0.00",
    "pos_customer": 26,
    "auto_pos_customer": true,
    "default_feed_item": 16,
    "default_medicine_item": null,
    "pond_role": "grow_out",
    "physical_site_name": "Khalishpur Grow-A",
    "is_virtual": false,
    "linked_grow_out_pond": null,
    "warehouse_group": null,
    "pl_opening_journal": null,
    "prior_pl_zero_confirmed_at": null,
    "created_at": "2026-05-26T14:02:12.796Z",
    "updated_at": "2026-06-22T17:06:16.771Z"
  }
},
{
  "model": "api.aquaculturepond",
  "pk": 28,
  "fields": {
    "company": 1,
    "name": "Chalna Grow-B",
    "code": "FEED-UI-CHAL-B",
    "sort_order": 90,
    "is_active": true,
    "notes": "[FEED-UI-DEMO] Demo grow-out / nursery context for feeding advice UI.",
    "leasing_area_decimal": "1.75",
    "water_area_decimal": "1.60",
    "pond_depth_ft": "5.10",
    "lease_contract_start": null,
    "lease_contract_end": null,
    "lease_price_per_decimal_per_year": null,
    "lease_paid_to_landlord": "0.00",
    "pos_customer": 27,
    "auto_pos_customer": true,
    "default_feed_item": 16,
    "default_medicine_item": null,
    "pond_role": "grow_out",
    "physical_site_name": "Chalna Grow-B",
    "is_virtual": false,
    "linked_grow_out_pond": null,
    "warehouse_group": null,
    "pl_opening_journal": null,
    "prior_pl_zero_confirmed_at": null,
    "created_at": "2026-05-26T14:02:12.804Z",
    "updated_at": "2026-06-22T17:06:16.771Z"
  }
},
{
  "model": "api.aquaculturepond",
  "pk": 29,
  "fields": {
    "company": 1,
    "name": "Rupsha Nursery-C",
    "code": "FEED-UI-RUP-C",
    "sort_order": 100,
    "is_active": true,
    "notes": "[FEED-UI-DEMO] Demo grow-out / nursery context for feeding advice UI.",
    "leasing_area_decimal": "0.63",
    "water_area_decimal": "0.48",
    "pond_depth_ft": "4.00",
    "lease_contract_start": null,
    "lease_contract_end": null,
    "lease_price_per_decimal_per_year": null,
    "lease_paid_to_landlord": "0.00",
    "pos_customer": 28,
    "auto_pos_customer": true,
    "default_feed_item": 16,
    "default_medicine_item": null,
    "pond_role": "nursing",
    "physical_site_name": "Rupsha Nursery-C",
    "is_virtual": false,
    "linked_grow_out_pond": 35,
    "warehouse_group": null,
    "pl_opening_journal": null,
    "prior_pl_zero_confirmed_at": null,
    "created_at": "2026-05-26T14:02:12.806Z",
    "updated_at": "2026-06-22T17:06:17.147Z"
  }
},
{
  "model": "api.aquaculturepond",
  "pk": 30,
  "fields": {
    "company": 1,
    "name": "Batiaghata Finisher-D",
    "code": "FEED-UI-BAT-D",
    "sort_order": 110,
    "is_active": true,
    "notes": "[FEED-UI-DEMO] Demo grow-out / nursery context for feeding advice UI.",
    "leasing_area_decimal": "3.20",
    "water_area_decimal": "3.05",
    "pond_depth_ft": "6.10",
    "lease_contract_start": null,
    "lease_contract_end": null,
    "lease_price_per_decimal_per_year": null,
    "lease_paid_to_landlord": "0.00",
    "pos_customer": 29,
    "auto_pos_customer": true,
    "default_feed_item": 16,
    "default_medicine_item": null,
    "pond_role": "grow_out",
    "physical_site_name": "Batiaghata Finisher-D",
    "is_virtual": false,
    "linked_grow_out_pond": null,
    "warehouse_group": null,
    "pl_opening_journal": null,
    "prior_pl_zero_confirmed_at": null,
    "created_at": "2026-05-26T14:02:12.808Z",
    "updated_at": "2026-06-22T17:06:16.771Z"
  }
},
{
  "model": "api.aquaculturepond",
  "pk": 31,
  "fields": {
    "company": 1,
    "name": "Digonta-Grow Out",
    "code": "P-AUTO-2-GO",
    "sort_order": 111,
    "is_active": true,
    "notes": "",
    "leasing_area_decimal": null,
    "water_area_decimal": null,
    "pond_depth_ft": null,
    "lease_contract_start": null,
    "lease_contract_end": null,
    "lease_price_per_decimal_per_year": null,
    "lease_paid_to_landlord": "0.00",
    "pos_customer": null,
    "auto_pos_customer": false,
    "default_feed_item": null,
    "default_medicine_item": null,
    "pond_role": "grow_out",
    "physical_site_name": "Digonta",
    "is_virtual": false,
    "linked_grow_out_pond": null,
    "warehouse_group": null,
    "pl_opening_journal": null,
    "prior_pl_zero_confirmed_at": null,
    "created_at": "2026-06-22T17:06:17.135Z",
    "updated_at": "2026-06-22T17:06:17.135Z"
  }
},
{
  "model": "api.aquaculturepond",
  "pk": 32,
  "fields": {
    "company": 1,
    "name": "Demo Nursery Pond-Grow Out",
    "code": "P-AUTO-21-GO",
    "sort_order": 112,
    "is_active": true,
    "notes": "",
    "leasing_area_decimal": null,
    "water_area_decimal": null,
    "pond_depth_ft": null,
    "lease_contract_start": null,
    "lease_contract_end": null,
    "lease_price_per_decimal_per_year": null,
    "lease_paid_to_landlord": "0.00",
    "pos_customer": null,
    "auto_pos_customer": false,
    "default_feed_item": null,
    "default_medicine_item": null,
    "pond_role": "grow_out",
    "physical_site_name": "Demo Nursery Pond",
    "is_virtual": false,
    "linked_grow_out_pond": null,
    "warehouse_group": null,
    "pl_opening_journal": null,
    "prior_pl_zero_confirmed_at": null,
    "created_at": "2026-06-22T17:06:17.139Z",
    "updated_at": "2026-06-22T17:06:17.139Z"
  }
},
{
  "model": "api.aquaculturepond",
  "pk": 33,
  "fields": {
    "company": 1,
    "name": "Bulk Demo Pond 2-Grow Out",
    "code": "P-AUTO-23-GO",
    "sort_order": 113,
    "is_active": true,
    "notes": "",
    "leasing_area_decimal": null,
    "water_area_decimal": null,
    "pond_depth_ft": null,
    "lease_contract_start": null,
    "lease_contract_end": null,
    "lease_price_per_decimal_per_year": null,
    "lease_paid_to_landlord": "0.00",
    "pos_customer": null,
    "auto_pos_customer": false,
    "default_feed_item": null,
    "default_medicine_item": null,
    "pond_role": "grow_out",
    "physical_site_name": "Bulk Demo Pond 2",
    "is_virtual": false,
    "linked_grow_out_pond": null,
    "warehouse_group": null,
    "pl_opening_journal": null,
    "prior_pl_zero_confirmed_at": null,
    "created_at": "2026-06-22T17:06:17.142Z",
    "updated_at": "2026-06-22T17:06:17.142Z"
  }
},
{
  "model": "api.aquaculturepond",
  "pk": 34,
  "fields": {
    "company": 1,
    "name": "Bulk Demo Pond 4-Grow Out",
    "code": "P-AUTO-25-GO",
    "sort_order": 114,
    "is_active": true,
    "notes": "",
    "leasing_area_decimal": null,
    "water_area_decimal": null,
    "pond_depth_ft": null,
    "lease_contract_start": null,
    "lease_contract_end": null,
    "lease_price_per_decimal_per_year": null,
    "lease_paid_to_landlord": "0.00",
    "pos_customer": null,
    "auto_pos_customer": false,
    "default_feed_item": null,
    "default_medicine_item": null,
    "pond_role": "grow_out",
    "physical_site_name": "Bulk Demo Pond 4",
    "is_virtual": false,
    "linked_grow_out_pond": null,
    "warehouse_group": null,
    "pl_opening_journal": null,
    "prior_pl_zero_confirmed_at": null,
    "created_at": "2026-06-22T17:06:17.145Z",
    "updated_at": "2026-06-22T17:06:17.145Z"
  }
},
{
  "model": "api.aquaculturepond",
  "pk": 35,
  "fields": {
    "company": 1,
    "name": "Rupsha Nursery-C-Grow Out",
    "code": "P-AUTO-29-GO",
    "sort_order": 115,
    "is_active": true,
    "notes": "",
    "leasing_area_decimal": null,
    "water_area_decimal": null,
    "pond_depth_ft": null,
    "lease_contract_start": null,
    "lease_contract_end": null,
    "lease_price_per_decimal_per_year": null,
    "lease_paid_to_landlord": "0.00",
    "pos_customer": null,
    "auto_pos_customer": false,
    "default_feed_item": null,
    "default_medicine_item": null,
    "pond_role": "grow_out",
    "physical_site_name": "Rupsha Nursery-C",
    "is_virtual": false,
    "linked_grow_out_pond": null,
    "warehouse_group": null,
    "pl_opening_journal": null,
    "prior_pl_zero_confirmed_at": null,
    "created_at": "2026-06-22T17:06:17.147Z",
    "updated_at": "2026-06-22T17:06:17.147Z"
  }
},
{
  "model": "api.aquaculturepondplopening",
  "pk": 1,
  "fields": {
    "company": 1,
    "pond": 2,
    "pl_kind": "income",
    "category_code": "fish_harvest_sale",
    "amount": "125000.00",
    "as_of_date": "2026-01-01",
    "memo": "[COMP-DEMO] Go-live opening balance",
    "created_at": "2026-05-26T14:15:52.197Z",
    "updated_at": "2026-05-26T14:15:52.197Z"
  }
},
{
  "model": "api.aquaculturepondplopening",
  "pk": 2,
  "fields": {
    "company": 1,
    "pond": 2,
    "pl_kind": "expense",
    "category_code": "feed_purchase",
    "amount": "88000.00",
    "as_of_date": "2026-01-01",
    "memo": "[COMP-DEMO] Go-live opening balance",
    "created_at": "2026-05-26T14:15:52.245Z",
    "updated_at": "2026-05-26T14:15:52.245Z"
  }
},
{
  "model": "api.aquaculturepondplopening",
  "pk": 3,
  "fields": {
    "company": 1,
    "pond": 2,
    "pl_kind": "expense",
    "category_code": "fry_stocking",
    "amount": "420000.00",
    "as_of_date": "2026-01-01",
    "memo": "[COMP-DEMO] Go-live opening balance",
    "created_at": "2026-05-26T14:15:52.263Z",
    "updated_at": "2026-05-26T14:15:52.263Z"
  }
},
{
  "model": "api.aquaculturelandlord",
  "pk": 1,
  "fields": {
    "company": 1,
    "name": "Abdul Kader",
    "code": "",
    "phone": "",
    "email": "",
    "notes": "",
    "is_active": true,
    "opening_balance": "0.00",
    "opening_balance_date": null,
    "opening_balance_ledger_entry": null,
    "opening_balance_journal": null,
    "created_at": "2026-05-07T10:52:19.103Z",
    "updated_at": "2026-05-07T12:07:24.017Z"
  }
},
{
  "model": "api.aquaculturelandlord",
  "pk": 2,
  "fields": {
    "company": 1,
    "name": "Afjal Hossain",
    "code": "LL-0002",
    "phone": "",
    "email": "",
    "notes": "",
    "is_active": true,
    "opening_balance": "0.00",
    "opening_balance_date": null,
    "opening_balance_ledger_entry": null,
    "opening_balance_journal": null,
    "created_at": "2026-05-10T17:51:08.375Z",
    "updated_at": "2026-05-10T17:55:38.738Z"
  }
},
{
  "model": "api.aquaculturelandlord",
  "pk": 3,
  "fields": {
    "company": 1,
    "name": "Yasin Ali",
    "code": "LL-0003",
    "phone": "",
    "email": "",
    "notes": "",
    "is_active": true,
    "opening_balance": "0.00",
    "opening_balance_date": null,
    "opening_balance_ledger_entry": null,
    "opening_balance_journal": null,
    "created_at": "2026-05-21T14:47:24.020Z",
    "updated_at": "2026-05-21T14:47:24.020Z"
  }
},
{
  "model": "api.aquaculturelandlord",
  "pk": 4,
  "fields": {
    "company": 1,
    "name": "Mynuddin Family Estate",
    "code": "COMP-LL-MYNUDDIN",
    "phone": "+880-171-5550100",
    "email": "",
    "notes": "",
    "is_active": true,
    "opening_balance": "0.00",
    "opening_balance_date": null,
    "opening_balance_ledger_entry": null,
    "opening_balance_journal": null,
    "created_at": "2026-05-26T14:02:13.755Z",
    "updated_at": "2026-05-26T14:02:13.755Z"
  }
},
{
  "model": "api.aquaculturelandlord",
  "pk": 5,
  "fields": {
    "company": 1,
    "name": "Ashari Pond Owners Assoc.",
    "code": "COMP-LL-ASHARI",
    "phone": "+880-171-5550100",
    "email": "",
    "notes": "",
    "is_active": true,
    "opening_balance": "0.00",
    "opening_balance_date": null,
    "opening_balance_ledger_entry": null,
    "opening_balance_journal": null,
    "created_at": "2026-05-26T14:02:13.763Z",
    "updated_at": "2026-05-26T14:02:13.763Z"
  }
},
{
  "model": "api.aquaculturelandlord",
  "pk": 6,
  "fields": {
    "company": 1,
    "name": "Digonta Canal Lease",
    "code": "COMP-LL-DIGONTA",
    "phone": "+880-171-5550100",
    "email": "",
    "notes": "",
    "is_active": true,
    "opening_balance": "0.00",
    "opening_balance_date": null,
    "opening_balance_ledger_entry": null,
    "opening_balance_journal": null,
    "created_at": "2026-05-26T14:02:13.796Z",
    "updated_at": "2026-05-26T14:02:13.796Z"
  }
},
{
  "model": "api.aquaculturelandlordpondshare",
  "pk": 2,
  "fields": {
    "landlord": 1,
    "pond": 3,
    "land_area_decimal": "10.0000",
    "notes": "",
    "created_at": "2026-05-07T12:07:24.005Z",
    "updated_at": "2026-05-07T12:07:24.005Z"
  }
},
{
  "model": "api.aquaculturelandlordpondshare",
  "pk": 4,
  "fields": {
    "landlord": 2,
    "pond": 3,
    "land_area_decimal": "40.0000",
    "notes": "",
    "created_at": "2026-05-10T17:55:38.724Z",
    "updated_at": "2026-05-10T17:55:38.724Z"
  }
},
{
  "model": "api.aquaculturelandlordpondshare",
  "pk": 5,
  "fields": {
    "landlord": 4,
    "pond": 3,
    "land_area_decimal": "2.6500",
    "notes": "[COMP-DEMO]",
    "created_at": "2026-05-26T14:02:13.763Z",
    "updated_at": "2026-05-26T14:02:13.763Z"
  }
},
{
  "model": "api.aquaculturelandlordpondshare",
  "pk": 6,
  "fields": {
    "landlord": 5,
    "pond": 4,
    "land_area_decimal": "3.3500",
    "notes": "[COMP-DEMO]",
    "created_at": "2026-05-26T14:02:13.780Z",
    "updated_at": "2026-05-26T14:02:13.780Z"
  }
},
{
  "model": "api.aquaculturelandlordpondshare",
  "pk": 7,
  "fields": {
    "landlord": 6,
    "pond": 2,
    "land_area_decimal": "0.8000",
    "notes": "[COMP-DEMO]",
    "created_at": "2026-05-26T14:02:13.796Z",
    "updated_at": "2026-05-26T14:02:13.796Z"
  }
},
{
  "model": "api.aquaculturelandlordledgerentry",
  "pk": 3,
  "fields": {
    "landlord": 1,
    "pond": 3,
    "entry_date": "2026-05-07",
    "kind": "payment",
    "amount_signed": "-5000.00",
    "memo": "Lease money",
    "reference": "",
    "applies_to_lease_paid": true,
    "lease_paid_delta": "5000.00",
    "bank_account": null,
    "payment_method": "cash",
    "station": null,
    "journal_entry": null,
    "created_at": "2026-05-07T12:06:56.125Z"
  }
},
{
  "model": "api.aquaculturelandlordledgerentry",
  "pk": 4,
  "fields": {
    "landlord": 2,
    "pond": 3,
    "entry_date": "2026-05-10",
    "kind": "payment",
    "amount_signed": "-50000.00",
    "memo": "",
    "reference": "",
    "applies_to_lease_paid": true,
    "lease_paid_delta": "50000.00",
    "bank_account": 6,
    "payment_method": "cash",
    "station": 4,
    "journal_entry": 13,
    "created_at": "2026-05-10T18:35:44.128Z"
  }
},
{
  "model": "api.aquaculturelandlordledgerentry",
  "pk": 5,
  "fields": {
    "landlord": 4,
    "pond": 3,
    "entry_date": "2026-04-26",
    "kind": "rent_charge",
    "amount_signed": "49025.00",
    "memo": "[COMP-DEMO] COMP-DEMO-LL — Annual lease accrual (Q1 share)",
    "reference": "COMP-DEMO-LL-RENT-001",
    "applies_to_lease_paid": false,
    "lease_paid_delta": null,
    "bank_account": null,
    "payment_method": "cash",
    "station": null,
    "journal_entry": null,
    "created_at": "2026-05-26T14:14:40.905Z"
  }
},
{
  "model": "api.aquaculturelandlordledgerentry",
  "pk": 6,
  "fields": {
    "landlord": 4,
    "pond": 3,
    "entry_date": "2026-05-16",
    "kind": "payment",
    "amount_signed": "-35000.00",
    "memo": "[COMP-DEMO] COMP-DEMO-LL — Lease payment to Mynuddin estate",
    "reference": "COMP-DEMO-LL-PAY-001",
    "applies_to_lease_paid": true,
    "lease_paid_delta": null,
    "bank_account": null,
    "payment_method": "cash",
    "station": null,
    "journal_entry": null,
    "created_at": "2026-05-26T14:14:40.921Z"
  }
},
{
  "model": "api.aquacultureproductioncycle",
  "pk": 24,
  "fields": {
    "company": 1,
    "pond": 2,
    "name": "Digonta Mid Cycle",
    "code": "0",
    "fish_species": "tilapia",
    "fish_species_other": "",
    "source_production_cycle": null,
    "start_date": "2026-05-10",
    "end_date": "2027-02-10",
    "sort_order": 1,
    "is_active": true,
    "notes": "",
    "created_at": "2026-05-06T20:54:18.022Z",
    "updated_at": "2026-05-09T00:14:39.071Z"
  }
},
{
  "model": "api.aquacultureproductioncycle",
  "pk": 25,
  "fields": {
    "company": 1,
    "pond": 3,
    "name": "Mynuddin Mid Cycle",
    "code": "0",
    "fish_species": "tilapia",
    "fish_species_other": "",
    "source_production_cycle": null,
    "start_date": "2026-05-10",
    "end_date": "2027-01-10",
    "sort_order": 2,
    "is_active": true,
    "notes": "[DASHBOARD-DEMO] Synthetic open cycle for reporting.",
    "created_at": "2026-05-06T20:54:18.031Z",
    "updated_at": "2026-05-09T00:14:44.138Z"
  }
},
{
  "model": "api.aquacultureproductioncycle",
  "pk": 26,
  "fields": {
    "company": 1,
    "pond": 4,
    "name": "Ashari-1 Mid Cycle",
    "code": "0",
    "fish_species": "tilapia",
    "fish_species_other": "",
    "source_production_cycle": null,
    "start_date": "2026-05-10",
    "end_date": "2027-01-10",
    "sort_order": 3,
    "is_active": true,
    "notes": "[DASHBOARD-DEMO] Synthetic open cycle for reporting.",
    "created_at": "2026-05-06T20:54:18.037Z",
    "updated_at": "2026-05-09T00:14:49.775Z"
  }
},
{
  "model": "api.aquacultureproductioncycle",
  "pk": 42,
  "fields": {
    "company": 1,
    "pond": 5,
    "name": "Ashari-2 Mid Cycle",
    "code": "0",
    "fish_species": "tilapia",
    "fish_species_other": "",
    "source_production_cycle": null,
    "start_date": "2026-05-10",
    "end_date": "2027-01-10",
    "sort_order": 4,
    "is_active": true,
    "notes": "",
    "created_at": "2026-05-09T00:02:04.107Z",
    "updated_at": "2026-05-09T00:14:55.242Z"
  }
},
{
  "model": "api.aquacultureproductioncycle",
  "pk": 43,
  "fields": {
    "company": 1,
    "pond": 19,
    "name": "Nursing Mid Cycle",
    "code": "C01",
    "fish_species": "tilapia",
    "fish_species_other": "",
    "source_production_cycle": null,
    "start_date": "2026-05-10",
    "end_date": "2027-01-10",
    "sort_order": 0,
    "is_active": true,
    "notes": "",
    "created_at": "2026-05-09T01:21:47.924Z",
    "updated_at": "2026-05-09T01:21:47.924Z"
  }
},
{
  "model": "api.aquacultureproductioncycle",
  "pk": 44,
  "fields": {
    "company": 1,
    "pond": 19,
    "name": "Transfer cost demo (P&L basis)",
    "code": "XFER-COST-DEMO",
    "fish_species": "tilapia",
    "fish_species_other": "",
    "source_production_cycle": null,
    "start_date": "2026-01-01",
    "end_date": null,
    "sort_order": 0,
    "is_active": true,
    "notes": "[XFER-PL-BASIS] Open cycle: tie demo expense + sale for cost/kg denominator.",
    "created_at": "2026-05-09T15:05:03.320Z",
    "updated_at": "2026-05-09T15:05:03.320Z"
  }
},
{
  "model": "api.aquacultureproductioncycle",
  "pk": 45,
  "fields": {
    "company": 1,
    "pond": 4,
    "name": "Ashari-1 — BILL-11",
    "code": "C01",
    "fish_species": "tilapia",
    "fish_species_other": "",
    "source_production_cycle": null,
    "start_date": "2026-05-18",
    "end_date": null,
    "sort_order": 0,
    "is_active": true,
    "notes": "",
    "created_at": "2026-05-18T17:47:40.934Z",
    "updated_at": "2026-05-18T17:47:40.934Z"
  }
},
{
  "model": "api.aquacultureproductioncycle",
  "pk": 46,
  "fields": {
    "company": 1,
    "pond": 5,
    "name": "Ashari-2 — BILL-11",
    "code": "C01",
    "fish_species": "tilapia",
    "fish_species_other": "",
    "source_production_cycle": null,
    "start_date": "2026-05-18",
    "end_date": null,
    "sort_order": 0,
    "is_active": true,
    "notes": "",
    "created_at": "2026-05-18T17:47:40.935Z",
    "updated_at": "2026-05-18T17:47:40.935Z"
  }
},
{
  "model": "api.aquacultureproductioncycle",
  "pk": 47,
  "fields": {
    "company": 1,
    "pond": 4,
    "name": "Ashari-1 — BILL-11",
    "code": "C02",
    "fish_species": "tilapia",
    "fish_species_other": "",
    "source_production_cycle": null,
    "start_date": "2026-05-18",
    "end_date": null,
    "sort_order": 0,
    "is_active": true,
    "notes": "",
    "created_at": "2026-05-18T17:57:08.771Z",
    "updated_at": "2026-05-18T17:57:08.771Z"
  }
},
{
  "model": "api.aquacultureproductioncycle",
  "pk": 48,
  "fields": {
    "company": 1,
    "pond": 5,
    "name": "Ashari-2 — BILL-11",
    "code": "C02",
    "fish_species": "tilapia",
    "fish_species_other": "",
    "source_production_cycle": null,
    "start_date": "2026-05-18",
    "end_date": null,
    "sort_order": 0,
    "is_active": true,
    "notes": "",
    "created_at": "2026-05-18T17:57:08.772Z",
    "updated_at": "2026-05-18T17:57:08.772Z"
  }
},
{
  "model": "api.aquacultureproductioncycle",
  "pk": 49,
  "fields": {
    "company": 1,
    "pond": 20,
    "name": "Winter crop (demo)",
    "code": "APP-DEMO-CY-G1",
    "fish_species": "tilapia",
    "fish_species_other": "",
    "source_production_cycle": null,
    "start_date": "2026-01-26",
    "end_date": null,
    "sort_order": 0,
    "is_active": true,
    "notes": "Open cycle for demo reporting.",
    "created_at": "2026-05-26T14:01:57.612Z",
    "updated_at": "2026-05-26T14:01:57.612Z"
  }
},
{
  "model": "api.aquacultureproductioncycle",
  "pk": 50,
  "fields": {
    "company": 1,
    "pond": 21,
    "name": "Fingerling batch (demo)",
    "code": "APP-DEMO-CY-N1",
    "fish_species": "tilapia",
    "fish_species_other": "",
    "source_production_cycle": null,
    "start_date": "2026-01-26",
    "end_date": "2026-04-26",
    "sort_order": 0,
    "is_active": true,
    "notes": "Closed nursery batch for transfer demo.",
    "created_at": "2026-05-26T14:01:57.612Z",
    "updated_at": "2026-05-26T14:01:57.612Z"
  }
},
{
  "model": "api.aquacultureproductioncycle",
  "pk": 51,
  "fields": {
    "company": 1,
    "pond": 22,
    "name": "Bulk cycle 1",
    "code": "BULK-DEMO-CY-BULK-DEMO-P1",
    "fish_species": "tilapia",
    "fish_species_other": "",
    "source_production_cycle": null,
    "start_date": "2026-02-25",
    "end_date": null,
    "sort_order": 0,
    "is_active": true,
    "notes": "Bulk demo production cycle.",
    "created_at": "2026-05-26T14:02:12.132Z",
    "updated_at": "2026-05-26T14:02:12.132Z"
  }
},
{
  "model": "api.aquacultureproductioncycle",
  "pk": 52,
  "fields": {
    "company": 1,
    "pond": 23,
    "name": "Bulk cycle 2",
    "code": "BULK-DEMO-CY-BULK-DEMO-P2",
    "fish_species": "tilapia",
    "fish_species_other": "",
    "source_production_cycle": null,
    "start_date": "2026-03-02",
    "end_date": null,
    "sort_order": 0,
    "is_active": true,
    "notes": "Bulk demo production cycle.",
    "created_at": "2026-05-26T14:02:12.151Z",
    "updated_at": "2026-05-26T14:02:12.151Z"
  }
},
{
  "model": "api.aquacultureproductioncycle",
  "pk": 53,
  "fields": {
    "company": 1,
    "pond": 24,
    "name": "Bulk cycle 3",
    "code": "BULK-DEMO-CY-BULK-DEMO-P3",
    "fish_species": "tilapia",
    "fish_species_other": "",
    "source_production_cycle": null,
    "start_date": "2026-03-07",
    "end_date": null,
    "sort_order": 0,
    "is_active": true,
    "notes": "Bulk demo production cycle.",
    "created_at": "2026-05-26T14:02:12.163Z",
    "updated_at": "2026-05-26T14:02:12.163Z"
  }
},
{
  "model": "api.aquacultureproductioncycle",
  "pk": 54,
  "fields": {
    "company": 1,
    "pond": 25,
    "name": "Bulk cycle 4",
    "code": "BULK-DEMO-CY-BULK-DEMO-P4",
    "fish_species": "tilapia",
    "fish_species_other": "",
    "source_production_cycle": null,
    "start_date": "2026-03-12",
    "end_date": "2026-05-19",
    "sort_order": 0,
    "is_active": true,
    "notes": "Bulk demo production cycle.",
    "created_at": "2026-05-26T14:02:12.163Z",
    "updated_at": "2026-05-26T14:02:12.163Z"
  }
},
{
  "model": "api.aquacultureproductioncycle",
  "pk": 55,
  "fields": {
    "company": 1,
    "pond": 26,
    "name": "Bulk cycle 5",
    "code": "BULK-DEMO-CY-BULK-DEMO-P5",
    "fish_species": "tilapia",
    "fish_species_other": "",
    "source_production_cycle": null,
    "start_date": "2026-03-17",
    "end_date": "2026-05-20",
    "sort_order": 0,
    "is_active": true,
    "notes": "Bulk demo production cycle.",
    "created_at": "2026-05-26T14:02:12.180Z",
    "updated_at": "2026-05-26T14:02:12.180Z"
  }
},
{
  "model": "api.aquacultureproductioncycle",
  "pk": 56,
  "fields": {
    "company": 1,
    "pond": 19,
    "name": "Demo crop (Digonta Nursing)",
    "code": "DASH-DEMO-CY-19",
    "fish_species": "tilapia",
    "fish_species_other": "",
    "source_production_cycle": null,
    "start_date": "2026-01-26",
    "end_date": null,
    "sort_order": 0,
    "is_active": true,
    "notes": "[DASHBOARD-DEMO] Synthetic open cycle for reporting.",
    "created_at": "2026-05-26T14:02:12.729Z",
    "updated_at": "2026-05-26T14:02:12.729Z"
  }
},
{
  "model": "api.aquacultureproductioncycle",
  "pk": 57,
  "fields": {
    "company": 1,
    "pond": 2,
    "name": "Demo crop (Digonta)",
    "code": "DASH-DEMO-CY-2",
    "fish_species": "tilapia",
    "fish_species_other": "",
    "source_production_cycle": null,
    "start_date": "2026-01-26",
    "end_date": null,
    "sort_order": 0,
    "is_active": true,
    "notes": "[DASHBOARD-DEMO] Synthetic open cycle for reporting.",
    "created_at": "2026-05-26T14:02:12.729Z",
    "updated_at": "2026-05-26T14:02:12.729Z"
  }
},
{
  "model": "api.aquacultureproductioncycle",
  "pk": 58,
  "fields": {
    "company": 1,
    "pond": 3,
    "name": "Demo crop (Mynuddin)",
    "code": "DASH-DEMO-CY-3",
    "fish_species": "tilapia",
    "fish_species_other": "",
    "source_production_cycle": null,
    "start_date": "2026-01-26",
    "end_date": null,
    "sort_order": 0,
    "is_active": true,
    "notes": "[DASHBOARD-DEMO] Synthetic open cycle for reporting.",
    "created_at": "2026-05-26T14:02:12.729Z",
    "updated_at": "2026-05-26T14:02:12.729Z"
  }
},
{
  "model": "api.aquacultureproductioncycle",
  "pk": 59,
  "fields": {
    "company": 1,
    "pond": 4,
    "name": "Demo crop (Ashari-1)",
    "code": "DASH-DEMO-CY-4",
    "fish_species": "tilapia",
    "fish_species_other": "",
    "source_production_cycle": null,
    "start_date": "2026-01-26",
    "end_date": null,
    "sort_order": 0,
    "is_active": true,
    "notes": "[DASHBOARD-DEMO] Synthetic open cycle for reporting.",
    "created_at": "2026-05-26T14:02:12.729Z",
    "updated_at": "2026-05-26T14:02:12.729Z"
  }
},
{
  "model": "api.aquacultureproductioncycle",
  "pk": 60,
  "fields": {
    "company": 1,
    "pond": 5,
    "name": "Demo crop (Ashari-2)",
    "code": "DASH-DEMO-CY-5",
    "fish_species": "tilapia",
    "fish_species_other": "",
    "source_production_cycle": null,
    "start_date": "2026-01-26",
    "end_date": null,
    "sort_order": 0,
    "is_active": true,
    "notes": "[DASHBOARD-DEMO] Synthetic open cycle for reporting.",
    "created_at": "2026-05-26T14:02:12.729Z",
    "updated_at": "2026-05-26T14:02:12.729Z"
  }
},
{
  "model": "api.aquacultureproductioncycle",
  "pk": 61,
  "fields": {
    "company": 1,
    "pond": 20,
    "name": "Demo crop (Demo Grow-out Pond)",
    "code": "DASH-DEMO-CY-20",
    "fish_species": "tilapia",
    "fish_species_other": "",
    "source_production_cycle": null,
    "start_date": "2026-01-26",
    "end_date": null,
    "sort_order": 0,
    "is_active": true,
    "notes": "[DASHBOARD-DEMO] Synthetic open cycle for reporting.",
    "created_at": "2026-05-26T14:02:12.729Z",
    "updated_at": "2026-05-26T14:02:12.729Z"
  }
},
{
  "model": "api.aquacultureproductioncycle",
  "pk": 62,
  "fields": {
    "company": 1,
    "pond": 21,
    "name": "Demo crop (Demo Nursery Pond)",
    "code": "DASH-DEMO-CY-21",
    "fish_species": "tilapia",
    "fish_species_other": "",
    "source_production_cycle": null,
    "start_date": "2026-01-26",
    "end_date": null,
    "sort_order": 0,
    "is_active": true,
    "notes": "[DASHBOARD-DEMO] Synthetic open cycle for reporting.",
    "created_at": "2026-05-26T14:02:12.729Z",
    "updated_at": "2026-05-26T14:02:12.729Z"
  }
},
{
  "model": "api.aquacultureproductioncycle",
  "pk": 63,
  "fields": {
    "company": 1,
    "pond": 22,
    "name": "Demo crop (Bulk Demo Pond 1)",
    "code": "DASH-DEMO-CY-22",
    "fish_species": "tilapia",
    "fish_species_other": "",
    "source_production_cycle": null,
    "start_date": "2026-01-26",
    "end_date": null,
    "sort_order": 0,
    "is_active": true,
    "notes": "[DASHBOARD-DEMO] Synthetic open cycle for reporting.",
    "created_at": "2026-05-26T14:02:12.729Z",
    "updated_at": "2026-05-26T14:02:12.729Z"
  }
},
{
  "model": "api.aquacultureproductioncycle",
  "pk": 64,
  "fields": {
    "company": 1,
    "pond": 23,
    "name": "Demo crop (Bulk Demo Pond 2)",
    "code": "DASH-DEMO-CY-23",
    "fish_species": "tilapia",
    "fish_species_other": "",
    "source_production_cycle": null,
    "start_date": "2026-01-26",
    "end_date": null,
    "sort_order": 0,
    "is_active": true,
    "notes": "[DASHBOARD-DEMO] Synthetic open cycle for reporting.",
    "created_at": "2026-05-26T14:02:12.729Z",
    "updated_at": "2026-05-26T14:02:12.729Z"
  }
},
{
  "model": "api.aquacultureproductioncycle",
  "pk": 65,
  "fields": {
    "company": 1,
    "pond": 24,
    "name": "Demo crop (Bulk Demo Pond 3)",
    "code": "DASH-DEMO-CY-24",
    "fish_species": "tilapia",
    "fish_species_other": "",
    "source_production_cycle": null,
    "start_date": "2026-01-26",
    "end_date": null,
    "sort_order": 0,
    "is_active": true,
    "notes": "[DASHBOARD-DEMO] Synthetic open cycle for reporting.",
    "created_at": "2026-05-26T14:02:12.729Z",
    "updated_at": "2026-05-26T14:02:12.729Z"
  }
},
{
  "model": "api.aquacultureproductioncycle",
  "pk": 66,
  "fields": {
    "company": 1,
    "pond": 25,
    "name": "Demo crop (Bulk Demo Pond 4)",
    "code": "DASH-DEMO-CY-25",
    "fish_species": "tilapia",
    "fish_species_other": "",
    "source_production_cycle": null,
    "start_date": "2026-01-26",
    "end_date": null,
    "sort_order": 0,
    "is_active": true,
    "notes": "[DASHBOARD-DEMO] Synthetic open cycle for reporting.",
    "created_at": "2026-05-26T14:02:12.729Z",
    "updated_at": "2026-05-26T14:02:12.729Z"
  }
},
{
  "model": "api.aquacultureproductioncycle",
  "pk": 67,
  "fields": {
    "company": 1,
    "pond": 26,
    "name": "Demo crop (Bulk Demo Pond 5)",
    "code": "DASH-DEMO-CY-26",
    "fish_species": "tilapia",
    "fish_species_other": "",
    "source_production_cycle": null,
    "start_date": "2026-01-26",
    "end_date": null,
    "sort_order": 0,
    "is_active": true,
    "notes": "[DASHBOARD-DEMO] Synthetic open cycle for reporting.",
    "created_at": "2026-05-26T14:02:12.729Z",
    "updated_at": "2026-05-26T14:02:12.729Z"
  }
},
{
  "model": "api.aquacultureproductioncycle",
  "pk": 68,
  "fields": {
    "company": 1,
    "pond": 27,
    "name": "Cycle Khalishpur 2025–26",
    "code": "FEED-UI-CY-KHUL-A",
    "fish_species": "tilapia",
    "fish_species_other": "",
    "source_production_cycle": null,
    "start_date": "2026-01-26",
    "end_date": null,
    "sort_order": 0,
    "is_active": true,
    "notes": "[FEED-UI-DEMO] Production cycle for feeding demos.",
    "created_at": "2026-05-26T14:02:12.796Z",
    "updated_at": "2026-05-26T14:02:12.796Z"
  }
},
{
  "model": "api.aquacultureproductioncycle",
  "pk": 69,
  "fields": {
    "company": 1,
    "pond": 28,
    "name": "Cycle Chalna 2025–26",
    "code": "FEED-UI-CY-CHAL-B",
    "fish_species": "tilapia",
    "fish_species_other": "",
    "source_production_cycle": null,
    "start_date": "2026-01-29",
    "end_date": null,
    "sort_order": 0,
    "is_active": true,
    "notes": "[FEED-UI-DEMO] Production cycle for feeding demos.",
    "created_at": "2026-05-26T14:02:12.806Z",
    "updated_at": "2026-05-26T14:02:12.806Z"
  }
},
{
  "model": "api.aquacultureproductioncycle",
  "pk": 70,
  "fields": {
    "company": 1,
    "pond": 29,
    "name": "Cycle Rupsha 2025–26",
    "code": "FEED-UI-CY-RUP-C",
    "fish_species": "tilapia",
    "fish_species_other": "",
    "source_production_cycle": null,
    "start_date": "2026-02-01",
    "end_date": null,
    "sort_order": 0,
    "is_active": true,
    "notes": "[FEED-UI-DEMO] Production cycle for feeding demos.",
    "created_at": "2026-05-26T14:02:12.808Z",
    "updated_at": "2026-05-26T14:02:12.808Z"
  }
},
{
  "model": "api.aquacultureproductioncycle",
  "pk": 71,
  "fields": {
    "company": 1,
    "pond": 30,
    "name": "Cycle Batiaghata 2025–26",
    "code": "FEED-UI-CY-BAT-D",
    "fish_species": "tilapia",
    "fish_species_other": "",
    "source_production_cycle": null,
    "start_date": "2026-02-04",
    "end_date": null,
    "sort_order": 0,
    "is_active": true,
    "notes": "[FEED-UI-DEMO] Production cycle for feeding demos.",
    "created_at": "2026-05-26T14:02:12.810Z",
    "updated_at": "2026-05-26T14:02:12.810Z"
  }
},
{
  "model": "api.aquacultureproductioncycle",
  "pk": 72,
  "fields": {
    "company": 1,
    "pond": 2,
    "name": "Fingerling nursery batch",
    "code": "COMP-DEMO-NURSERY-CY",
    "fish_species": "tilapia",
    "fish_species_other": "",
    "source_production_cycle": null,
    "start_date": "2026-02-25",
    "end_date": null,
    "sort_order": 0,
    "is_active": true,
    "notes": "[COMP-DEMO]",
    "created_at": "2026-05-26T14:02:13.816Z",
    "updated_at": "2026-05-26T14:02:13.816Z"
  }
},
{
  "model": "api.aquacultureproductioncycle",
  "pk": 73,
  "fields": {
    "company": 1,
    "pond": 31,
    "name": "Tilapia fingerlings (0) — Digonta-Grow Out",
    "code": "C01",
    "fish_species": "tilapia",
    "fish_species_other": "",
    "source_production_cycle": 24,
    "start_date": "2026-06-30",
    "end_date": null,
    "sort_order": 0,
    "is_active": true,
    "notes": "Auto-created from nursing batch 0 on transfer.",
    "created_at": "2026-06-30T03:07:37.126Z",
    "updated_at": "2026-06-30T03:07:37.126Z"
  }
},
{
  "model": "api.aquacultureproductioncycle",
  "pk": 74,
  "fields": {
    "company": 1,
    "pond": 4,
    "name": "Tilapia fingerlings (0) — Ashari-1",
    "code": "C03",
    "fish_species": "tilapia",
    "fish_species_other": "",
    "source_production_cycle": 24,
    "start_date": "2025-06-30",
    "end_date": null,
    "sort_order": 0,
    "is_active": true,
    "notes": "Auto-created from nursing batch 0 on transfer.",
    "created_at": "2026-06-30T03:09:53.058Z",
    "updated_at": "2026-06-30T03:09:53.058Z"
  }
},
{
  "model": "api.aquacultureexpense",
  "pk": 110,
  "fields": {
    "company": 1,
    "pond": 2,
    "production_cycle": 57,
    "expense_category": "fry_stocking",
    "expense_date": "2026-01-26",
    "amount": "1100000.00",
    "memo": "[DIGONTA-NURSING-RECONCILE] 500,000 tilapia fry @ BDT 2.20/pc (3,000 pcs/kg).",
    "vendor_name": "CP Bangladesh Limited",
    "source_station": null,
    "feed_sack_count": null,
    "empty_sack_count": null,
    "feed_weight_kg": null,
    "funding_account_code": "",
    "created_at": "2026-05-08T07:36:35.219Z",
    "updated_at": "2026-06-30T12:12:25.437Z"
  }
},
{
  "model": "api.aquacultureexpense",
  "pk": 112,
  "fields": {
    "company": 1,
    "pond": 19,
    "production_cycle": 44,
    "expense_category": "fry_stocking",
    "expense_date": "2026-04-25",
    "amount": "350000.00",
    "memo": "[XFER-PL-BASIS] Demo fry / fingerling cost for nursing P&L (transfer auto-cost).",
    "vendor_name": "Demo Hatchery Supply",
    "source_station": null,
    "feed_sack_count": null,
    "empty_sack_count": null,
    "feed_weight_kg": null,
    "funding_account_code": "",
    "created_at": "2026-05-09T15:09:24.408Z",
    "updated_at": "2026-05-09T15:09:24.408Z"
  }
},
{
  "model": "api.aquacultureexpense",
  "pk": 113,
  "fields": {
    "company": 1,
    "pond": 3,
    "production_cycle": 25,
    "expense_category": "feed_purchase",
    "expense_date": "2026-05-09",
    "amount": "4981.68",
    "memo": "Feed applied (advice #33)\n[Feeding advice #33]",
    "vendor_name": "Feed supplier",
    "source_station": null,
    "feed_sack_count": "2.2644",
    "empty_sack_count": null,
    "feed_weight_kg": "56.6100",
    "funding_account_code": "",
    "created_at": "2026-05-09T20:02:24.093Z",
    "updated_at": "2026-05-09T20:02:24.093Z"
  }
},
{
  "model": "api.aquacultureexpense",
  "pk": 114,
  "fields": {
    "company": 1,
    "pond": 3,
    "production_cycle": 25,
    "expense_category": "medicine_consumed",
    "expense_date": "2026-05-20",
    "amount": "1250.00",
    "memo": "Purpose: Preventive | Method: Water bath / pond dose | Water: ~78,943 m³ (full pond) | Withdrawal: 4 d | Staff: Yunus Khan\nProduct: Agricultural Lime — 25 kg\nChuna",
    "vendor_name": "",
    "source_station": null,
    "feed_sack_count": null,
    "empty_sack_count": null,
    "feed_weight_kg": null,
    "funding_account_code": "",
    "created_at": "2026-05-20T02:34:03.993Z",
    "updated_at": "2026-05-20T02:34:03.993Z"
  }
},
{
  "model": "api.aquacultureexpense",
  "pk": 118,
  "fields": {
    "company": 1,
    "pond": 2,
    "production_cycle": 24,
    "expense_category": "medicine_consumed",
    "expense_date": "2026-05-21",
    "amount": "4860.00",
    "memo": "Purpose: Water quality | Method: Water bath / pond dose | Dose: 0.101 kg per decimal (water area) | Water: ~49,339 m³ (full pond) | Withdrawal: 1 d | Staff: Yunus\nProduct: Zeolite — 40.5 kg\n0.101 kg/decimal — Estimated 0.10117150000000001 kg/decimal × 400 dec water area (from pond setup)\nBinds ammonia; often used with water exchange. Typical 15–40 kg/ha.",
    "vendor_name": "",
    "source_station": null,
    "feed_sack_count": null,
    "empty_sack_count": null,
    "feed_weight_kg": null,
    "funding_account_code": "",
    "created_at": "2026-05-21T19:53:53.065Z",
    "updated_at": "2026-05-21T19:53:53.065Z"
  }
},
{
  "model": "api.aquacultureexpense",
  "pk": 119,
  "fields": {
    "company": 1,
    "pond": 4,
    "production_cycle": null,
    "expense_category": "feed_consumed",
    "expense_date": "2026-05-22",
    "amount": "6600.00",
    "memo": "Pond warehouse feed consumed · feeding advice #45",
    "vendor_name": "",
    "source_station": null,
    "feed_sack_count": "3.0000",
    "empty_sack_count": null,
    "feed_weight_kg": "75.0000",
    "funding_account_code": "",
    "created_at": "2026-05-22T11:10:13.845Z",
    "updated_at": "2026-05-22T11:10:13.845Z"
  }
},
{
  "model": "api.aquacultureexpense",
  "pk": 120,
  "fields": {
    "company": 1,
    "pond": 20,
    "production_cycle": 49,
    "expense_category": "feed_purchase",
    "expense_date": "2026-05-12",
    "amount": "185000.00",
    "memo": "SEED: demo cash feed purchase",
    "vendor_name": "Local Feed Supplier",
    "source_station": null,
    "feed_sack_count": "74.0000",
    "empty_sack_count": null,
    "feed_weight_kg": "3700.0000",
    "funding_account_code": "",
    "created_at": "2026-05-26T14:01:57.612Z",
    "updated_at": "2026-05-26T14:01:57.612Z"
  }
},
{
  "model": "api.aquacultureexpense",
  "pk": 121,
  "fields": {
    "company": 1,
    "pond": 20,
    "production_cycle": 49,
    "expense_category": "electricity",
    "expense_date": "2026-05-19",
    "amount": "8200.50",
    "memo": "SEED: aerator / pump power",
    "vendor_name": "PowerGrid",
    "source_station": null,
    "feed_sack_count": null,
    "empty_sack_count": null,
    "feed_weight_kg": null,
    "funding_account_code": "",
    "created_at": "2026-05-26T14:01:57.612Z",
    "updated_at": "2026-05-26T14:01:57.612Z"
  }
},
{
  "model": "api.aquacultureexpense",
  "pk": 122,
  "fields": {
    "company": 1,
    "pond": null,
    "production_cycle": null,
    "expense_category": "electricity",
    "expense_date": "2026-05-21",
    "amount": "4500.00",
    "memo": "SEED: shared site power",
    "vendor_name": "PowerGrid",
    "source_station": null,
    "feed_sack_count": null,
    "empty_sack_count": null,
    "feed_weight_kg": null,
    "funding_account_code": "",
    "created_at": "2026-05-26T14:01:57.612Z",
    "updated_at": "2026-05-26T14:01:57.612Z"
  }
},
{
  "model": "api.aquacultureexpense",
  "pk": 123,
  "fields": {
    "company": 1,
    "pond": 22,
    "production_cycle": 51,
    "expense_category": "feed_purchase",
    "expense_date": "2026-05-07",
    "amount": "5000.00",
    "memo": "BULK-DEMO-EXP-01 feed_purchase",
    "vendor_name": "Bulk Vendor Ref 1",
    "source_station": null,
    "feed_sack_count": "4.0000",
    "empty_sack_count": null,
    "feed_weight_kg": "100.0000",
    "funding_account_code": "",
    "created_at": "2026-05-26T14:02:12.196Z",
    "updated_at": "2026-05-26T14:02:12.196Z"
  }
},
{
  "model": "api.aquacultureexpense",
  "pk": 124,
  "fields": {
    "company": 1,
    "pond": 22,
    "production_cycle": 51,
    "expense_category": "electricity",
    "expense_date": "2026-05-08",
    "amount": "10000.00",
    "memo": "BULK-DEMO-EXP-02 electricity",
    "vendor_name": "Bulk Vendor Ref 2",
    "source_station": null,
    "feed_sack_count": null,
    "empty_sack_count": null,
    "feed_weight_kg": null,
    "funding_account_code": "",
    "created_at": "2026-05-26T14:02:12.196Z",
    "updated_at": "2026-05-26T14:02:12.196Z"
  }
},
{
  "model": "api.aquacultureexpense",
  "pk": 125,
  "fields": {
    "company": 1,
    "pond": 22,
    "production_cycle": 51,
    "expense_category": "medicine_purchase",
    "expense_date": "2026-05-09",
    "amount": "15000.00",
    "memo": "BULK-DEMO-EXP-03 medicine_purchase",
    "vendor_name": "Bulk Vendor Ref 3",
    "source_station": null,
    "feed_sack_count": null,
    "empty_sack_count": null,
    "feed_weight_kg": null,
    "funding_account_code": "",
    "created_at": "2026-05-26T14:02:12.213Z",
    "updated_at": "2026-05-26T14:02:12.213Z"
  }
},
{
  "model": "api.aquacultureexpense",
  "pk": 126,
  "fields": {
    "company": 1,
    "pond": 22,
    "production_cycle": 51,
    "expense_category": "equipment",
    "expense_date": "2026-05-10",
    "amount": "20000.00",
    "memo": "BULK-DEMO-EXP-04 equipment",
    "vendor_name": "Bulk Vendor Ref 4",
    "source_station": null,
    "feed_sack_count": null,
    "empty_sack_count": null,
    "feed_weight_kg": null,
    "funding_account_code": "",
    "created_at": "2026-05-26T14:02:12.230Z",
    "updated_at": "2026-05-26T14:02:12.230Z"
  }
},
{
  "model": "api.aquacultureexpense",
  "pk": 127,
  "fields": {
    "company": 1,
    "pond": 22,
    "production_cycle": 51,
    "expense_category": "transportation",
    "expense_date": "2026-05-11",
    "amount": "25000.00",
    "memo": "BULK-DEMO-EXP-05 transportation",
    "vendor_name": "Bulk Vendor Ref 5",
    "source_station": null,
    "feed_sack_count": null,
    "empty_sack_count": null,
    "feed_weight_kg": null,
    "funding_account_code": "",
    "created_at": "2026-05-26T14:02:12.230Z",
    "updated_at": "2026-05-26T14:02:12.230Z"
  }
},
{
  "model": "api.aquacultureexpense",
  "pk": 128,
  "fields": {
    "company": 1,
    "pond": 19,
    "production_cycle": 56,
    "expense_category": "feed_purchase",
    "expense_date": "2026-04-12",
    "amount": "6300.00",
    "memo": "[DASHBOARD-DEMO] Floating feed — batch 1",
    "vendor_name": "Premium Feed Mills",
    "source_station": null,
    "feed_sack_count": "2.4000",
    "empty_sack_count": null,
    "feed_weight_kg": "120.0000",
    "funding_account_code": "",
    "created_at": "2026-05-26T14:02:12.729Z",
    "updated_at": "2026-05-26T14:02:12.729Z"
  }
},
{
  "model": "api.aquacultureexpense",
  "pk": 129,
  "fields": {
    "company": 1,
    "pond": 2,
    "production_cycle": 57,
    "expense_category": "feed_purchase",
    "expense_date": "2026-04-16",
    "amount": "8137.50",
    "memo": "[DASHBOARD-DEMO] Floating feed — batch 2",
    "vendor_name": "Premium Feed Mills",
    "source_station": null,
    "feed_sack_count": "3.1000",
    "empty_sack_count": null,
    "feed_weight_kg": "155.0000",
    "funding_account_code": "",
    "created_at": "2026-05-26T14:02:12.729Z",
    "updated_at": "2026-05-26T14:02:12.729Z"
  }
},
{
  "model": "api.aquacultureexpense",
  "pk": 130,
  "fields": {
    "company": 1,
    "pond": 3,
    "production_cycle": 58,
    "expense_category": "feed_purchase",
    "expense_date": "2026-04-20",
    "amount": "9975.00",
    "memo": "[DASHBOARD-DEMO] Floating feed — batch 3",
    "vendor_name": "Premium Feed Mills",
    "source_station": null,
    "feed_sack_count": "3.8000",
    "empty_sack_count": null,
    "feed_weight_kg": "190.0000",
    "funding_account_code": "",
    "created_at": "2026-05-26T14:02:12.729Z",
    "updated_at": "2026-05-26T14:02:12.729Z"
  }
},
{
  "model": "api.aquacultureexpense",
  "pk": 131,
  "fields": {
    "company": 1,
    "pond": 4,
    "production_cycle": 59,
    "expense_category": "feed_purchase",
    "expense_date": "2026-04-24",
    "amount": "11812.50",
    "memo": "[DASHBOARD-DEMO] Floating feed — batch 4",
    "vendor_name": "Premium Feed Mills",
    "source_station": null,
    "feed_sack_count": "4.5000",
    "empty_sack_count": null,
    "feed_weight_kg": "225.0000",
    "funding_account_code": "",
    "created_at": "2026-05-26T14:02:12.729Z",
    "updated_at": "2026-05-26T14:02:12.729Z"
  }
},
{
  "model": "api.aquacultureexpense",
  "pk": 132,
  "fields": {
    "company": 1,
    "pond": 5,
    "production_cycle": 60,
    "expense_category": "feed_purchase",
    "expense_date": "2026-04-28",
    "amount": "13650.00",
    "memo": "[DASHBOARD-DEMO] Floating feed — batch 5",
    "vendor_name": "Premium Feed Mills",
    "source_station": null,
    "feed_sack_count": "5.2000",
    "empty_sack_count": null,
    "feed_weight_kg": "260.0000",
    "funding_account_code": "",
    "created_at": "2026-05-26T14:02:12.729Z",
    "updated_at": "2026-05-26T14:02:12.729Z"
  }
},
{
  "model": "api.aquacultureexpense",
  "pk": 133,
  "fields": {
    "company": 1,
    "pond": 20,
    "production_cycle": 61,
    "expense_category": "feed_purchase",
    "expense_date": "2026-04-30",
    "amount": "6300.00",
    "memo": "[DASHBOARD-DEMO] Floating feed — batch 6",
    "vendor_name": "Premium Feed Mills",
    "source_station": null,
    "feed_sack_count": "2.4000",
    "empty_sack_count": null,
    "feed_weight_kg": "120.0000",
    "funding_account_code": "",
    "created_at": "2026-05-26T14:02:12.729Z",
    "updated_at": "2026-05-26T14:02:12.729Z"
  }
},
{
  "model": "api.aquacultureexpense",
  "pk": 134,
  "fields": {
    "company": 1,
    "pond": 21,
    "production_cycle": 62,
    "expense_category": "feed_purchase",
    "expense_date": "2026-05-02",
    "amount": "8137.50",
    "memo": "[DASHBOARD-DEMO] Floating feed — batch 7",
    "vendor_name": "Premium Feed Mills",
    "source_station": null,
    "feed_sack_count": "3.1000",
    "empty_sack_count": null,
    "feed_weight_kg": "155.0000",
    "funding_account_code": "",
    "created_at": "2026-05-26T14:02:12.729Z",
    "updated_at": "2026-05-26T14:02:12.729Z"
  }
},
{
  "model": "api.aquacultureexpense",
  "pk": 135,
  "fields": {
    "company": 1,
    "pond": 22,
    "production_cycle": 63,
    "expense_category": "feed_purchase",
    "expense_date": "2026-05-04",
    "amount": "9975.00",
    "memo": "[DASHBOARD-DEMO] Floating feed — batch 8",
    "vendor_name": "Premium Feed Mills",
    "source_station": null,
    "feed_sack_count": "3.8000",
    "empty_sack_count": null,
    "feed_weight_kg": "190.0000",
    "funding_account_code": "",
    "created_at": "2026-05-26T14:02:12.745Z",
    "updated_at": "2026-05-26T14:02:12.745Z"
  }
},
{
  "model": "api.aquacultureexpense",
  "pk": 136,
  "fields": {
    "company": 1,
    "pond": 23,
    "production_cycle": 64,
    "expense_category": "feed_purchase",
    "expense_date": "2026-05-06",
    "amount": "11812.50",
    "memo": "[DASHBOARD-DEMO] Floating feed — batch 9",
    "vendor_name": "Premium Feed Mills",
    "source_station": null,
    "feed_sack_count": "4.5000",
    "empty_sack_count": null,
    "feed_weight_kg": "225.0000",
    "funding_account_code": "",
    "created_at": "2026-05-26T14:02:12.745Z",
    "updated_at": "2026-05-26T14:02:12.745Z"
  }
},
{
  "model": "api.aquacultureexpense",
  "pk": 137,
  "fields": {
    "company": 1,
    "pond": 24,
    "production_cycle": 65,
    "expense_category": "feed_purchase",
    "expense_date": "2026-05-08",
    "amount": "13650.00",
    "memo": "[DASHBOARD-DEMO] Floating feed — batch 10",
    "vendor_name": "Premium Feed Mills",
    "source_station": null,
    "feed_sack_count": "5.2000",
    "empty_sack_count": null,
    "feed_weight_kg": "260.0000",
    "funding_account_code": "",
    "created_at": "2026-05-26T14:02:12.745Z",
    "updated_at": "2026-05-26T14:02:12.745Z"
  }
},
{
  "model": "api.aquacultureexpense",
  "pk": 138,
  "fields": {
    "company": 1,
    "pond": 25,
    "production_cycle": 66,
    "expense_category": "feed_purchase",
    "expense_date": "2026-05-10",
    "amount": "6300.00",
    "memo": "[DASHBOARD-DEMO] Floating feed — batch 11",
    "vendor_name": "Premium Feed Mills",
    "source_station": null,
    "feed_sack_count": "2.4000",
    "empty_sack_count": null,
    "feed_weight_kg": "120.0000",
    "funding_account_code": "",
    "created_at": "2026-05-26T14:02:12.746Z",
    "updated_at": "2026-05-26T14:02:12.746Z"
  }
},
{
  "model": "api.aquacultureexpense",
  "pk": 139,
  "fields": {
    "company": 1,
    "pond": 26,
    "production_cycle": 67,
    "expense_category": "feed_purchase",
    "expense_date": "2026-05-12",
    "amount": "8137.50",
    "memo": "[DASHBOARD-DEMO] Floating feed — batch 12",
    "vendor_name": "Premium Feed Mills",
    "source_station": null,
    "feed_sack_count": "3.1000",
    "empty_sack_count": null,
    "feed_weight_kg": "155.0000",
    "funding_account_code": "",
    "created_at": "2026-05-26T14:02:12.746Z",
    "updated_at": "2026-05-26T14:02:12.746Z"
  }
},
{
  "model": "api.aquacultureexpense",
  "pk": 140,
  "fields": {
    "company": 1,
    "pond": 19,
    "production_cycle": 56,
    "expense_category": "feed_purchase",
    "expense_date": "2026-05-14",
    "amount": "9975.00",
    "memo": "[DASHBOARD-DEMO] Floating feed — batch 13",
    "vendor_name": "Premium Feed Mills",
    "source_station": null,
    "feed_sack_count": "3.8000",
    "empty_sack_count": null,
    "feed_weight_kg": "190.0000",
    "funding_account_code": "",
    "created_at": "2026-05-26T14:02:12.746Z",
    "updated_at": "2026-05-26T14:02:12.746Z"
  }
},
{
  "model": "api.aquacultureexpense",
  "pk": 141,
  "fields": {
    "company": 1,
    "pond": 2,
    "production_cycle": 57,
    "expense_category": "feed_purchase",
    "expense_date": "2026-05-16",
    "amount": "11812.50",
    "memo": "[DASHBOARD-DEMO] Floating feed — batch 14",
    "vendor_name": "Premium Feed Mills",
    "source_station": null,
    "feed_sack_count": "4.5000",
    "empty_sack_count": null,
    "feed_weight_kg": "225.0000",
    "funding_account_code": "",
    "created_at": "2026-05-26T14:02:12.746Z",
    "updated_at": "2026-05-26T14:02:12.746Z"
  }
},
{
  "model": "api.aquacultureexpense",
  "pk": 142,
  "fields": {
    "company": 1,
    "pond": 3,
    "production_cycle": 58,
    "expense_category": "feed_purchase",
    "expense_date": "2026-05-18",
    "amount": "13650.00",
    "memo": "[DASHBOARD-DEMO] Floating feed — batch 15",
    "vendor_name": "Premium Feed Mills",
    "source_station": null,
    "feed_sack_count": "5.2000",
    "empty_sack_count": null,
    "feed_weight_kg": "260.0000",
    "funding_account_code": "",
    "created_at": "2026-05-26T14:02:12.746Z",
    "updated_at": "2026-05-26T14:02:12.746Z"
  }
},
{
  "model": "api.aquacultureexpense",
  "pk": 143,
  "fields": {
    "company": 1,
    "pond": 4,
    "production_cycle": 59,
    "expense_category": "feed_purchase",
    "expense_date": "2026-05-20",
    "amount": "6300.00",
    "memo": "[DASHBOARD-DEMO] Floating feed — batch 16",
    "vendor_name": "Premium Feed Mills",
    "source_station": null,
    "feed_sack_count": "2.4000",
    "empty_sack_count": null,
    "feed_weight_kg": "120.0000",
    "funding_account_code": "",
    "created_at": "2026-05-26T14:02:12.746Z",
    "updated_at": "2026-05-26T14:02:12.746Z"
  }
},
{
  "model": "api.aquacultureexpense",
  "pk": 144,
  "fields": {
    "company": 1,
    "pond": 5,
    "production_cycle": 60,
    "expense_category": "feed_purchase",
    "expense_date": "2026-05-22",
    "amount": "8137.50",
    "memo": "[DASHBOARD-DEMO] Floating feed — batch 17",
    "vendor_name": "Premium Feed Mills",
    "source_station": null,
    "feed_sack_count": "3.1000",
    "empty_sack_count": null,
    "feed_weight_kg": "155.0000",
    "funding_account_code": "",
    "created_at": "2026-05-26T14:02:12.746Z",
    "updated_at": "2026-05-26T14:02:12.746Z"
  }
},
{
  "model": "api.aquacultureexpense",
  "pk": 145,
  "fields": {
    "company": 1,
    "pond": 20,
    "production_cycle": 61,
    "expense_category": "feed_purchase",
    "expense_date": "2026-05-24",
    "amount": "9975.00",
    "memo": "[DASHBOARD-DEMO] Floating feed — batch 18",
    "vendor_name": "Premium Feed Mills",
    "source_station": null,
    "feed_sack_count": "3.8000",
    "empty_sack_count": null,
    "feed_weight_kg": "190.0000",
    "funding_account_code": "",
    "created_at": "2026-05-26T14:02:12.746Z",
    "updated_at": "2026-05-26T14:02:12.746Z"
  }
},
{
  "model": "api.aquacultureexpense",
  "pk": 146,
  "fields": {
    "company": 1,
    "pond": 19,
    "production_cycle": 56,
    "expense_category": "feed_purchase",
    "expense_date": "2026-04-30",
    "amount": "32550.00",
    "memo": "[DASHBOARD-DEMO] Daily ration (dashboard window)",
    "vendor_name": "Premium Feed Mills",
    "source_station": null,
    "feed_sack_count": "12.4000",
    "empty_sack_count": null,
    "feed_weight_kg": "620.0000",
    "funding_account_code": "",
    "created_at": "2026-05-26T14:02:12.746Z",
    "updated_at": "2026-05-26T14:02:12.746Z"
  }
},
{
  "model": "api.aquacultureexpense",
  "pk": 147,
  "fields": {
    "company": 1,
    "pond": 2,
    "production_cycle": 57,
    "expense_category": "feed_purchase",
    "expense_date": "2026-05-01",
    "amount": "33495.00",
    "memo": "[DASHBOARD-DEMO] Daily ration (dashboard window)",
    "vendor_name": "Premium Feed Mills",
    "source_station": null,
    "feed_sack_count": "12.7600",
    "empty_sack_count": null,
    "feed_weight_kg": "638.0000",
    "funding_account_code": "",
    "created_at": "2026-05-26T14:02:12.746Z",
    "updated_at": "2026-05-26T14:02:12.746Z"
  }
},
{
  "model": "api.aquacultureexpense",
  "pk": 148,
  "fields": {
    "company": 1,
    "pond": 3,
    "production_cycle": 58,
    "expense_category": "feed_purchase",
    "expense_date": "2026-05-02",
    "amount": "34440.00",
    "memo": "[DASHBOARD-DEMO] Daily ration (dashboard window)",
    "vendor_name": "Premium Feed Mills",
    "source_station": null,
    "feed_sack_count": "13.1200",
    "empty_sack_count": null,
    "feed_weight_kg": "656.0000",
    "funding_account_code": "",
    "created_at": "2026-05-26T14:02:12.746Z",
    "updated_at": "2026-05-26T14:02:12.746Z"
  }
},
{
  "model": "api.aquacultureexpense",
  "pk": 149,
  "fields": {
    "company": 1,
    "pond": 4,
    "production_cycle": 59,
    "expense_category": "feed_purchase",
    "expense_date": "2026-05-03",
    "amount": "32550.00",
    "memo": "[DASHBOARD-DEMO] Daily ration (dashboard window)",
    "vendor_name": "Premium Feed Mills",
    "source_station": null,
    "feed_sack_count": "12.4000",
    "empty_sack_count": null,
    "feed_weight_kg": "620.0000",
    "funding_account_code": "",
    "created_at": "2026-05-26T14:02:12.746Z",
    "updated_at": "2026-05-26T14:02:12.746Z"
  }
},
{
  "model": "api.aquacultureexpense",
  "pk": 150,
  "fields": {
    "company": 1,
    "pond": 5,
    "production_cycle": 60,
    "expense_category": "feed_purchase",
    "expense_date": "2026-05-04",
    "amount": "33495.00",
    "memo": "[DASHBOARD-DEMO] Daily ration (dashboard window)",
    "vendor_name": "Premium Feed Mills",
    "source_station": null,
    "feed_sack_count": "12.7600",
    "empty_sack_count": null,
    "feed_weight_kg": "638.0000",
    "funding_account_code": "",
    "created_at": "2026-05-26T14:02:12.746Z",
    "updated_at": "2026-05-26T14:02:12.746Z"
  }
},
{
  "model": "api.aquacultureexpense",
  "pk": 151,
  "fields": {
    "company": 1,
    "pond": 20,
    "production_cycle": 61,
    "expense_category": "feed_purchase",
    "expense_date": "2026-05-05",
    "amount": "34440.00",
    "memo": "[DASHBOARD-DEMO] Daily ration (dashboard window)",
    "vendor_name": "Premium Feed Mills",
    "source_station": null,
    "feed_sack_count": "13.1200",
    "empty_sack_count": null,
    "feed_weight_kg": "656.0000",
    "funding_account_code": "",
    "created_at": "2026-05-26T14:02:12.746Z",
    "updated_at": "2026-05-26T14:02:12.746Z"
  }
},
{
  "model": "api.aquacultureexpense",
  "pk": 152,
  "fields": {
    "company": 1,
    "pond": 21,
    "production_cycle": 62,
    "expense_category": "feed_purchase",
    "expense_date": "2026-05-06",
    "amount": "32550.00",
    "memo": "[DASHBOARD-DEMO] Daily ration (dashboard window)",
    "vendor_name": "Premium Feed Mills",
    "source_station": null,
    "feed_sack_count": "12.4000",
    "empty_sack_count": null,
    "feed_weight_kg": "620.0000",
    "funding_account_code": "",
    "created_at": "2026-05-26T14:02:12.746Z",
    "updated_at": "2026-05-26T14:02:12.746Z"
  }
},
{
  "model": "api.aquacultureexpense",
  "pk": 153,
  "fields": {
    "company": 1,
    "pond": 22,
    "production_cycle": 63,
    "expense_category": "feed_purchase",
    "expense_date": "2026-05-07",
    "amount": "33495.00",
    "memo": "[DASHBOARD-DEMO] Daily ration (dashboard window)",
    "vendor_name": "Premium Feed Mills",
    "source_station": null,
    "feed_sack_count": "12.7600",
    "empty_sack_count": null,
    "feed_weight_kg": "638.0000",
    "funding_account_code": "",
    "created_at": "2026-05-26T14:02:12.746Z",
    "updated_at": "2026-05-26T14:02:12.746Z"
  }
},
{
  "model": "api.aquacultureexpense",
  "pk": 154,
  "fields": {
    "company": 1,
    "pond": 23,
    "production_cycle": 64,
    "expense_category": "feed_purchase",
    "expense_date": "2026-05-08",
    "amount": "34440.00",
    "memo": "[DASHBOARD-DEMO] Daily ration (dashboard window)",
    "vendor_name": "Premium Feed Mills",
    "source_station": null,
    "feed_sack_count": "13.1200",
    "empty_sack_count": null,
    "feed_weight_kg": "656.0000",
    "funding_account_code": "",
    "created_at": "2026-05-26T14:02:12.746Z",
    "updated_at": "2026-05-26T14:02:12.746Z"
  }
},
{
  "model": "api.aquacultureexpense",
  "pk": 155,
  "fields": {
    "company": 1,
    "pond": 24,
    "production_cycle": 65,
    "expense_category": "feed_purchase",
    "expense_date": "2026-05-09",
    "amount": "32550.00",
    "memo": "[DASHBOARD-DEMO] Daily ration (dashboard window)",
    "vendor_name": "Premium Feed Mills",
    "source_station": null,
    "feed_sack_count": "12.4000",
    "empty_sack_count": null,
    "feed_weight_kg": "620.0000",
    "funding_account_code": "",
    "created_at": "2026-05-26T14:02:12.746Z",
    "updated_at": "2026-05-26T14:02:12.746Z"
  }
},
{
  "model": "api.aquacultureexpense",
  "pk": 156,
  "fields": {
    "company": 1,
    "pond": 25,
    "production_cycle": 66,
    "expense_category": "feed_purchase",
    "expense_date": "2026-05-10",
    "amount": "33495.00",
    "memo": "[DASHBOARD-DEMO] Daily ration (dashboard window)",
    "vendor_name": "Premium Feed Mills",
    "source_station": null,
    "feed_sack_count": "12.7600",
    "empty_sack_count": null,
    "feed_weight_kg": "638.0000",
    "funding_account_code": "",
    "created_at": "2026-05-26T14:02:12.746Z",
    "updated_at": "2026-05-26T14:02:12.746Z"
  }
},
{
  "model": "api.aquacultureexpense",
  "pk": 157,
  "fields": {
    "company": 1,
    "pond": 26,
    "production_cycle": 67,
    "expense_category": "feed_purchase",
    "expense_date": "2026-05-11",
    "amount": "34440.00",
    "memo": "[DASHBOARD-DEMO] Daily ration (dashboard window)",
    "vendor_name": "Premium Feed Mills",
    "source_station": null,
    "feed_sack_count": "13.1200",
    "empty_sack_count": null,
    "feed_weight_kg": "656.0000",
    "funding_account_code": "",
    "created_at": "2026-05-26T14:02:12.746Z",
    "updated_at": "2026-05-26T14:02:12.746Z"
  }
},
{
  "model": "api.aquacultureexpense",
  "pk": 158,
  "fields": {
    "company": 1,
    "pond": 19,
    "production_cycle": 56,
    "expense_category": "feed_purchase",
    "expense_date": "2026-05-12",
    "amount": "32550.00",
    "memo": "[DASHBOARD-DEMO] Daily ration (dashboard window)",
    "vendor_name": "Premium Feed Mills",
    "source_station": null,
    "feed_sack_count": "12.4000",
    "empty_sack_count": null,
    "feed_weight_kg": "620.0000",
    "funding_account_code": "",
    "created_at": "2026-05-26T14:02:12.746Z",
    "updated_at": "2026-05-26T14:02:12.746Z"
  }
},
{
  "model": "api.aquacultureexpense",
  "pk": 159,
  "fields": {
    "company": 1,
    "pond": 2,
    "production_cycle": 57,
    "expense_category": "feed_purchase",
    "expense_date": "2026-05-13",
    "amount": "33495.00",
    "memo": "[DASHBOARD-DEMO] Daily ration (dashboard window)",
    "vendor_name": "Premium Feed Mills",
    "source_station": null,
    "feed_sack_count": "12.7600",
    "empty_sack_count": null,
    "feed_weight_kg": "638.0000",
    "funding_account_code": "",
    "created_at": "2026-05-26T14:02:12.746Z",
    "updated_at": "2026-05-26T14:02:12.746Z"
  }
},
{
  "model": "api.aquacultureexpense",
  "pk": 160,
  "fields": {
    "company": 1,
    "pond": 3,
    "production_cycle": 58,
    "expense_category": "feed_purchase",
    "expense_date": "2026-05-14",
    "amount": "34440.00",
    "memo": "[DASHBOARD-DEMO] Daily ration (dashboard window)",
    "vendor_name": "Premium Feed Mills",
    "source_station": null,
    "feed_sack_count": "13.1200",
    "empty_sack_count": null,
    "feed_weight_kg": "656.0000",
    "funding_account_code": "",
    "created_at": "2026-05-26T14:02:12.746Z",
    "updated_at": "2026-05-26T14:02:12.746Z"
  }
},
{
  "model": "api.aquacultureexpense",
  "pk": 161,
  "fields": {
    "company": 1,
    "pond": 4,
    "production_cycle": 59,
    "expense_category": "feed_purchase",
    "expense_date": "2026-05-15",
    "amount": "32550.00",
    "memo": "[DASHBOARD-DEMO] Daily ration (dashboard window)",
    "vendor_name": "Premium Feed Mills",
    "source_station": null,
    "feed_sack_count": "12.4000",
    "empty_sack_count": null,
    "feed_weight_kg": "620.0000",
    "funding_account_code": "",
    "created_at": "2026-05-26T14:02:12.746Z",
    "updated_at": "2026-05-26T14:02:12.746Z"
  }
},
{
  "model": "api.aquacultureexpense",
  "pk": 162,
  "fields": {
    "company": 1,
    "pond": 5,
    "production_cycle": 60,
    "expense_category": "feed_purchase",
    "expense_date": "2026-05-16",
    "amount": "33495.00",
    "memo": "[DASHBOARD-DEMO] Daily ration (dashboard window)",
    "vendor_name": "Premium Feed Mills",
    "source_station": null,
    "feed_sack_count": "12.7600",
    "empty_sack_count": null,
    "feed_weight_kg": "638.0000",
    "funding_account_code": "",
    "created_at": "2026-05-26T14:02:12.746Z",
    "updated_at": "2026-05-26T14:02:12.746Z"
  }
},
{
  "model": "api.aquacultureexpense",
  "pk": 163,
  "fields": {
    "company": 1,
    "pond": 20,
    "production_cycle": 61,
    "expense_category": "feed_purchase",
    "expense_date": "2026-05-17",
    "amount": "34440.00",
    "memo": "[DASHBOARD-DEMO] Daily ration (dashboard window)",
    "vendor_name": "Premium Feed Mills",
    "source_station": null,
    "feed_sack_count": "13.1200",
    "empty_sack_count": null,
    "feed_weight_kg": "656.0000",
    "funding_account_code": "",
    "created_at": "2026-05-26T14:02:12.746Z",
    "updated_at": "2026-05-26T14:02:12.746Z"
  }
},
{
  "model": "api.aquacultureexpense",
  "pk": 164,
  "fields": {
    "company": 1,
    "pond": 21,
    "production_cycle": 62,
    "expense_category": "feed_purchase",
    "expense_date": "2026-05-18",
    "amount": "32550.00",
    "memo": "[DASHBOARD-DEMO] Daily ration (dashboard window)",
    "vendor_name": "Premium Feed Mills",
    "source_station": null,
    "feed_sack_count": "12.4000",
    "empty_sack_count": null,
    "feed_weight_kg": "620.0000",
    "funding_account_code": "",
    "created_at": "2026-05-26T14:02:12.746Z",
    "updated_at": "2026-05-26T14:02:12.746Z"
  }
},
{
  "model": "api.aquacultureexpense",
  "pk": 165,
  "fields": {
    "company": 1,
    "pond": 22,
    "production_cycle": 63,
    "expense_category": "feed_purchase",
    "expense_date": "2026-05-19",
    "amount": "33495.00",
    "memo": "[DASHBOARD-DEMO] Daily ration (dashboard window)",
    "vendor_name": "Premium Feed Mills",
    "source_station": null,
    "feed_sack_count": "12.7600",
    "empty_sack_count": null,
    "feed_weight_kg": "638.0000",
    "funding_account_code": "",
    "created_at": "2026-05-26T14:02:12.746Z",
    "updated_at": "2026-05-26T14:02:12.746Z"
  }
},
{
  "model": "api.aquacultureexpense",
  "pk": 166,
  "fields": {
    "company": 1,
    "pond": 23,
    "production_cycle": 64,
    "expense_category": "feed_purchase",
    "expense_date": "2026-05-20",
    "amount": "34440.00",
    "memo": "[DASHBOARD-DEMO] Daily ration (dashboard window)",
    "vendor_name": "Premium Feed Mills",
    "source_station": null,
    "feed_sack_count": "13.1200",
    "empty_sack_count": null,
    "feed_weight_kg": "656.0000",
    "funding_account_code": "",
    "created_at": "2026-05-26T14:02:12.746Z",
    "updated_at": "2026-05-26T14:02:12.746Z"
  }
},
{
  "model": "api.aquacultureexpense",
  "pk": 167,
  "fields": {
    "company": 1,
    "pond": 24,
    "production_cycle": 65,
    "expense_category": "feed_purchase",
    "expense_date": "2026-05-21",
    "amount": "32550.00",
    "memo": "[DASHBOARD-DEMO] Daily ration (dashboard window)",
    "vendor_name": "Premium Feed Mills",
    "source_station": null,
    "feed_sack_count": "12.4000",
    "empty_sack_count": null,
    "feed_weight_kg": "620.0000",
    "funding_account_code": "",
    "created_at": "2026-05-26T14:02:12.746Z",
    "updated_at": "2026-05-26T14:02:12.746Z"
  }
},
{
  "model": "api.aquacultureexpense",
  "pk": 168,
  "fields": {
    "company": 1,
    "pond": 25,
    "production_cycle": 66,
    "expense_category": "feed_purchase",
    "expense_date": "2026-05-22",
    "amount": "33495.00",
    "memo": "[DASHBOARD-DEMO] Daily ration (dashboard window)",
    "vendor_name": "Premium Feed Mills",
    "source_station": null,
    "feed_sack_count": "12.7600",
    "empty_sack_count": null,
    "feed_weight_kg": "638.0000",
    "funding_account_code": "",
    "created_at": "2026-05-26T14:02:12.746Z",
    "updated_at": "2026-05-26T14:02:12.746Z"
  }
},
{
  "model": "api.aquacultureexpense",
  "pk": 169,
  "fields": {
    "company": 1,
    "pond": 26,
    "production_cycle": 67,
    "expense_category": "feed_purchase",
    "expense_date": "2026-05-23",
    "amount": "34440.00",
    "memo": "[DASHBOARD-DEMO] Daily ration (dashboard window)",
    "vendor_name": "Premium Feed Mills",
    "source_station": null,
    "feed_sack_count": "13.1200",
    "empty_sack_count": null,
    "feed_weight_kg": "656.0000",
    "funding_account_code": "",
    "created_at": "2026-05-26T14:02:12.746Z",
    "updated_at": "2026-05-26T14:02:12.746Z"
  }
},
{
  "model": "api.aquacultureexpense",
  "pk": 170,
  "fields": {
    "company": 1,
    "pond": 19,
    "production_cycle": 56,
    "expense_category": "feed_purchase",
    "expense_date": "2026-05-24",
    "amount": "32550.00",
    "memo": "[DASHBOARD-DEMO] Daily ration (dashboard window)",
    "vendor_name": "Premium Feed Mills",
    "source_station": null,
    "feed_sack_count": "12.4000",
    "empty_sack_count": null,
    "feed_weight_kg": "620.0000",
    "funding_account_code": "",
    "created_at": "2026-05-26T14:02:12.746Z",
    "updated_at": "2026-05-26T14:02:12.746Z"
  }
},
{
  "model": "api.aquacultureexpense",
  "pk": 171,
  "fields": {
    "company": 1,
    "pond": 2,
    "production_cycle": 57,
    "expense_category": "feed_purchase",
    "expense_date": "2026-05-25",
    "amount": "33495.00",
    "memo": "[DASHBOARD-DEMO] Daily ration (dashboard window)",
    "vendor_name": "Premium Feed Mills",
    "source_station": null,
    "feed_sack_count": "12.7600",
    "empty_sack_count": null,
    "feed_weight_kg": "638.0000",
    "funding_account_code": "",
    "created_at": "2026-05-26T14:02:12.746Z",
    "updated_at": "2026-05-26T14:02:12.746Z"
  }
},
{
  "model": "api.aquacultureexpense",
  "pk": 172,
  "fields": {
    "company": 1,
    "pond": 3,
    "production_cycle": 58,
    "expense_category": "feed_purchase",
    "expense_date": "2026-05-26",
    "amount": "34440.00",
    "memo": "[DASHBOARD-DEMO] Daily ration (dashboard window)",
    "vendor_name": "Premium Feed Mills",
    "source_station": null,
    "feed_sack_count": "13.1200",
    "empty_sack_count": null,
    "feed_weight_kg": "656.0000",
    "funding_account_code": "",
    "created_at": "2026-05-26T14:02:12.746Z",
    "updated_at": "2026-05-26T14:02:12.746Z"
  }
},
{
  "model": "api.aquacultureexpense",
  "pk": 173,
  "fields": {
    "company": 1,
    "pond": 2,
    "production_cycle": 57,
    "expense_category": "medicine_purchase",
    "expense_date": "2026-05-23",
    "amount": "18500.00",
    "memo": "[DASHBOARD-DEMO] Oxy-Med + probiotic",
    "vendor_name": "Aquatech Suppliers",
    "source_station": null,
    "feed_sack_count": null,
    "empty_sack_count": null,
    "feed_weight_kg": null,
    "funding_account_code": "",
    "created_at": "2026-05-26T14:02:12.746Z",
    "updated_at": "2026-05-26T14:02:12.746Z"
  }
},
{
  "model": "api.aquacultureexpense",
  "pk": 174,
  "fields": {
    "company": 1,
    "pond": 3,
    "production_cycle": 58,
    "expense_category": "fry_stocking",
    "expense_date": "2026-05-16",
    "amount": "420000.00",
    "memo": "[DASHBOARD-DEMO] Tilapia fry — spring stocking",
    "vendor_name": "Aquatech Suppliers",
    "source_station": null,
    "feed_sack_count": null,
    "empty_sack_count": null,
    "feed_weight_kg": null,
    "funding_account_code": "",
    "created_at": "2026-05-26T14:02:12.746Z",
    "updated_at": "2026-05-26T14:02:12.746Z"
  }
},
{
  "model": "api.aquacultureexpense",
  "pk": 175,
  "fields": {
    "company": 1,
    "pond": 4,
    "production_cycle": 59,
    "expense_category": "equipment",
    "expense_date": "2026-05-09",
    "amount": "67500.00",
    "memo": "[DASHBOARD-DEMO] Aerator service + spare impeller",
    "vendor_name": "Aquatech Suppliers",
    "source_station": null,
    "feed_sack_count": null,
    "empty_sack_count": null,
    "feed_weight_kg": null,
    "funding_account_code": "",
    "created_at": "2026-05-26T14:02:12.746Z",
    "updated_at": "2026-05-26T14:02:12.746Z"
  }
},
{
  "model": "api.aquacultureexpense",
  "pk": 176,
  "fields": {
    "company": 1,
    "pond": 5,
    "production_cycle": 60,
    "expense_category": "medicine_purchase",
    "expense_date": "2026-05-02",
    "amount": "9200.00",
    "memo": "[DASHBOARD-DEMO] Salt + formalin protocol",
    "vendor_name": "Aquatech Suppliers",
    "source_station": null,
    "feed_sack_count": null,
    "empty_sack_count": null,
    "feed_weight_kg": null,
    "funding_account_code": "",
    "created_at": "2026-05-26T14:02:12.746Z",
    "updated_at": "2026-05-26T14:02:12.746Z"
  }
},
{
  "model": "api.aquacultureexpense",
  "pk": 177,
  "fields": {
    "company": 1,
    "pond": 19,
    "production_cycle": 56,
    "expense_category": "electricity",
    "expense_date": "2026-05-21",
    "amount": "4500.00",
    "memo": "[DASHBOARD-DEMO] Aerator / pump meter",
    "vendor_name": "PowerGrid",
    "source_station": null,
    "feed_sack_count": null,
    "empty_sack_count": null,
    "feed_weight_kg": null,
    "funding_account_code": "",
    "created_at": "2026-05-26T14:02:12.746Z",
    "updated_at": "2026-05-26T14:02:12.746Z"
  }
},
{
  "model": "api.aquacultureexpense",
  "pk": 178,
  "fields": {
    "company": 1,
    "pond": 2,
    "production_cycle": 57,
    "expense_category": "electricity",
    "expense_date": "2026-05-20",
    "amount": "4680.00",
    "memo": "[DASHBOARD-DEMO] Aerator / pump meter",
    "vendor_name": "PowerGrid",
    "source_station": null,
    "feed_sack_count": null,
    "empty_sack_count": null,
    "feed_weight_kg": null,
    "funding_account_code": "",
    "created_at": "2026-05-26T14:02:12.746Z",
    "updated_at": "2026-05-26T14:02:12.746Z"
  }
},
{
  "model": "api.aquacultureexpense",
  "pk": 179,
  "fields": {
    "company": 1,
    "pond": 3,
    "production_cycle": 58,
    "expense_category": "electricity",
    "expense_date": "2026-05-19",
    "amount": "4860.00",
    "memo": "[DASHBOARD-DEMO] Aerator / pump meter",
    "vendor_name": "PowerGrid",
    "source_station": null,
    "feed_sack_count": null,
    "empty_sack_count": null,
    "feed_weight_kg": null,
    "funding_account_code": "",
    "created_at": "2026-05-26T14:02:12.746Z",
    "updated_at": "2026-05-26T14:02:12.746Z"
  }
},
{
  "model": "api.aquacultureexpense",
  "pk": 180,
  "fields": {
    "company": 1,
    "pond": 4,
    "production_cycle": 59,
    "expense_category": "electricity",
    "expense_date": "2026-05-18",
    "amount": "5040.00",
    "memo": "[DASHBOARD-DEMO] Aerator / pump meter",
    "vendor_name": "PowerGrid",
    "source_station": null,
    "feed_sack_count": null,
    "empty_sack_count": null,
    "feed_weight_kg": null,
    "funding_account_code": "",
    "created_at": "2026-05-26T14:02:12.746Z",
    "updated_at": "2026-05-26T14:02:12.746Z"
  }
},
{
  "model": "api.aquacultureexpense",
  "pk": 181,
  "fields": {
    "company": 1,
    "pond": 5,
    "production_cycle": 60,
    "expense_category": "electricity",
    "expense_date": "2026-05-17",
    "amount": "5220.00",
    "memo": "[DASHBOARD-DEMO] Aerator / pump meter",
    "vendor_name": "PowerGrid",
    "source_station": null,
    "feed_sack_count": null,
    "empty_sack_count": null,
    "feed_weight_kg": null,
    "funding_account_code": "",
    "created_at": "2026-05-26T14:02:12.746Z",
    "updated_at": "2026-05-26T14:02:12.746Z"
  }
},
{
  "model": "api.aquacultureexpense",
  "pk": 182,
  "fields": {
    "company": 1,
    "pond": 20,
    "production_cycle": 61,
    "expense_category": "electricity",
    "expense_date": "2026-05-16",
    "amount": "5400.00",
    "memo": "[DASHBOARD-DEMO] Aerator / pump meter",
    "vendor_name": "PowerGrid",
    "source_station": null,
    "feed_sack_count": null,
    "empty_sack_count": null,
    "feed_weight_kg": null,
    "funding_account_code": "",
    "created_at": "2026-05-26T14:02:12.746Z",
    "updated_at": "2026-05-26T14:02:12.746Z"
  }
},
{
  "model": "api.aquacultureexpense",
  "pk": 183,
  "fields": {
    "company": 1,
    "pond": null,
    "production_cycle": null,
    "expense_category": "electricity",
    "expense_date": "2026-05-13",
    "amount": "28000.00",
    "memo": "[DASHBOARD-DEMO] Site generator diesel + yard lighting",
    "vendor_name": "Rural Power Co-op",
    "source_station": null,
    "feed_sack_count": null,
    "empty_sack_count": null,
    "feed_weight_kg": null,
    "funding_account_code": "",
    "created_at": "2026-05-26T14:02:12.746Z",
    "updated_at": "2026-05-26T14:02:12.746Z"
  }
},
{
  "model": "api.aquacultureexpense",
  "pk": 184,
  "fields": {
    "company": 1,
    "pond": 27,
    "production_cycle": 68,
    "expense_category": "feed_purchase",
    "expense_date": "2026-05-24",
    "amount": "100000.00",
    "memo": "[FEED-UI-DEMO] CP feed delivery #1 (Khulna distributor).",
    "vendor_name": "Quality Aqua Feed — Khulna",
    "source_station": null,
    "feed_sack_count": "6.0000",
    "empty_sack_count": null,
    "feed_weight_kg": "120.0000",
    "funding_account_code": "",
    "created_at": "2026-05-26T14:02:12.810Z",
    "updated_at": "2026-05-26T14:02:12.811Z"
  }
},
{
  "model": "api.aquacultureexpense",
  "pk": 185,
  "fields": {
    "company": 1,
    "pond": 27,
    "production_cycle": 68,
    "expense_category": "feed_purchase",
    "expense_date": "2026-05-21",
    "amount": "105000.00",
    "memo": "[FEED-UI-DEMO] CP feed delivery #2 (Khulna distributor).",
    "vendor_name": "Quality Aqua Feed — Khulna",
    "source_station": null,
    "feed_sack_count": "7.0000",
    "empty_sack_count": null,
    "feed_weight_kg": "95.5000",
    "funding_account_code": "",
    "created_at": "2026-05-26T14:02:12.812Z",
    "updated_at": "2026-05-26T14:02:12.812Z"
  }
},
{
  "model": "api.aquacultureexpense",
  "pk": 187,
  "fields": {
    "company": 1,
    "pond": 2,
    "production_cycle": 72,
    "expense_category": "electricity",
    "expense_date": "2026-05-12",
    "amount": "4500.00",
    "memo": "[COMP-DEMO] COMP-DEMO-OPEX — Aerator meter — pond",
    "vendor_name": "Premium Agro Suppliers",
    "source_station": null,
    "feed_sack_count": null,
    "empty_sack_count": null,
    "feed_weight_kg": null,
    "funding_account_code": "",
    "created_at": "2026-05-26T14:02:13.996Z",
    "updated_at": "2026-05-26T14:02:13.996Z"
  }
},
{
  "model": "api.aquacultureexpense",
  "pk": 188,
  "fields": {
    "company": 1,
    "pond": 3,
    "production_cycle": 58,
    "expense_category": "medicine_purchase",
    "expense_date": "2026-05-09",
    "amount": "12500.00",
    "memo": "[COMP-DEMO] COMP-DEMO-OPEX — Oxytetracycline + probiotic",
    "vendor_name": "Premium Agro Suppliers",
    "source_station": null,
    "feed_sack_count": null,
    "empty_sack_count": null,
    "feed_weight_kg": null,
    "funding_account_code": "",
    "created_at": "2026-05-26T14:02:14.009Z",
    "updated_at": "2026-05-26T14:02:14.009Z"
  }
},
{
  "model": "api.aquacultureexpense",
  "pk": 189,
  "fields": {
    "company": 1,
    "pond": 4,
    "production_cycle": 45,
    "expense_category": "feed_purchase",
    "expense_date": "2026-05-06",
    "amount": "57000.00",
    "memo": "[COMP-DEMO] COMP-DEMO-OPEX — Grower feed delivery",
    "vendor_name": "Premium Agro Suppliers",
    "source_station": null,
    "feed_sack_count": null,
    "empty_sack_count": null,
    "feed_weight_kg": null,
    "funding_account_code": "",
    "created_at": "2026-05-26T14:02:14.020Z",
    "updated_at": "2026-05-26T14:02:14.020Z"
  }
},
{
  "model": "api.aquacultureexpense",
  "pk": 190,
  "fields": {
    "company": 1,
    "pond": 5,
    "production_cycle": 46,
    "expense_category": "equipment",
    "expense_date": "2026-05-03",
    "amount": "22000.00",
    "memo": "[COMP-DEMO] COMP-DEMO-OPEX — Net repair + bamboo sluice",
    "vendor_name": "Premium Agro Suppliers",
    "source_station": null,
    "feed_sack_count": null,
    "empty_sack_count": null,
    "feed_weight_kg": null,
    "funding_account_code": "",
    "created_at": "2026-05-26T14:02:14.030Z",
    "updated_at": "2026-05-26T14:02:14.030Z"
  }
},
{
  "model": "api.aquacultureexpense",
  "pk": 191,
  "fields": {
    "company": 1,
    "pond": 2,
    "production_cycle": 72,
    "expense_category": "worker_salary",
    "expense_date": "2026-04-30",
    "amount": "18000.00",
    "memo": "[COMP-DEMO] COMP-DEMO-OPEX — Pond helper wages",
    "vendor_name": "Premium Agro Suppliers",
    "source_station": null,
    "feed_sack_count": null,
    "empty_sack_count": null,
    "feed_weight_kg": null,
    "funding_account_code": "",
    "created_at": "2026-05-26T14:02:14.046Z",
    "updated_at": "2026-05-26T14:02:14.046Z"
  }
},
{
  "model": "api.aquacultureexpense",
  "pk": 192,
  "fields": {
    "company": 1,
    "pond": null,
    "production_cycle": null,
    "expense_category": "electricity",
    "expense_date": "2026-05-06",
    "amount": "36000.00",
    "memo": "[COMP-DEMO] COMP-DEMO-OPEX — Site generator + yard lighting",
    "vendor_name": "Rural Power Co-op",
    "source_station": null,
    "feed_sack_count": null,
    "empty_sack_count": null,
    "feed_weight_kg": null,
    "funding_account_code": "",
    "created_at": "2026-05-26T14:02:14.055Z",
    "updated_at": "2026-05-26T14:02:14.055Z"
  }
},
{
  "model": "api.aquacultureexpense",
  "pk": 193,
  "fields": {
    "company": 1,
    "pond": 4,
    "production_cycle": 45,
    "expense_category": "medicine_consumed",
    "expense_date": "2026-05-23",
    "amount": "90.00",
    "memo": "[COMP-DEMO] Salt bath treatment",
    "vendor_name": "",
    "source_station": null,
    "feed_sack_count": null,
    "empty_sack_count": null,
    "feed_weight_kg": null,
    "funding_account_code": "",
    "created_at": "2026-05-26T14:15:31.559Z",
    "updated_at": "2026-05-26T14:15:31.559Z"
  }
},
{
  "model": "api.aquacultureexpense",
  "pk": 194,
  "fields": {
    "company": 1,
    "pond": 4,
    "production_cycle": 45,
    "expense_category": "feed_consumed",
    "expense_date": "2026-05-24",
    "amount": "6300.00",
    "memo": "[COMP-DEMO] Grower feed application",
    "vendor_name": "",
    "source_station": null,
    "feed_sack_count": "3.0000",
    "empty_sack_count": null,
    "feed_weight_kg": "75.0000",
    "funding_account_code": "",
    "created_at": "2026-05-26T14:15:31.576Z",
    "updated_at": "2026-05-26T14:15:31.576Z"
  }
},
{
  "model": "api.aquacultureexpenseinventoryline",
  "pk": 1,
  "fields": {
    "expense": 114,
    "item": 24,
    "quantity": "25.0000",
    "source_station": null
  }
},
{
  "model": "api.aquacultureexpenseinventoryline",
  "pk": 3,
  "fields": {
    "expense": 118,
    "item": 76,
    "quantity": "40.5000",
    "source_station": null
  }
},
{
  "model": "api.aquacultureexpenseinventoryline",
  "pk": 4,
  "fields": {
    "expense": 119,
    "item": 17,
    "quantity": "3.0000",
    "source_station": null
  }
},
{
  "model": "api.aquacultureexpenseinventoryline",
  "pk": 5,
  "fields": {
    "expense": 193,
    "item": 77,
    "quantity": "2.0000",
    "source_station": null
  }
},
{
  "model": "api.aquacultureexpenseinventoryline",
  "pk": 6,
  "fields": {
    "expense": 194,
    "item": 111,
    "quantity": "3.0000",
    "source_station": null
  }
},
{
  "model": "api.aquacultureexpensepondshare",
  "pk": 19,
  "fields": {
    "expense": 122,
    "pond": 20,
    "amount": "3000.00"
  }
},
{
  "model": "api.aquacultureexpensepondshare",
  "pk": 20,
  "fields": {
    "expense": 122,
    "pond": 21,
    "amount": "1500.00"
  }
},
{
  "model": "api.aquacultureexpensepondshare",
  "pk": 21,
  "fields": {
    "expense": 183,
    "pond": 19,
    "amount": "4666.67"
  }
},
{
  "model": "api.aquacultureexpensepondshare",
  "pk": 22,
  "fields": {
    "expense": 183,
    "pond": 2,
    "amount": "4666.67"
  }
},
{
  "model": "api.aquacultureexpensepondshare",
  "pk": 23,
  "fields": {
    "expense": 183,
    "pond": 3,
    "amount": "4666.67"
  }
},
{
  "model": "api.aquacultureexpensepondshare",
  "pk": 24,
  "fields": {
    "expense": 183,
    "pond": 4,
    "amount": "4666.67"
  }
},
{
  "model": "api.aquacultureexpensepondshare",
  "pk": 25,
  "fields": {
    "expense": 183,
    "pond": 5,
    "amount": "4666.67"
  }
},
{
  "model": "api.aquacultureexpensepondshare",
  "pk": 26,
  "fields": {
    "expense": 183,
    "pond": 20,
    "amount": "4666.65"
  }
},
{
  "model": "api.aquacultureexpensepondshare",
  "pk": 27,
  "fields": {
    "expense": 192,
    "pond": 2,
    "amount": "12000.00"
  }
},
{
  "model": "api.aquacultureexpensepondshare",
  "pk": 28,
  "fields": {
    "expense": 192,
    "pond": 3,
    "amount": "12000.00"
  }
},
{
  "model": "api.aquacultureexpensepondshare",
  "pk": 29,
  "fields": {
    "expense": 192,
    "pond": 4,
    "amount": "12000.00"
  }
},
{
  "model": "api.aquaculturefishsale",
  "pk": 18,
  "fields": {
    "company": 1,
    "pond": 5,
    "production_cycle": null,
    "income_type": "fish_harvest_sale",
    "fish_species": "tilapia",
    "fish_species_other": "",
    "sale_date": "2026-05-08",
    "weight_kg": "400.0000",
    "fish_count": 800,
    "total_amount": "64000.00",
    "buyer_name": "Rajon",
    "memo": "Mina Bazar Fish Supplier",
    "invoice": 1,
    "created_at": "2026-05-08T17:01:44.454Z",
    "updated_at": "2026-05-08T17:03:21.506Z"
  }
},
{
  "model": "api.aquaculturefishsale",
  "pk": 20,
  "fields": {
    "company": 1,
    "pond": 19,
    "production_cycle": 44,
    "income_type": "fingerling_sale",
    "fish_species": "tilapia",
    "fish_species_other": "",
    "sale_date": "2026-05-02",
    "weight_kg": "500.0000",
    "fish_count": 25000,
    "total_amount": "187500.00",
    "buyer_name": "Demo Buyer (P&L basis seed)",
    "memo": "[XFER-PL-BASIS] Demo sale kg so total_cost_per_kg can be computed.",
    "invoice": null,
    "created_at": "2026-05-09T15:09:24.409Z",
    "updated_at": "2026-05-09T15:09:24.410Z"
  }
},
{
  "model": "api.aquaculturefishsale",
  "pk": 21,
  "fields": {
    "company": 1,
    "pond": 3,
    "production_cycle": null,
    "income_type": "fish_harvest_sale",
    "fish_species": "tilapia",
    "fish_species_other": "",
    "sale_date": "2026-05-11",
    "weight_kg": "260.0000",
    "fish_count": 1040,
    "total_amount": "39000.00",
    "buyer_name": "Rajon",
    "memo": "",
    "invoice": 3,
    "created_at": "2026-05-11T11:14:17.475Z",
    "updated_at": "2026-05-11T11:49:37.789Z"
  }
},
{
  "model": "api.aquaculturefishsale",
  "pk": 22,
  "fields": {
    "company": 1,
    "pond": 3,
    "production_cycle": 25,
    "income_type": "fish_harvest_sale",
    "fish_species": "tilapia",
    "fish_species_other": "",
    "sale_date": "2026-05-11",
    "weight_kg": "200.0000",
    "fish_count": 800,
    "total_amount": "34000.00",
    "buyer_name": "Abul Bapari",
    "memo": "",
    "invoice": null,
    "created_at": "2026-05-11T13:25:49.457Z",
    "updated_at": "2026-05-11T13:25:49.457Z"
  }
},
{
  "model": "api.aquaculturefishsale",
  "pk": 23,
  "fields": {
    "company": 1,
    "pond": 3,
    "production_cycle": 25,
    "income_type": "fish_harvest_sale",
    "fish_species": "tilapia",
    "fish_species_other": "",
    "sale_date": "2026-05-19",
    "weight_kg": "4000.0000",
    "fish_count": 12000,
    "total_amount": "640000.00",
    "buyer_name": "Rajon",
    "memo": "",
    "invoice": null,
    "created_at": "2026-05-19T22:41:41.046Z",
    "updated_at": "2026-05-19T22:41:41.046Z"
  }
},
{
  "model": "api.aquaculturefishsale",
  "pk": 24,
  "fields": {
    "company": 1,
    "pond": 3,
    "production_cycle": 25,
    "income_type": "fish_harvest_sale",
    "fish_species": "tilapia",
    "fish_species_other": "",
    "sale_date": "2026-05-22",
    "weight_kg": "4000.0000",
    "fish_count": 12000,
    "total_amount": "680000.00",
    "buyer_name": "",
    "memo": "Nadim Baperi",
    "invoice": 10,
    "created_at": "2026-05-22T02:55:41.772Z",
    "updated_at": "2026-05-22T02:57:20.130Z"
  }
},
{
  "model": "api.aquaculturefishsale",
  "pk": 25,
  "fields": {
    "company": 1,
    "pond": 3,
    "production_cycle": 25,
    "income_type": "fish_harvest_sale",
    "fish_species": "tilapia",
    "fish_species_other": "",
    "sale_date": "2026-05-26",
    "weight_kg": "420.0000",
    "fish_count": 1470,
    "total_amount": "67200.00",
    "buyer_name": "Abul Bapari",
    "memo": "From Pond Site",
    "invoice": null,
    "created_at": "2026-05-26T12:26:37.951Z",
    "updated_at": "2026-05-26T12:26:37.951Z"
  }
},
{
  "model": "api.aquaculturefishsale",
  "pk": 26,
  "fields": {
    "company": 1,
    "pond": 20,
    "production_cycle": 49,
    "income_type": "fish_harvest_sale",
    "fish_species": "tilapia",
    "fish_species_other": "",
    "sale_date": "2026-05-23",
    "weight_kg": "2850.5000",
    "fish_count": 9500,
    "total_amount": "712500.00",
    "buyer_name": "Demo Wholesale Buyer",
    "memo": "SEED: main harvest",
    "invoice": null,
    "created_at": "2026-05-26T14:01:57.627Z",
    "updated_at": "2026-05-26T14:01:57.627Z"
  }
},
{
  "model": "api.aquaculturefishsale",
  "pk": 27,
  "fields": {
    "company": 1,
    "pond": 21,
    "production_cycle": 50,
    "income_type": "fingerling_sale",
    "fish_species": "tilapia",
    "fish_species_other": "",
    "sale_date": "2026-04-11",
    "weight_kg": "85.0000",
    "fish_count": 17000,
    "total_amount": "127500.00",
    "buyer_name": "Neighbor Farm Co-op",
    "memo": "SEED: fingerling sale",
    "invoice": null,
    "created_at": "2026-05-26T14:01:57.628Z",
    "updated_at": "2026-05-26T14:01:57.628Z"
  }
},
{
  "model": "api.aquaculturefishsale",
  "pk": 28,
  "fields": {
    "company": 1,
    "pond": 22,
    "production_cycle": 51,
    "income_type": "fish_harvest_sale",
    "fish_species": "tilapia",
    "fish_species_other": "",
    "sale_date": "2026-05-13",
    "weight_kg": "135.0000",
    "fish_count": 850,
    "total_amount": "50000.00",
    "buyer_name": "Bulk Buyer 1",
    "memo": "BULK-DEMO-SALE-01",
    "invoice": null,
    "created_at": "2026-05-26T14:02:12.317Z",
    "updated_at": "2026-05-26T14:02:12.317Z"
  }
},
{
  "model": "api.aquaculturefishsale",
  "pk": 29,
  "fields": {
    "company": 1,
    "pond": 23,
    "production_cycle": 52,
    "income_type": "fingerling_sale",
    "fish_species": "tilapia",
    "fish_species_other": "",
    "sale_date": "2026-05-12",
    "weight_kg": "150.0000",
    "fish_count": 900,
    "total_amount": "55000.00",
    "buyer_name": "Bulk Buyer 2",
    "memo": "BULK-DEMO-SALE-02",
    "invoice": null,
    "created_at": "2026-05-26T14:02:12.328Z",
    "updated_at": "2026-05-26T14:02:12.328Z"
  }
},
{
  "model": "api.aquaculturefishsale",
  "pk": 30,
  "fields": {
    "company": 1,
    "pond": 24,
    "production_cycle": 53,
    "income_type": "processing_value_add",
    "fish_species": "tilapia",
    "fish_species_other": "",
    "sale_date": "2026-05-11",
    "weight_kg": "165.0000",
    "fish_count": 950,
    "total_amount": "60000.00",
    "buyer_name": "Bulk Buyer 3",
    "memo": "BULK-DEMO-SALE-03",
    "invoice": null,
    "created_at": "2026-05-26T14:02:12.332Z",
    "updated_at": "2026-05-26T14:02:12.332Z"
  }
},
{
  "model": "api.aquaculturefishsale",
  "pk": 31,
  "fields": {
    "company": 1,
    "pond": 25,
    "production_cycle": 54,
    "income_type": "empty_feed_sack_sale",
    "fish_species": "tilapia",
    "fish_species_other": "",
    "sale_date": "2026-05-10",
    "weight_kg": "180.0000",
    "fish_count": 1000,
    "total_amount": "65000.00",
    "buyer_name": "Bulk Buyer 4",
    "memo": "BULK-DEMO-SALE-04",
    "invoice": null,
    "created_at": "2026-05-26T14:02:12.346Z",
    "updated_at": "2026-05-26T14:02:12.346Z"
  }
},
{
  "model": "api.aquaculturefishsale",
  "pk": 32,
  "fields": {
    "company": 1,
    "pond": 26,
    "production_cycle": 55,
    "income_type": "other_income",
    "fish_species": "tilapia",
    "fish_species_other": "",
    "sale_date": "2026-05-09",
    "weight_kg": "195.0000",
    "fish_count": 1050,
    "total_amount": "70000.00",
    "buyer_name": "Bulk Buyer 5",
    "memo": "BULK-DEMO-SALE-05",
    "invoice": null,
    "created_at": "2026-05-26T14:02:12.361Z",
    "updated_at": "2026-05-26T14:02:12.361Z"
  }
},
{
  "model": "api.aquaculturefishsale",
  "pk": 33,
  "fields": {
    "company": 1,
    "pond": 19,
    "production_cycle": 56,
    "income_type": "fish_harvest_sale",
    "fish_species": "tilapia",
    "fish_species_other": "",
    "sale_date": "2026-05-26",
    "weight_kg": "1850.0000",
    "fish_count": 6000,
    "total_amount": "459725.00",
    "buyer_name": "Dhaka Wholesale Fish Market",
    "memo": "[DASHBOARD-DEMO] Partial harvest — live haul",
    "invoice": null,
    "created_at": "2026-05-26T14:02:12.761Z",
    "updated_at": "2026-05-26T14:02:12.761Z"
  }
},
{
  "model": "api.aquaculturefishsale",
  "pk": 34,
  "fields": {
    "company": 1,
    "pond": 2,
    "production_cycle": 57,
    "income_type": "fish_harvest_sale",
    "fish_species": "tilapia",
    "fish_species_other": "",
    "sale_date": "2026-05-24",
    "weight_kg": "2070.0000",
    "fish_count": 6800,
    "total_amount": "514395.00",
    "buyer_name": "Dhaka Wholesale Fish Market",
    "memo": "[DASHBOARD-DEMO] Partial harvest — live haul",
    "invoice": null,
    "created_at": "2026-05-26T14:02:12.762Z",
    "updated_at": "2026-05-26T14:02:12.762Z"
  }
},
{
  "model": "api.aquaculturefishsale",
  "pk": 35,
  "fields": {
    "company": 1,
    "pond": 3,
    "production_cycle": 58,
    "income_type": "fish_harvest_sale",
    "fish_species": "rohu",
    "fish_species_other": "",
    "sale_date": "2026-05-22",
    "weight_kg": "2290.0000",
    "fish_count": 7600,
    "total_amount": "569065.00",
    "buyer_name": "Dhaka Wholesale Fish Market",
    "memo": "[DASHBOARD-DEMO] Partial harvest — live haul",
    "invoice": null,
    "created_at": "2026-05-26T14:02:12.763Z",
    "updated_at": "2026-05-26T14:02:12.763Z"
  }
},
{
  "model": "api.aquaculturefishsale",
  "pk": 36,
  "fields": {
    "company": 1,
    "pond": 2,
    "production_cycle": 57,
    "income_type": "fingerling_sale",
    "fish_species": "tilapia",
    "fish_species_other": "",
    "sale_date": "2026-05-14",
    "weight_kg": "95.0000",
    "fish_count": 19000,
    "total_amount": "142500.00",
    "buyer_name": "Neighbor cooperative",
    "memo": "[DASHBOARD-DEMO] Fingerling surplus",
    "invoice": null,
    "created_at": "2026-05-26T14:02:12.763Z",
    "updated_at": "2026-05-26T14:02:12.763Z"
  }
},
{
  "model": "api.aquaculturefishsale",
  "pk": 37,
  "fields": {
    "company": 1,
    "pond": 2,
    "production_cycle": 72,
    "income_type": "fish_harvest_sale",
    "fish_species": "tilapia",
    "fish_species_other": "",
    "sale_date": "2026-05-26",
    "weight_kg": "2800.0000",
    "fish_count": 9200,
    "total_amount": "694400.00",
    "buyer_name": "COMP-DEMO Wholesale Buyer",
    "memo": "[COMP-DEMO] COMP-DEMO-HARVEST — tilapia",
    "invoice": null,
    "created_at": "2026-05-26T14:02:13.921Z",
    "updated_at": "2026-05-26T14:02:13.921Z"
  }
},
{
  "model": "api.aquaculturefishsale",
  "pk": 38,
  "fields": {
    "company": 1,
    "pond": 3,
    "production_cycle": 58,
    "income_type": "fish_harvest_sale",
    "fish_species": "rui",
    "fish_species_other": "",
    "sale_date": "2026-05-21",
    "weight_kg": "1200.0000",
    "fish_count": 4800,
    "total_amount": "318000.00",
    "buyer_name": "COMP-DEMO Wholesale Buyer",
    "memo": "[COMP-DEMO] COMP-DEMO-HARVEST — rui",
    "invoice": null,
    "created_at": "2026-05-26T14:02:13.934Z",
    "updated_at": "2026-05-26T14:02:13.934Z"
  }
},
{
  "model": "api.aquaculturefishsale",
  "pk": 39,
  "fields": {
    "company": 1,
    "pond": 4,
    "production_cycle": 45,
    "income_type": "fish_harvest_sale",
    "fish_species": "pangas",
    "fish_species_other": "",
    "sale_date": "2026-05-14",
    "weight_kg": "950.0000",
    "fish_count": 4100,
    "total_amount": "223250.00",
    "buyer_name": "COMP-DEMO Wholesale Buyer",
    "memo": "[COMP-DEMO] COMP-DEMO-HARVEST — pangas",
    "invoice": null,
    "created_at": "2026-05-26T14:02:13.946Z",
    "updated_at": "2026-05-26T14:02:13.946Z"
  }
},
{
  "model": "api.aquaculturefishsale",
  "pk": 40,
  "fields": {
    "company": 1,
    "pond": 5,
    "production_cycle": 46,
    "income_type": "fish_harvest_sale",
    "fish_species": "catla",
    "fish_species_other": "",
    "sale_date": "2026-05-08",
    "weight_kg": "800.0000",
    "fish_count": 3500,
    "total_amount": "192000.00",
    "buyer_name": "COMP-DEMO Wholesale Buyer",
    "memo": "[COMP-DEMO] COMP-DEMO-HARVEST — catla",
    "invoice": null,
    "created_at": "2026-05-26T14:02:13.946Z",
    "updated_at": "2026-05-26T14:02:13.946Z"
  }
},
{
  "model": "api.aquaculturefishsale",
  "pk": 41,
  "fields": {
    "company": 1,
    "pond": 19,
    "production_cycle": 43,
    "income_type": "fish_harvest_sale",
    "fish_species": "silver_carp",
    "fish_species_other": "",
    "sale_date": "2026-05-01",
    "weight_kg": "600.0000",
    "fish_count": 2200,
    "total_amount": "132000.00",
    "buyer_name": "COMP-DEMO Wholesale Buyer",
    "memo": "[COMP-DEMO] COMP-DEMO-HARVEST — silver_carp",
    "invoice": null,
    "created_at": "2026-05-26T14:02:13.970Z",
    "updated_at": "2026-05-26T14:02:13.970Z"
  }
},
{
  "model": "api.aquaculturefishsale",
  "pk": 42,
  "fields": {
    "company": 1,
    "pond": 20,
    "production_cycle": 49,
    "income_type": "fish_harvest_sale",
    "fish_species": "tilapia",
    "fish_species_other": "",
    "sale_date": "2026-04-21",
    "weight_kg": "1500.0000",
    "fish_count": 5500,
    "total_amount": "378000.00",
    "buyer_name": "COMP-DEMO Wholesale Buyer",
    "memo": "[COMP-DEMO] COMP-DEMO-HARVEST — tilapia",
    "invoice": null,
    "created_at": "2026-05-26T14:02:13.982Z",
    "updated_at": "2026-05-26T14:02:13.982Z"
  }
},
{
  "model": "api.aquaculturefishsale",
  "pk": 43,
  "fields": {
    "company": 1,
    "pond": 4,
    "production_cycle": null,
    "income_type": "fish_harvest_sale",
    "fish_species": "tilapia",
    "fish_species_other": "",
    "sale_date": "2026-06-04",
    "weight_kg": "100.0000",
    "fish_count": 500,
    "total_amount": "15000.00",
    "buyer_name": "",
    "memo": "",
    "invoice": 17,
    "created_at": "2026-06-04T07:07:15.422Z",
    "updated_at": "2026-06-04T07:09:47.923Z"
  }
},
{
  "model": "api.aquaculturefishsale",
  "pk": 44,
  "fields": {
    "company": 1,
    "pond": 4,
    "production_cycle": 26,
    "income_type": "fish_harvest_sale",
    "fish_species": "tilapia",
    "fish_species_other": "",
    "sale_date": "2026-06-04",
    "weight_kg": "20.0000",
    "fish_count": 100,
    "total_amount": "3400.00",
    "buyer_name": "",
    "memo": "",
    "invoice": 18,
    "created_at": "2026-06-04T07:47:26.513Z",
    "updated_at": "2026-06-04T07:47:55.813Z"
  }
},
{
  "model": "api.aquaculturefishsale",
  "pk": 45,
  "fields": {
    "company": 1,
    "pond": 4,
    "production_cycle": 26,
    "income_type": "fish_harvest_sale",
    "fish_species": "tilapia",
    "fish_species_other": "",
    "sale_date": "2026-06-04",
    "weight_kg": "120.0000",
    "fish_count": 330,
    "total_amount": "20400.00",
    "buyer_name": "",
    "memo": "",
    "invoice": null,
    "created_at": "2026-06-04T10:07:36.367Z",
    "updated_at": "2026-06-04T10:07:36.367Z"
  }
},
{
  "model": "api.aquaculturefishpondtransfer",
  "pk": 1,
  "fields": {
    "company": 1,
    "from_pond": 2,
    "from_production_cycle": 24,
    "transfer_date": "2026-04-02",
    "fish_species": "tilapia",
    "fish_species_other": "",
    "memo": "[FISH-XFER-DEMO] Nursing batch to primary grow-out.",
    "created_at": "2026-05-06T21:05:37.747Z"
  }
},
{
  "model": "api.aquaculturefishpondtransfer",
  "pk": 2,
  "fields": {
    "company": 1,
    "from_pond": 2,
    "from_production_cycle": 24,
    "transfer_date": "2026-04-19",
    "fish_species": "tilapia",
    "fish_species_other": "",
    "memo": "[FISH-XFER-DEMO] Split restock — two grow-out cells.",
    "created_at": "2026-05-06T21:05:37.755Z"
  }
},
{
  "model": "api.aquaculturefishpondtransfer",
  "pk": 3,
  "fields": {
    "company": 1,
    "from_pond": 19,
    "from_production_cycle": 43,
    "transfer_date": "2026-05-09",
    "fish_species": "tilapia",
    "fish_species_other": "",
    "memo": "Fingerling",
    "created_at": "2026-05-09T05:34:15.172Z"
  }
},
{
  "model": "api.aquaculturefishpondtransfer",
  "pk": 6,
  "fields": {
    "company": 1,
    "from_pond": 19,
    "from_production_cycle": 43,
    "transfer_date": "2026-05-17",
    "fish_species": "tilapia",
    "fish_species_other": "",
    "memo": "",
    "created_at": "2026-05-16T21:09:31.775Z"
  }
},
{
  "model": "api.aquaculturefishpondtransfer",
  "pk": 7,
  "fields": {
    "company": 1,
    "from_pond": 21,
    "from_production_cycle": 50,
    "transfer_date": "2026-04-21",
    "fish_species": "tilapia",
    "fish_species_other": "",
    "memo": "SEED: stock fish to grow-out",
    "created_at": "2026-05-26T14:01:57.629Z"
  }
},
{
  "model": "api.aquaculturefishpondtransfer",
  "pk": 8,
  "fields": {
    "company": 1,
    "from_pond": 2,
    "from_production_cycle": 24,
    "transfer_date": "2025-06-30",
    "fish_species": "tilapia",
    "fish_species_other": "",
    "memo": "",
    "created_at": "2026-06-30T03:07:37.573Z"
  }
},
{
  "model": "api.aquaculturefishpondtransferline",
  "pk": 4,
  "fields": {
    "transfer": 1,
    "to_pond": 3,
    "to_production_cycle": 25,
    "weight_kg": "420.0000",
    "fish_count": 28000,
    "pcs_per_kg": "66.6667",
    "cost_amount": "26137.04"
  }
},
{
  "model": "api.aquaculturefishpondtransferline",
  "pk": 5,
  "fields": {
    "transfer": 2,
    "to_pond": 3,
    "to_production_cycle": 25,
    "weight_kg": "195.0000",
    "fish_count": 13650,
    "pcs_per_kg": "70.0000",
    "cost_amount": "12519.66"
  }
},
{
  "model": "api.aquaculturefishpondtransferline",
  "pk": 6,
  "fields": {
    "transfer": 2,
    "to_pond": 4,
    "to_production_cycle": 26,
    "weight_kg": "175.5000",
    "fish_count": 11700,
    "pcs_per_kg": "66.6667",
    "cost_amount": "10731.14"
  }
},
{
  "model": "api.aquaculturefishpondtransferline",
  "pk": 7,
  "fields": {
    "transfer": 3,
    "to_pond": 3,
    "to_production_cycle": 25,
    "weight_kg": "857.1430",
    "fish_count": 60000,
    "pcs_per_kg": "70.0000",
    "cost_amount": "46662.00"
  }
},
{
  "model": "api.aquaculturefishpondtransferline",
  "pk": 8,
  "fields": {
    "transfer": 3,
    "to_pond": 4,
    "to_production_cycle": 26,
    "weight_kg": "1000.0000",
    "fish_count": 70000,
    "pcs_per_kg": "70.0000",
    "cost_amount": "54439.00"
  }
},
{
  "model": "api.aquaculturefishpondtransferline",
  "pk": 9,
  "fields": {
    "transfer": 3,
    "to_pond": 5,
    "to_production_cycle": null,
    "weight_kg": "1714.2860",
    "fish_count": 120000,
    "pcs_per_kg": "70.0000",
    "cost_amount": "93324.00"
  }
},
{
  "model": "api.aquaculturefishpondtransferline",
  "pk": 17,
  "fields": {
    "transfer": 6,
    "to_pond": 3,
    "to_production_cycle": 25,
    "weight_kg": "2181.8200",
    "fish_count": 120000,
    "pcs_per_kg": "55.0000",
    "cost_amount": "103530.00"
  }
},
{
  "model": "api.aquaculturefishpondtransferline",
  "pk": 18,
  "fields": {
    "transfer": 7,
    "to_pond": 20,
    "to_production_cycle": 49,
    "weight_kg": "420.0000",
    "fish_count": 28000,
    "pcs_per_kg": null,
    "cost_amount": "185000.00"
  }
},
{
  "model": "api.aquaculturefishpondtransferline",
  "pk": 22,
  "fields": {
    "transfer": 8,
    "to_pond": 4,
    "to_production_cycle": 74,
    "weight_kg": "4491.0200",
    "fish_count": 15000,
    "pcs_per_kg": "3.3400",
    "cost_amount": "36941.68"
  }
},
{
  "model": "api.aquaculturebiomasssample",
  "pk": 68,
  "fields": {
    "company": 1,
    "pond": 5,
    "production_cycle": null,
    "sample_date": "2026-05-08",
    "estimated_fish_count": 800,
    "estimated_total_weight_kg": "400.0000",
    "avg_weight_kg": "0.500000",
    "stock_reference_fish_count": 128595,
    "stock_reference_net_weight_kg": "4163.7860",
    "stock_reference_avg_weight_kg": "0.032379",
    "extrapolated_biomass_kg": "64297.5000",
    "biomass_gain_kg": "60133.7225",
    "fish_species": "tilapia",
    "fish_species_other": "",
    "notes": "Auto from fish harvest sale #18. Approx. 2.0000 fish per kg (pcs/kg); avg 0.500000 kg per fish.",
    "market_price_per_kg": null,
    "market_value": null,
    "book_bioasset_value": null,
    "book_cost_per_kg": null,
    "bioasset_margin": null,
    "bioasset_margin_per_kg": null,
    "biological_production_cost": null,
    "full_cost_base": null,
    "full_cycle_margin": null,
    "full_cycle_margin_per_kg": null,
    "source_fish_sale": 18,
    "created_at": "2026-05-08T17:01:44.496Z",
    "updated_at": "2026-05-08T17:02:14.187Z"
  }
},
{
  "model": "api.aquaculturebiomasssample",
  "pk": 70,
  "fields": {
    "company": 1,
    "pond": 2,
    "production_cycle": null,
    "sample_date": "2026-05-09",
    "estimated_fish_count": 70000,
    "estimated_total_weight_kg": "1000.0000",
    "avg_weight_kg": "0.014286",
    "stock_reference_fish_count": 1428650,
    "stock_reference_net_weight_kg": "-3292.1866",
    "stock_reference_avg_weight_kg": "0.004539",
    "extrapolated_biomass_kg": "20409.6939",
    "biomass_gain_kg": "13925.0516",
    "fish_species": "tilapia",
    "fish_species_other": "",
    "notes": "Fingerling",
    "market_price_per_kg": null,
    "market_value": null,
    "book_bioasset_value": null,
    "book_cost_per_kg": null,
    "bioasset_margin": null,
    "bioasset_margin_per_kg": null,
    "biological_production_cost": null,
    "full_cost_base": null,
    "full_cycle_margin": null,
    "full_cycle_margin_per_kg": null,
    "source_fish_sale": null,
    "created_at": "2026-05-09T04:22:01.770Z",
    "updated_at": "2026-05-09T16:36:48.477Z"
  }
},
{
  "model": "api.aquaculturebiomasssample",
  "pk": 72,
  "fields": {
    "company": 1,
    "pond": 3,
    "production_cycle": null,
    "sample_date": "2026-05-11",
    "estimated_fish_count": 1040,
    "estimated_total_weight_kg": "260.0000",
    "avg_weight_kg": "0.250000",
    "stock_reference_fish_count": 206080,
    "stock_reference_net_weight_kg": "-1706.0370",
    "stock_reference_avg_weight_kg": "0.030816",
    "extrapolated_biomass_kg": "51520.0000",
    "biomass_gain_kg": "45169.4387",
    "fish_species": "tilapia",
    "fish_species_other": "",
    "notes": "Auto from fish harvest sale #21. Approx. 4.0000 fish per kg (pcs/kg); avg 0.250000 kg per fish.",
    "market_price_per_kg": null,
    "market_value": null,
    "book_bioasset_value": null,
    "book_cost_per_kg": null,
    "bioasset_margin": null,
    "bioasset_margin_per_kg": null,
    "biological_production_cost": null,
    "full_cost_base": null,
    "full_cycle_margin": null,
    "full_cycle_margin_per_kg": null,
    "source_fish_sale": 21,
    "created_at": "2026-05-11T11:14:17.493Z",
    "updated_at": "2026-05-11T11:14:17.533Z"
  }
},
{
  "model": "api.aquaculturebiomasssample",
  "pk": 73,
  "fields": {
    "company": 1,
    "pond": 3,
    "production_cycle": 25,
    "sample_date": "2026-05-11",
    "estimated_fish_count": 800,
    "estimated_total_weight_kg": "200.0000",
    "avg_weight_kg": "0.250000",
    "stock_reference_fish_count": 195320,
    "stock_reference_net_weight_kg": "-4986.0370",
    "stock_reference_avg_weight_kg": "0.016485",
    "extrapolated_biomass_kg": "48830.0000",
    "biomass_gain_kg": "45610.1498",
    "fish_species": "tilapia",
    "fish_species_other": "",
    "notes": "Auto from fish harvest sale #22. Approx. 4.0000 fish per kg (pcs/kg); avg 0.250000 kg per fish.",
    "market_price_per_kg": null,
    "market_value": null,
    "book_bioasset_value": null,
    "book_cost_per_kg": null,
    "bioasset_margin": null,
    "bioasset_margin_per_kg": null,
    "biological_production_cost": null,
    "full_cost_base": null,
    "full_cycle_margin": null,
    "full_cycle_margin_per_kg": null,
    "source_fish_sale": 22,
    "created_at": "2026-05-11T13:25:49.494Z",
    "updated_at": "2026-05-11T13:25:49.533Z"
  }
},
{
  "model": "api.aquaculturebiomasssample",
  "pk": 74,
  "fields": {
    "company": 1,
    "pond": 3,
    "production_cycle": 25,
    "sample_date": "2026-05-19",
    "estimated_fish_count": 12000,
    "estimated_total_weight_kg": "4000.0000",
    "avg_weight_kg": "0.333333",
    "stock_reference_fish_count": 195320,
    "stock_reference_net_weight_kg": "-4986.0370",
    "stock_reference_avg_weight_kg": "0.016485",
    "extrapolated_biomass_kg": "65106.6016",
    "biomass_gain_kg": "61886.7514",
    "fish_species": "tilapia",
    "fish_species_other": "",
    "notes": "Auto from fish harvest sale #23. Approx. 3.0000 fish per kg (pcs/kg); avg 0.333333 kg per fish.",
    "market_price_per_kg": null,
    "market_value": null,
    "book_bioasset_value": null,
    "book_cost_per_kg": null,
    "bioasset_margin": null,
    "bioasset_margin_per_kg": null,
    "biological_production_cost": null,
    "full_cost_base": null,
    "full_cycle_margin": null,
    "full_cycle_margin_per_kg": null,
    "source_fish_sale": 23,
    "created_at": "2026-05-19T22:41:41.054Z",
    "updated_at": "2026-05-19T22:41:41.076Z"
  }
},
{
  "model": "api.aquaculturebiomasssample",
  "pk": 75,
  "fields": {
    "company": 1,
    "pond": 3,
    "production_cycle": 25,
    "sample_date": "2026-05-22",
    "estimated_fish_count": 12000,
    "estimated_total_weight_kg": "4000.0000",
    "avg_weight_kg": "0.333333",
    "stock_reference_fish_count": 195320,
    "stock_reference_net_weight_kg": "-4986.0370",
    "stock_reference_avg_weight_kg": "0.016485",
    "extrapolated_biomass_kg": "65106.6016",
    "biomass_gain_kg": "61886.7514",
    "fish_species": "tilapia",
    "fish_species_other": "",
    "notes": "Auto from fish harvest sale #24. Approx. 3.0000 fish per kg (pcs/kg); avg 0.333333 kg per fish.",
    "market_price_per_kg": null,
    "market_value": null,
    "book_bioasset_value": null,
    "book_cost_per_kg": null,
    "bioasset_margin": null,
    "bioasset_margin_per_kg": null,
    "biological_production_cost": null,
    "full_cost_base": null,
    "full_cycle_margin": null,
    "full_cycle_margin_per_kg": null,
    "source_fish_sale": 24,
    "created_at": "2026-05-22T02:55:41.826Z",
    "updated_at": "2026-05-22T02:55:41.916Z"
  }
},
{
  "model": "api.aquaculturebiomasssample",
  "pk": 76,
  "fields": {
    "company": 1,
    "pond": 3,
    "production_cycle": 25,
    "sample_date": "2026-05-26",
    "estimated_fish_count": 1470,
    "estimated_total_weight_kg": "420.0000",
    "avg_weight_kg": "0.285714",
    "stock_reference_fish_count": 195320,
    "stock_reference_net_weight_kg": "-4986.0370",
    "stock_reference_avg_weight_kg": "0.016485",
    "extrapolated_biomass_kg": "55805.6585",
    "biomass_gain_kg": "52585.8083",
    "fish_species": "tilapia",
    "fish_species_other": "",
    "notes": "Auto from fish harvest sale #25. Approx. 3.5000 fish per kg (pcs/kg); avg 0.285714 kg per fish.",
    "market_price_per_kg": null,
    "market_value": null,
    "book_bioasset_value": null,
    "book_cost_per_kg": null,
    "bioasset_margin": null,
    "bioasset_margin_per_kg": null,
    "biological_production_cost": null,
    "full_cost_base": null,
    "full_cycle_margin": null,
    "full_cycle_margin_per_kg": null,
    "source_fish_sale": 25,
    "created_at": "2026-05-26T12:26:37.957Z",
    "updated_at": "2026-05-26T12:26:37.984Z"
  }
},
{
  "model": "api.aquaculturebiomasssample",
  "pk": 77,
  "fields": {
    "company": 1,
    "pond": 20,
    "production_cycle": 49,
    "sample_date": "2026-05-16",
    "estimated_fish_count": 12000,
    "estimated_total_weight_kg": "3600.0000",
    "avg_weight_kg": "0.300000",
    "stock_reference_fish_count": 12985,
    "stock_reference_net_weight_kg": "-3943.0000",
    "stock_reference_avg_weight_kg": "0.015000",
    "extrapolated_biomass_kg": "3895.5000",
    "biomass_gain_kg": "3700.7250",
    "fish_species": "tilapia",
    "fish_species_other": "",
    "notes": "SEED: seine sample estimate",
    "market_price_per_kg": null,
    "market_value": null,
    "book_bioasset_value": null,
    "book_cost_per_kg": null,
    "bioasset_margin": null,
    "bioasset_margin_per_kg": null,
    "biological_production_cost": null,
    "full_cost_base": null,
    "full_cycle_margin": null,
    "full_cycle_margin_per_kg": null,
    "source_fish_sale": null,
    "created_at": "2026-05-26T14:01:57.629Z",
    "updated_at": "2026-05-26T14:01:57.629Z"
  }
},
{
  "model": "api.aquaculturebiomasssample",
  "pk": 78,
  "fields": {
    "company": 1,
    "pond": 22,
    "production_cycle": 51,
    "sample_date": "2026-05-10",
    "estimated_fish_count": 5200,
    "estimated_total_weight_kg": "1550.0000",
    "avg_weight_kg": "0.281000",
    "stock_reference_fish_count": null,
    "stock_reference_net_weight_kg": "-147.5000",
    "stock_reference_avg_weight_kg": null,
    "extrapolated_biomass_kg": null,
    "biomass_gain_kg": null,
    "fish_species": "tilapia",
    "fish_species_other": "",
    "notes": "BULK-DEMO-SAMPLE-01 seine estimate",
    "market_price_per_kg": null,
    "market_value": null,
    "book_bioasset_value": null,
    "book_cost_per_kg": null,
    "bioasset_margin": null,
    "bioasset_margin_per_kg": null,
    "biological_production_cost": null,
    "full_cost_base": null,
    "full_cycle_margin": null,
    "full_cycle_margin_per_kg": null,
    "source_fish_sale": null,
    "created_at": "2026-05-26T14:02:12.246Z",
    "updated_at": "2026-05-26T14:02:12.246Z"
  }
},
{
  "model": "api.aquaculturebiomasssample",
  "pk": 79,
  "fields": {
    "company": 1,
    "pond": 23,
    "production_cycle": 52,
    "sample_date": "2026-05-09",
    "estimated_fish_count": 5400,
    "estimated_total_weight_kg": "1600.0000",
    "avg_weight_kg": "0.282000",
    "stock_reference_fish_count": null,
    "stock_reference_net_weight_kg": "-152.5000",
    "stock_reference_avg_weight_kg": null,
    "extrapolated_biomass_kg": null,
    "biomass_gain_kg": null,
    "fish_species": "tilapia",
    "fish_species_other": "",
    "notes": "BULK-DEMO-SAMPLE-02 seine estimate",
    "market_price_per_kg": null,
    "market_value": null,
    "book_bioasset_value": null,
    "book_cost_per_kg": null,
    "bioasset_margin": null,
    "bioasset_margin_per_kg": null,
    "biological_production_cost": null,
    "full_cost_base": null,
    "full_cycle_margin": null,
    "full_cycle_margin_per_kg": null,
    "source_fish_sale": null,
    "created_at": "2026-05-26T14:02:12.266Z",
    "updated_at": "2026-05-26T14:02:12.266Z"
  }
},
{
  "model": "api.aquaculturebiomasssample",
  "pk": 80,
  "fields": {
    "company": 1,
    "pond": 24,
    "production_cycle": 53,
    "sample_date": "2026-05-08",
    "estimated_fish_count": 5600,
    "estimated_total_weight_kg": "1650.0000",
    "avg_weight_kg": "0.283000",
    "stock_reference_fish_count": null,
    "stock_reference_net_weight_kg": "-170.0000",
    "stock_reference_avg_weight_kg": null,
    "extrapolated_biomass_kg": null,
    "biomass_gain_kg": null,
    "fish_species": "tilapia",
    "fish_species_other": "",
    "notes": "BULK-DEMO-SAMPLE-03 seine estimate",
    "market_price_per_kg": null,
    "market_value": null,
    "book_bioasset_value": null,
    "book_cost_per_kg": null,
    "bioasset_margin": null,
    "bioasset_margin_per_kg": null,
    "biological_production_cost": null,
    "full_cost_base": null,
    "full_cycle_margin": null,
    "full_cycle_margin_per_kg": null,
    "source_fish_sale": null,
    "created_at": "2026-05-26T14:02:12.280Z",
    "updated_at": "2026-05-26T14:02:12.280Z"
  }
},
{
  "model": "api.aquaculturebiomasssample",
  "pk": 81,
  "fields": {
    "company": 1,
    "pond": 25,
    "production_cycle": 54,
    "sample_date": "2026-05-07",
    "estimated_fish_count": 5800,
    "estimated_total_weight_kg": "1700.0000",
    "avg_weight_kg": "0.284000",
    "stock_reference_fish_count": 2,
    "stock_reference_net_weight_kg": "1.0000",
    "stock_reference_avg_weight_kg": "0.500000",
    "extrapolated_biomass_kg": "0.5862",
    "biomass_gain_kg": "-0.4138",
    "fish_species": "tilapia",
    "fish_species_other": "",
    "notes": "BULK-DEMO-SAMPLE-04 seine estimate",
    "market_price_per_kg": null,
    "market_value": null,
    "book_bioasset_value": null,
    "book_cost_per_kg": null,
    "bioasset_margin": null,
    "bioasset_margin_per_kg": null,
    "biological_production_cost": null,
    "full_cost_base": null,
    "full_cycle_margin": null,
    "full_cycle_margin_per_kg": null,
    "source_fish_sale": null,
    "created_at": "2026-05-26T14:02:12.283Z",
    "updated_at": "2026-05-26T14:02:12.283Z"
  }
},
{
  "model": "api.aquaculturebiomasssample",
  "pk": 82,
  "fields": {
    "company": 1,
    "pond": 26,
    "production_cycle": 55,
    "sample_date": "2026-05-06",
    "estimated_fish_count": 6000,
    "estimated_total_weight_kg": "1750.0000",
    "avg_weight_kg": "0.285000",
    "stock_reference_fish_count": null,
    "stock_reference_net_weight_kg": "-194.0000",
    "stock_reference_avg_weight_kg": null,
    "extrapolated_biomass_kg": null,
    "biomass_gain_kg": null,
    "fish_species": "tilapia",
    "fish_species_other": "",
    "notes": "BULK-DEMO-SAMPLE-05 seine estimate",
    "market_price_per_kg": null,
    "market_value": null,
    "book_bioasset_value": null,
    "book_cost_per_kg": null,
    "bioasset_margin": null,
    "bioasset_margin_per_kg": null,
    "biological_production_cost": null,
    "full_cost_base": null,
    "full_cycle_margin": null,
    "full_cycle_margin_per_kg": null,
    "source_fish_sale": null,
    "created_at": "2026-05-26T14:02:12.296Z",
    "updated_at": "2026-05-26T14:02:12.296Z"
  }
},
{
  "model": "api.aquaculturebiomasssample",
  "pk": 83,
  "fields": {
    "company": 1,
    "pond": 2,
    "production_cycle": null,
    "sample_date": "2026-05-02",
    "estimated_fish_count": 9600,
    "estimated_total_weight_kg": "2700.0000",
    "avg_weight_kg": "0.337500",
    "stock_reference_fish_count": 1428650,
    "stock_reference_net_weight_kg": "-3292.1866",
    "stock_reference_avg_weight_kg": "0.004539",
    "extrapolated_biomass_kg": "401807.8125",
    "biomass_gain_kg": "395323.1702",
    "fish_species": "tilapia",
    "fish_species_other": "",
    "notes": "[DASHBOARD-DEMO] Seine / cast-net estimate (early)",
    "market_price_per_kg": null,
    "market_value": null,
    "book_bioasset_value": null,
    "book_cost_per_kg": null,
    "bioasset_margin": null,
    "bioasset_margin_per_kg": null,
    "biological_production_cost": null,
    "full_cost_base": null,
    "full_cycle_margin": null,
    "full_cycle_margin_per_kg": null,
    "source_fish_sale": null,
    "created_at": "2026-05-26T14:02:12.763Z",
    "updated_at": "2026-05-26T14:02:12.763Z"
  }
},
{
  "model": "api.aquaculturebiomasssample",
  "pk": 84,
  "fields": {
    "company": 1,
    "pond": 2,
    "production_cycle": null,
    "sample_date": "2026-05-25",
    "estimated_fish_count": 10400,
    "estimated_total_weight_kg": "3300.0000",
    "avg_weight_kg": "0.350000",
    "stock_reference_fish_count": 1428650,
    "stock_reference_net_weight_kg": "-3292.1866",
    "stock_reference_avg_weight_kg": "0.004539",
    "extrapolated_biomass_kg": "453322.0742",
    "biomass_gain_kg": "446837.4318",
    "fish_species": "tilapia",
    "fish_species_other": "",
    "notes": "[DASHBOARD-DEMO] Seine / cast-net estimate (late)",
    "market_price_per_kg": null,
    "market_value": null,
    "book_bioasset_value": null,
    "book_cost_per_kg": null,
    "bioasset_margin": null,
    "bioasset_margin_per_kg": null,
    "biological_production_cost": null,
    "full_cost_base": null,
    "full_cycle_margin": null,
    "full_cycle_margin_per_kg": null,
    "source_fish_sale": null,
    "created_at": "2026-05-26T14:02:12.763Z",
    "updated_at": "2026-05-26T14:02:12.763Z"
  }
},
{
  "model": "api.aquaculturebiomasssample",
  "pk": 85,
  "fields": {
    "company": 1,
    "pond": 2,
    "production_cycle": 57,
    "sample_date": "2026-05-02",
    "estimated_fish_count": 8800,
    "estimated_total_weight_kg": "2340.0000",
    "avg_weight_kg": "0.292500",
    "stock_reference_fish_count": 474200,
    "stock_reference_net_weight_kg": "-1998.3333",
    "stock_reference_avg_weight_kg": "0.000333",
    "extrapolated_biomass_kg": "126094.0478",
    "biomass_gain_kg": "125936.1392",
    "fish_species": "tilapia",
    "fish_species_other": "",
    "notes": "[DASHBOARD-DEMO] Seine / cast-net estimate (early)",
    "market_price_per_kg": null,
    "market_value": null,
    "book_bioasset_value": null,
    "book_cost_per_kg": null,
    "bioasset_margin": null,
    "bioasset_margin_per_kg": null,
    "biological_production_cost": null,
    "full_cost_base": null,
    "full_cycle_margin": null,
    "full_cycle_margin_per_kg": null,
    "source_fish_sale": null,
    "created_at": "2026-05-26T14:02:12.763Z",
    "updated_at": "2026-05-26T14:02:12.763Z"
  }
},
{
  "model": "api.aquaculturebiomasssample",
  "pk": 86,
  "fields": {
    "company": 1,
    "pond": 2,
    "production_cycle": 57,
    "sample_date": "2026-05-25",
    "estimated_fish_count": 500,
    "estimated_total_weight_kg": "35.7143",
    "avg_weight_kg": "0.071429",
    "stock_reference_fish_count": 474200,
    "stock_reference_net_weight_kg": "-1998.3333",
    "stock_reference_avg_weight_kg": "0.000333",
    "extrapolated_biomass_kg": "33871.6318",
    "biomass_gain_kg": "33713.7232",
    "fish_species": "tilapia",
    "fish_species_other": "",
    "notes": "[DIGONTA-NURSING-RECONCILE] Seine sample ~14 pcs/kg; extrapolated to batch survivors.",
    "market_price_per_kg": null,
    "market_value": null,
    "book_bioasset_value": null,
    "book_cost_per_kg": null,
    "bioasset_margin": null,
    "bioasset_margin_per_kg": null,
    "biological_production_cost": null,
    "full_cost_base": null,
    "full_cycle_margin": null,
    "full_cycle_margin_per_kg": null,
    "source_fish_sale": null,
    "created_at": "2026-05-26T14:02:12.763Z",
    "updated_at": "2026-06-30T12:12:25.450Z"
  }
},
{
  "model": "api.aquaculturebiomasssample",
  "pk": 87,
  "fields": {
    "company": 1,
    "pond": 3,
    "production_cycle": 58,
    "sample_date": "2026-05-02",
    "estimated_fish_count": 9200,
    "estimated_total_weight_kg": "2460.0000",
    "avg_weight_kg": "0.307500",
    "stock_reference_fish_count": null,
    "stock_reference_net_weight_kg": null,
    "stock_reference_avg_weight_kg": null,
    "extrapolated_biomass_kg": null,
    "biomass_gain_kg": null,
    "fish_species": "tilapia",
    "fish_species_other": "",
    "notes": "[DASHBOARD-DEMO] Seine / cast-net estimate (early)",
    "market_price_per_kg": null,
    "market_value": null,
    "book_bioasset_value": null,
    "book_cost_per_kg": null,
    "bioasset_margin": null,
    "bioasset_margin_per_kg": null,
    "biological_production_cost": null,
    "full_cost_base": null,
    "full_cycle_margin": null,
    "full_cycle_margin_per_kg": null,
    "source_fish_sale": null,
    "created_at": "2026-05-26T14:02:12.763Z",
    "updated_at": "2026-05-26T14:02:12.763Z"
  }
},
{
  "model": "api.aquaculturebiomasssample",
  "pk": 88,
  "fields": {
    "company": 1,
    "pond": 3,
    "production_cycle": 58,
    "sample_date": "2026-05-25",
    "estimated_fish_count": 10050,
    "estimated_total_weight_kg": "3060.0000",
    "avg_weight_kg": "0.350000",
    "stock_reference_fish_count": null,
    "stock_reference_net_weight_kg": null,
    "stock_reference_avg_weight_kg": null,
    "extrapolated_biomass_kg": null,
    "biomass_gain_kg": null,
    "fish_species": "tilapia",
    "fish_species_other": "",
    "notes": "[DASHBOARD-DEMO] Seine / cast-net estimate (late)",
    "market_price_per_kg": null,
    "market_value": null,
    "book_bioasset_value": null,
    "book_cost_per_kg": null,
    "bioasset_margin": null,
    "bioasset_margin_per_kg": null,
    "biological_production_cost": null,
    "full_cost_base": null,
    "full_cycle_margin": null,
    "full_cycle_margin_per_kg": null,
    "source_fish_sale": null,
    "created_at": "2026-05-26T14:02:12.763Z",
    "updated_at": "2026-05-26T14:02:12.763Z"
  }
},
{
  "model": "api.aquaculturebiomasssample",
  "pk": 89,
  "fields": {
    "company": 1,
    "pond": 4,
    "production_cycle": 59,
    "sample_date": "2026-05-02",
    "estimated_fish_count": 9600,
    "estimated_total_weight_kg": "2580.0000",
    "avg_weight_kg": "0.322500",
    "stock_reference_fish_count": null,
    "stock_reference_net_weight_kg": null,
    "stock_reference_avg_weight_kg": null,
    "extrapolated_biomass_kg": null,
    "biomass_gain_kg": null,
    "fish_species": "tilapia",
    "fish_species_other": "",
    "notes": "[DASHBOARD-DEMO] Seine / cast-net estimate (early)",
    "market_price_per_kg": null,
    "market_value": null,
    "book_bioasset_value": null,
    "book_cost_per_kg": null,
    "bioasset_margin": null,
    "bioasset_margin_per_kg": null,
    "biological_production_cost": null,
    "full_cost_base": null,
    "full_cycle_margin": null,
    "full_cycle_margin_per_kg": null,
    "source_fish_sale": null,
    "created_at": "2026-05-26T14:02:12.763Z",
    "updated_at": "2026-05-26T14:02:12.763Z"
  }
},
{
  "model": "api.aquaculturebiomasssample",
  "pk": 90,
  "fields": {
    "company": 1,
    "pond": 4,
    "production_cycle": 59,
    "sample_date": "2026-05-25",
    "estimated_fish_count": 10400,
    "estimated_total_weight_kg": "3060.0000",
    "avg_weight_kg": "0.350000",
    "stock_reference_fish_count": null,
    "stock_reference_net_weight_kg": null,
    "stock_reference_avg_weight_kg": null,
    "extrapolated_biomass_kg": null,
    "biomass_gain_kg": null,
    "fish_species": "tilapia",
    "fish_species_other": "",
    "notes": "[DASHBOARD-DEMO] Seine / cast-net estimate (late)",
    "market_price_per_kg": null,
    "market_value": null,
    "book_bioasset_value": null,
    "book_cost_per_kg": null,
    "bioasset_margin": null,
    "bioasset_margin_per_kg": null,
    "biological_production_cost": null,
    "full_cost_base": null,
    "full_cycle_margin": null,
    "full_cycle_margin_per_kg": null,
    "source_fish_sale": null,
    "created_at": "2026-05-26T14:02:12.763Z",
    "updated_at": "2026-05-26T14:02:12.763Z"
  }
},
{
  "model": "api.aquaculturebiomasssample",
  "pk": 91,
  "fields": {
    "company": 1,
    "pond": 5,
    "production_cycle": 60,
    "sample_date": "2026-05-02",
    "estimated_fish_count": 8000,
    "estimated_total_weight_kg": "2700.0000",
    "avg_weight_kg": "0.337500",
    "stock_reference_fish_count": null,
    "stock_reference_net_weight_kg": null,
    "stock_reference_avg_weight_kg": null,
    "extrapolated_biomass_kg": null,
    "biomass_gain_kg": null,
    "fish_species": "tilapia",
    "fish_species_other": "",
    "notes": "[DASHBOARD-DEMO] Seine / cast-net estimate (early)",
    "market_price_per_kg": null,
    "market_value": null,
    "book_bioasset_value": null,
    "book_cost_per_kg": null,
    "bioasset_margin": null,
    "bioasset_margin_per_kg": null,
    "biological_production_cost": null,
    "full_cost_base": null,
    "full_cycle_margin": null,
    "full_cycle_margin_per_kg": null,
    "source_fish_sale": null,
    "created_at": "2026-05-26T14:02:12.763Z",
    "updated_at": "2026-05-26T14:02:12.763Z"
  }
},
{
  "model": "api.aquaculturebiomasssample",
  "pk": 92,
  "fields": {
    "company": 1,
    "pond": 5,
    "production_cycle": 60,
    "sample_date": "2026-05-25",
    "estimated_fish_count": 9000,
    "estimated_total_weight_kg": "3220.0000",
    "avg_weight_kg": "0.350000",
    "stock_reference_fish_count": null,
    "stock_reference_net_weight_kg": null,
    "stock_reference_avg_weight_kg": null,
    "extrapolated_biomass_kg": null,
    "biomass_gain_kg": null,
    "fish_species": "tilapia",
    "fish_species_other": "",
    "notes": "[DASHBOARD-DEMO] Seine / cast-net estimate (late)",
    "market_price_per_kg": null,
    "market_value": null,
    "book_bioasset_value": null,
    "book_cost_per_kg": null,
    "bioasset_margin": null,
    "bioasset_margin_per_kg": null,
    "biological_production_cost": null,
    "full_cost_base": null,
    "full_cycle_margin": null,
    "full_cycle_margin_per_kg": null,
    "source_fish_sale": null,
    "created_at": "2026-05-26T14:02:12.763Z",
    "updated_at": "2026-05-26T14:02:12.763Z"
  }
},
{
  "model": "api.aquaculturebiomasssample",
  "pk": 93,
  "fields": {
    "company": 1,
    "pond": 20,
    "production_cycle": 61,
    "sample_date": "2026-05-02",
    "estimated_fish_count": 8000,
    "estimated_total_weight_kg": "2820.0000",
    "avg_weight_kg": "0.352500",
    "stock_reference_fish_count": null,
    "stock_reference_net_weight_kg": null,
    "stock_reference_avg_weight_kg": null,
    "extrapolated_biomass_kg": null,
    "biomass_gain_kg": null,
    "fish_species": "tilapia",
    "fish_species_other": "",
    "notes": "[DASHBOARD-DEMO] Seine / cast-net estimate (early)",
    "market_price_per_kg": null,
    "market_value": null,
    "book_bioasset_value": null,
    "book_cost_per_kg": null,
    "bioasset_margin": null,
    "bioasset_margin_per_kg": null,
    "biological_production_cost": null,
    "full_cost_base": null,
    "full_cycle_margin": null,
    "full_cycle_margin_per_kg": null,
    "source_fish_sale": null,
    "created_at": "2026-05-26T14:02:12.763Z",
    "updated_at": "2026-05-26T14:02:12.763Z"
  }
},
{
  "model": "api.aquaculturebiomasssample",
  "pk": 94,
  "fields": {
    "company": 1,
    "pond": 20,
    "production_cycle": 61,
    "sample_date": "2026-05-25",
    "estimated_fish_count": 9000,
    "estimated_total_weight_kg": "3300.0000",
    "avg_weight_kg": "0.350000",
    "stock_reference_fish_count": null,
    "stock_reference_net_weight_kg": null,
    "stock_reference_avg_weight_kg": null,
    "extrapolated_biomass_kg": null,
    "biomass_gain_kg": null,
    "fish_species": "tilapia",
    "fish_species_other": "",
    "notes": "[DASHBOARD-DEMO] Seine / cast-net estimate (late)",
    "market_price_per_kg": null,
    "market_value": null,
    "book_bioasset_value": null,
    "book_cost_per_kg": null,
    "bioasset_margin": null,
    "bioasset_margin_per_kg": null,
    "biological_production_cost": null,
    "full_cost_base": null,
    "full_cycle_margin": null,
    "full_cycle_margin_per_kg": null,
    "source_fish_sale": null,
    "created_at": "2026-05-26T14:02:12.763Z",
    "updated_at": "2026-05-26T14:02:12.763Z"
  }
},
{
  "model": "api.aquaculturebiomasssample",
  "pk": 95,
  "fields": {
    "company": 1,
    "pond": 21,
    "production_cycle": 62,
    "sample_date": "2026-05-02",
    "estimated_fish_count": 8400,
    "estimated_total_weight_kg": "2100.0000",
    "avg_weight_kg": "0.262500",
    "stock_reference_fish_count": null,
    "stock_reference_net_weight_kg": null,
    "stock_reference_avg_weight_kg": null,
    "extrapolated_biomass_kg": null,
    "biomass_gain_kg": null,
    "fish_species": "tilapia",
    "fish_species_other": "",
    "notes": "[DASHBOARD-DEMO] Seine / cast-net estimate (early)",
    "market_price_per_kg": null,
    "market_value": null,
    "book_bioasset_value": null,
    "book_cost_per_kg": null,
    "bioasset_margin": null,
    "bioasset_margin_per_kg": null,
    "biological_production_cost": null,
    "full_cost_base": null,
    "full_cycle_margin": null,
    "full_cycle_margin_per_kg": null,
    "source_fish_sale": null,
    "created_at": "2026-05-26T14:02:12.763Z",
    "updated_at": "2026-05-26T14:02:12.763Z"
  }
},
{
  "model": "api.aquaculturebiomasssample",
  "pk": 96,
  "fields": {
    "company": 1,
    "pond": 21,
    "production_cycle": 62,
    "sample_date": "2026-05-25",
    "estimated_fish_count": 9350,
    "estimated_total_weight_kg": "2620.0000",
    "avg_weight_kg": "0.350000",
    "stock_reference_fish_count": null,
    "stock_reference_net_weight_kg": null,
    "stock_reference_avg_weight_kg": null,
    "extrapolated_biomass_kg": null,
    "biomass_gain_kg": null,
    "fish_species": "tilapia",
    "fish_species_other": "",
    "notes": "[DASHBOARD-DEMO] Seine / cast-net estimate (late)",
    "market_price_per_kg": null,
    "market_value": null,
    "book_bioasset_value": null,
    "book_cost_per_kg": null,
    "bioasset_margin": null,
    "bioasset_margin_per_kg": null,
    "biological_production_cost": null,
    "full_cost_base": null,
    "full_cycle_margin": null,
    "full_cycle_margin_per_kg": null,
    "source_fish_sale": null,
    "created_at": "2026-05-26T14:02:12.763Z",
    "updated_at": "2026-05-26T14:02:12.763Z"
  }
},
{
  "model": "api.aquaculturebiomasssample",
  "pk": 97,
  "fields": {
    "company": 1,
    "pond": 22,
    "production_cycle": 63,
    "sample_date": "2026-05-02",
    "estimated_fish_count": 8800,
    "estimated_total_weight_kg": "2220.0000",
    "avg_weight_kg": "0.277500",
    "stock_reference_fish_count": null,
    "stock_reference_net_weight_kg": null,
    "stock_reference_avg_weight_kg": null,
    "extrapolated_biomass_kg": null,
    "biomass_gain_kg": null,
    "fish_species": "tilapia",
    "fish_species_other": "",
    "notes": "[DASHBOARD-DEMO] Seine / cast-net estimate (early)",
    "market_price_per_kg": null,
    "market_value": null,
    "book_bioasset_value": null,
    "book_cost_per_kg": null,
    "bioasset_margin": null,
    "bioasset_margin_per_kg": null,
    "biological_production_cost": null,
    "full_cost_base": null,
    "full_cycle_margin": null,
    "full_cycle_margin_per_kg": null,
    "source_fish_sale": null,
    "created_at": "2026-05-26T14:02:12.763Z",
    "updated_at": "2026-05-26T14:02:12.763Z"
  }
},
{
  "model": "api.aquaculturebiomasssample",
  "pk": 98,
  "fields": {
    "company": 1,
    "pond": 22,
    "production_cycle": 63,
    "sample_date": "2026-05-25",
    "estimated_fish_count": 9700,
    "estimated_total_weight_kg": "2780.0000",
    "avg_weight_kg": "0.350000",
    "stock_reference_fish_count": null,
    "stock_reference_net_weight_kg": null,
    "stock_reference_avg_weight_kg": null,
    "extrapolated_biomass_kg": null,
    "biomass_gain_kg": null,
    "fish_species": "tilapia",
    "fish_species_other": "",
    "notes": "[DASHBOARD-DEMO] Seine / cast-net estimate (late)",
    "market_price_per_kg": null,
    "market_value": null,
    "book_bioasset_value": null,
    "book_cost_per_kg": null,
    "bioasset_margin": null,
    "bioasset_margin_per_kg": null,
    "biological_production_cost": null,
    "full_cost_base": null,
    "full_cycle_margin": null,
    "full_cycle_margin_per_kg": null,
    "source_fish_sale": null,
    "created_at": "2026-05-26T14:02:12.763Z",
    "updated_at": "2026-05-26T14:02:12.763Z"
  }
},
{
  "model": "api.aquaculturebiomasssample",
  "pk": 99,
  "fields": {
    "company": 1,
    "pond": 23,
    "production_cycle": 64,
    "sample_date": "2026-05-02",
    "estimated_fish_count": 9200,
    "estimated_total_weight_kg": "2340.0000",
    "avg_weight_kg": "0.292500",
    "stock_reference_fish_count": null,
    "stock_reference_net_weight_kg": null,
    "stock_reference_avg_weight_kg": null,
    "extrapolated_biomass_kg": null,
    "biomass_gain_kg": null,
    "fish_species": "tilapia",
    "fish_species_other": "",
    "notes": "[DASHBOARD-DEMO] Seine / cast-net estimate (early)",
    "market_price_per_kg": null,
    "market_value": null,
    "book_bioasset_value": null,
    "book_cost_per_kg": null,
    "bioasset_margin": null,
    "bioasset_margin_per_kg": null,
    "biological_production_cost": null,
    "full_cost_base": null,
    "full_cycle_margin": null,
    "full_cycle_margin_per_kg": null,
    "source_fish_sale": null,
    "created_at": "2026-05-26T14:02:12.763Z",
    "updated_at": "2026-05-26T14:02:12.763Z"
  }
},
{
  "model": "api.aquaculturebiomasssample",
  "pk": 100,
  "fields": {
    "company": 1,
    "pond": 23,
    "production_cycle": 64,
    "sample_date": "2026-05-25",
    "estimated_fish_count": 10050,
    "estimated_total_weight_kg": "2940.0000",
    "avg_weight_kg": "0.350000",
    "stock_reference_fish_count": null,
    "stock_reference_net_weight_kg": null,
    "stock_reference_avg_weight_kg": null,
    "extrapolated_biomass_kg": null,
    "biomass_gain_kg": null,
    "fish_species": "tilapia",
    "fish_species_other": "",
    "notes": "[DASHBOARD-DEMO] Seine / cast-net estimate (late)",
    "market_price_per_kg": null,
    "market_value": null,
    "book_bioasset_value": null,
    "book_cost_per_kg": null,
    "bioasset_margin": null,
    "bioasset_margin_per_kg": null,
    "biological_production_cost": null,
    "full_cost_base": null,
    "full_cycle_margin": null,
    "full_cycle_margin_per_kg": null,
    "source_fish_sale": null,
    "created_at": "2026-05-26T14:02:12.763Z",
    "updated_at": "2026-05-26T14:02:12.763Z"
  }
},
{
  "model": "api.aquaculturebiomasssample",
  "pk": 101,
  "fields": {
    "company": 1,
    "pond": 24,
    "production_cycle": 65,
    "sample_date": "2026-05-02",
    "estimated_fish_count": 9600,
    "estimated_total_weight_kg": "2460.0000",
    "avg_weight_kg": "0.307500",
    "stock_reference_fish_count": null,
    "stock_reference_net_weight_kg": null,
    "stock_reference_avg_weight_kg": null,
    "extrapolated_biomass_kg": null,
    "biomass_gain_kg": null,
    "fish_species": "tilapia",
    "fish_species_other": "",
    "notes": "[DASHBOARD-DEMO] Seine / cast-net estimate (early)",
    "market_price_per_kg": null,
    "market_value": null,
    "book_bioasset_value": null,
    "book_cost_per_kg": null,
    "bioasset_margin": null,
    "bioasset_margin_per_kg": null,
    "biological_production_cost": null,
    "full_cost_base": null,
    "full_cycle_margin": null,
    "full_cycle_margin_per_kg": null,
    "source_fish_sale": null,
    "created_at": "2026-05-26T14:02:12.770Z",
    "updated_at": "2026-05-26T14:02:12.770Z"
  }
},
{
  "model": "api.aquaculturebiomasssample",
  "pk": 102,
  "fields": {
    "company": 1,
    "pond": 24,
    "production_cycle": 65,
    "sample_date": "2026-05-25",
    "estimated_fish_count": 10400,
    "estimated_total_weight_kg": "2940.0000",
    "avg_weight_kg": "0.350000",
    "stock_reference_fish_count": null,
    "stock_reference_net_weight_kg": null,
    "stock_reference_avg_weight_kg": null,
    "extrapolated_biomass_kg": null,
    "biomass_gain_kg": null,
    "fish_species": "tilapia",
    "fish_species_other": "",
    "notes": "[DASHBOARD-DEMO] Seine / cast-net estimate (late)",
    "market_price_per_kg": null,
    "market_value": null,
    "book_bioasset_value": null,
    "book_cost_per_kg": null,
    "bioasset_margin": null,
    "bioasset_margin_per_kg": null,
    "biological_production_cost": null,
    "full_cost_base": null,
    "full_cycle_margin": null,
    "full_cycle_margin_per_kg": null,
    "source_fish_sale": null,
    "created_at": "2026-05-26T14:02:12.770Z",
    "updated_at": "2026-05-26T14:02:12.770Z"
  }
},
{
  "model": "api.aquaculturebiomasssample",
  "pk": 103,
  "fields": {
    "company": 1,
    "pond": 25,
    "production_cycle": 66,
    "sample_date": "2026-05-02",
    "estimated_fish_count": 8000,
    "estimated_total_weight_kg": "2580.0000",
    "avg_weight_kg": "0.322500",
    "stock_reference_fish_count": null,
    "stock_reference_net_weight_kg": null,
    "stock_reference_avg_weight_kg": null,
    "extrapolated_biomass_kg": null,
    "biomass_gain_kg": null,
    "fish_species": "tilapia",
    "fish_species_other": "",
    "notes": "[DASHBOARD-DEMO] Seine / cast-net estimate (early)",
    "market_price_per_kg": null,
    "market_value": null,
    "book_bioasset_value": null,
    "book_cost_per_kg": null,
    "bioasset_margin": null,
    "bioasset_margin_per_kg": null,
    "biological_production_cost": null,
    "full_cost_base": null,
    "full_cycle_margin": null,
    "full_cycle_margin_per_kg": null,
    "source_fish_sale": null,
    "created_at": "2026-05-26T14:02:12.770Z",
    "updated_at": "2026-05-26T14:02:12.770Z"
  }
},
{
  "model": "api.aquaculturebiomasssample",
  "pk": 104,
  "fields": {
    "company": 1,
    "pond": 25,
    "production_cycle": 66,
    "sample_date": "2026-05-25",
    "estimated_fish_count": 9000,
    "estimated_total_weight_kg": "3100.0000",
    "avg_weight_kg": "0.350000",
    "stock_reference_fish_count": null,
    "stock_reference_net_weight_kg": null,
    "stock_reference_avg_weight_kg": null,
    "extrapolated_biomass_kg": null,
    "biomass_gain_kg": null,
    "fish_species": "tilapia",
    "fish_species_other": "",
    "notes": "[DASHBOARD-DEMO] Seine / cast-net estimate (late)",
    "market_price_per_kg": null,
    "market_value": null,
    "book_bioasset_value": null,
    "book_cost_per_kg": null,
    "bioasset_margin": null,
    "bioasset_margin_per_kg": null,
    "biological_production_cost": null,
    "full_cost_base": null,
    "full_cycle_margin": null,
    "full_cycle_margin_per_kg": null,
    "source_fish_sale": null,
    "created_at": "2026-05-26T14:02:12.770Z",
    "updated_at": "2026-05-26T14:02:12.770Z"
  }
},
{
  "model": "api.aquaculturebiomasssample",
  "pk": 105,
  "fields": {
    "company": 1,
    "pond": 26,
    "production_cycle": 67,
    "sample_date": "2026-05-02",
    "estimated_fish_count": 8400,
    "estimated_total_weight_kg": "2700.0000",
    "avg_weight_kg": "0.337500",
    "stock_reference_fish_count": null,
    "stock_reference_net_weight_kg": null,
    "stock_reference_avg_weight_kg": null,
    "extrapolated_biomass_kg": null,
    "biomass_gain_kg": null,
    "fish_species": "tilapia",
    "fish_species_other": "",
    "notes": "[DASHBOARD-DEMO] Seine / cast-net estimate (early)",
    "market_price_per_kg": null,
    "market_value": null,
    "book_bioasset_value": null,
    "book_cost_per_kg": null,
    "bioasset_margin": null,
    "bioasset_margin_per_kg": null,
    "biological_production_cost": null,
    "full_cost_base": null,
    "full_cycle_margin": null,
    "full_cycle_margin_per_kg": null,
    "source_fish_sale": null,
    "created_at": "2026-05-26T14:02:12.770Z",
    "updated_at": "2026-05-26T14:02:12.770Z"
  }
},
{
  "model": "api.aquaculturebiomasssample",
  "pk": 106,
  "fields": {
    "company": 1,
    "pond": 26,
    "production_cycle": 67,
    "sample_date": "2026-05-25",
    "estimated_fish_count": 9350,
    "estimated_total_weight_kg": "3260.0000",
    "avg_weight_kg": "0.350000",
    "stock_reference_fish_count": null,
    "stock_reference_net_weight_kg": null,
    "stock_reference_avg_weight_kg": null,
    "extrapolated_biomass_kg": null,
    "biomass_gain_kg": null,
    "fish_species": "tilapia",
    "fish_species_other": "",
    "notes": "[DASHBOARD-DEMO] Seine / cast-net estimate (late)",
    "market_price_per_kg": null,
    "market_value": null,
    "book_bioasset_value": null,
    "book_cost_per_kg": null,
    "bioasset_margin": null,
    "bioasset_margin_per_kg": null,
    "biological_production_cost": null,
    "full_cost_base": null,
    "full_cycle_margin": null,
    "full_cycle_margin_per_kg": null,
    "source_fish_sale": null,
    "created_at": "2026-05-26T14:02:12.770Z",
    "updated_at": "2026-05-26T14:02:12.770Z"
  }
},
{
  "model": "api.aquaculturebiomasssample",
  "pk": 107,
  "fields": {
    "company": 1,
    "pond": 27,
    "production_cycle": 68,
    "sample_date": "2026-05-18",
    "estimated_fish_count": 13500,
    "estimated_total_weight_kg": "2430.0000",
    "avg_weight_kg": "0.180000",
    "stock_reference_fish_count": 13500,
    "stock_reference_net_weight_kg": "2430.0000",
    "stock_reference_avg_weight_kg": "0.180000",
    "extrapolated_biomass_kg": "2430.0000",
    "biomass_gain_kg": "0.0000",
    "fish_species": "tilapia",
    "fish_species_other": "",
    "notes": "[FEED-UI-DEMO] Weekly production sampling — length–weight subsample.",
    "market_price_per_kg": null,
    "market_value": null,
    "book_bioasset_value": null,
    "book_cost_per_kg": null,
    "bioasset_margin": null,
    "bioasset_margin_per_kg": null,
    "biological_production_cost": null,
    "full_cost_base": null,
    "full_cycle_margin": null,
    "full_cycle_margin_per_kg": null,
    "source_fish_sale": null,
    "created_at": "2026-05-26T14:02:12.804Z",
    "updated_at": "2026-05-26T14:02:12.804Z"
  }
},
{
  "model": "api.aquaculturebiomasssample",
  "pk": 108,
  "fields": {
    "company": 1,
    "pond": 28,
    "production_cycle": 69,
    "sample_date": "2026-05-18",
    "estimated_fish_count": 9800,
    "estimated_total_weight_kg": "931.0000",
    "avg_weight_kg": "0.095000",
    "stock_reference_fish_count": 9800,
    "stock_reference_net_weight_kg": "931.0000",
    "stock_reference_avg_weight_kg": "0.095000",
    "extrapolated_biomass_kg": "931.0000",
    "biomass_gain_kg": "0.0000",
    "fish_species": "tilapia",
    "fish_species_other": "",
    "notes": "[FEED-UI-DEMO] Weekly production sampling — length–weight subsample.",
    "market_price_per_kg": null,
    "market_value": null,
    "book_bioasset_value": null,
    "book_cost_per_kg": null,
    "bioasset_margin": null,
    "bioasset_margin_per_kg": null,
    "biological_production_cost": null,
    "full_cost_base": null,
    "full_cycle_margin": null,
    "full_cycle_margin_per_kg": null,
    "source_fish_sale": null,
    "created_at": "2026-05-26T14:02:12.806Z",
    "updated_at": "2026-05-26T14:02:12.806Z"
  }
},
{
  "model": "api.aquaculturebiomasssample",
  "pk": 109,
  "fields": {
    "company": 1,
    "pond": 29,
    "production_cycle": 70,
    "sample_date": "2026-05-18",
    "estimated_fish_count": 48000,
    "estimated_total_weight_kg": "576.0000",
    "avg_weight_kg": "0.012000",
    "stock_reference_fish_count": 48000,
    "stock_reference_net_weight_kg": "576.0000",
    "stock_reference_avg_weight_kg": "0.012000",
    "extrapolated_biomass_kg": "576.0000",
    "biomass_gain_kg": "0.0000",
    "fish_species": "tilapia",
    "fish_species_other": "",
    "notes": "[FEED-UI-DEMO] Weekly production sampling — length–weight subsample.",
    "market_price_per_kg": null,
    "market_value": null,
    "book_bioasset_value": null,
    "book_cost_per_kg": null,
    "bioasset_margin": null,
    "bioasset_margin_per_kg": null,
    "biological_production_cost": null,
    "full_cost_base": null,
    "full_cycle_margin": null,
    "full_cycle_margin_per_kg": null,
    "source_fish_sale": null,
    "created_at": "2026-05-26T14:02:12.808Z",
    "updated_at": "2026-05-26T14:02:12.808Z"
  }
},
{
  "model": "api.aquaculturebiomasssample",
  "pk": 110,
  "fields": {
    "company": 1,
    "pond": 30,
    "production_cycle": 71,
    "sample_date": "2026-05-18",
    "estimated_fish_count": 8200,
    "estimated_total_weight_kg": "2624.0000",
    "avg_weight_kg": "0.320000",
    "stock_reference_fish_count": 8200,
    "stock_reference_net_weight_kg": "2624.0000",
    "stock_reference_avg_weight_kg": "0.320000",
    "extrapolated_biomass_kg": "2624.0000",
    "biomass_gain_kg": "0.0000",
    "fish_species": "tilapia",
    "fish_species_other": "",
    "notes": "[FEED-UI-DEMO] Weekly production sampling — length–weight subsample.",
    "market_price_per_kg": null,
    "market_value": null,
    "book_bioasset_value": null,
    "book_cost_per_kg": null,
    "bioasset_margin": null,
    "bioasset_margin_per_kg": null,
    "biological_production_cost": null,
    "full_cost_base": null,
    "full_cycle_margin": null,
    "full_cycle_margin_per_kg": null,
    "source_fish_sale": null,
    "created_at": "2026-05-26T14:02:12.810Z",
    "updated_at": "2026-05-26T14:02:12.810Z"
  }
},
{
  "model": "api.aquaculturebiomasssample",
  "pk": 111,
  "fields": {
    "company": 1,
    "pond": 2,
    "production_cycle": 72,
    "sample_date": "2026-05-19",
    "estimated_fish_count": 1720,
    "estimated_total_weight_kg": "34.4000",
    "avg_weight_kg": "0.020000",
    "stock_reference_fish_count": 470800,
    "stock_reference_net_weight_kg": "2781.0000",
    "stock_reference_avg_weight_kg": "0.005907",
    "extrapolated_biomass_kg": "9416.0000",
    "biomass_gain_kg": "6634.9844",
    "fish_species": "tilapia",
    "fish_species_other": "",
    "notes": "[COMP-DEMO] COMP-DEMO-FINGERLING-SAMPLE — 86 pcs/kg, ~0.020 kg/fish",
    "market_price_per_kg": null,
    "market_value": null,
    "book_bioasset_value": null,
    "book_cost_per_kg": null,
    "bioasset_margin": null,
    "bioasset_margin_per_kg": null,
    "biological_production_cost": null,
    "full_cost_base": null,
    "full_cycle_margin": null,
    "full_cycle_margin_per_kg": null,
    "source_fish_sale": null,
    "created_at": "2026-05-26T14:02:13.830Z",
    "updated_at": "2026-05-26T14:02:13.830Z"
  }
},
{
  "model": "api.aquaculturebiomasssample",
  "pk": 112,
  "fields": {
    "company": 1,
    "pond": 2,
    "production_cycle": 72,
    "sample_date": "2026-05-18",
    "estimated_fish_count": 1548,
    "estimated_total_weight_kg": "27.8640",
    "avg_weight_kg": "0.018000",
    "stock_reference_fish_count": 470800,
    "stock_reference_net_weight_kg": "2781.0000",
    "stock_reference_avg_weight_kg": "0.005907",
    "extrapolated_biomass_kg": "8474.4000",
    "biomass_gain_kg": "5693.3844",
    "fish_species": "tilapia",
    "fish_species_other": "",
    "notes": "[COMP-DEMO] COMP-DEMO-FINGERLING-SAMPLE — 86 pcs/kg, ~0.018 kg/fish",
    "market_price_per_kg": null,
    "market_value": null,
    "book_bioasset_value": null,
    "book_cost_per_kg": null,
    "bioasset_margin": null,
    "bioasset_margin_per_kg": null,
    "biological_production_cost": null,
    "full_cost_base": null,
    "full_cycle_margin": null,
    "full_cycle_margin_per_kg": null,
    "source_fish_sale": null,
    "created_at": "2026-05-26T14:02:13.830Z",
    "updated_at": "2026-05-26T14:02:13.830Z"
  }
},
{
  "model": "api.aquaculturebiomasssample",
  "pk": 113,
  "fields": {
    "company": 1,
    "pond": 2,
    "production_cycle": 72,
    "sample_date": "2026-05-17",
    "estimated_fish_count": 720,
    "estimated_total_weight_kg": "86.4000",
    "avg_weight_kg": "0.120000",
    "stock_reference_fish_count": 470800,
    "stock_reference_net_weight_kg": "2781.0000",
    "stock_reference_avg_weight_kg": "0.005907",
    "extrapolated_biomass_kg": "56496.0000",
    "biomass_gain_kg": "53714.9844",
    "fish_species": "tilapia",
    "fish_species_other": "",
    "notes": "[COMP-DEMO] COMP-DEMO-FINGERLING-SAMPLE — 6 pcs/kg, ~0.120 kg/fish",
    "market_price_per_kg": null,
    "market_value": null,
    "book_bioasset_value": null,
    "book_cost_per_kg": null,
    "bioasset_margin": null,
    "bioasset_margin_per_kg": null,
    "biological_production_cost": null,
    "full_cost_base": null,
    "full_cycle_margin": null,
    "full_cycle_margin_per_kg": null,
    "source_fish_sale": null,
    "created_at": "2026-05-26T14:02:13.846Z",
    "updated_at": "2026-05-26T14:02:13.846Z"
  }
},
{
  "model": "api.aquaculturebiomasssample",
  "pk": 114,
  "fields": {
    "company": 1,
    "pond": 2,
    "production_cycle": 72,
    "sample_date": "2026-05-16",
    "estimated_fish_count": 660,
    "estimated_total_weight_kg": "108.9000",
    "avg_weight_kg": "0.165000",
    "stock_reference_fish_count": null,
    "stock_reference_net_weight_kg": null,
    "stock_reference_avg_weight_kg": null,
    "extrapolated_biomass_kg": null,
    "biomass_gain_kg": null,
    "fish_species": "rui",
    "fish_species_other": "",
    "notes": "[COMP-DEMO] COMP-DEMO-FINGERLING-SAMPLE — 4 pcs/kg, ~0.165 kg/fish",
    "market_price_per_kg": null,
    "market_value": null,
    "book_bioasset_value": null,
    "book_cost_per_kg": null,
    "bioasset_margin": null,
    "bioasset_margin_per_kg": null,
    "biological_production_cost": null,
    "full_cost_base": null,
    "full_cycle_margin": null,
    "full_cycle_margin_per_kg": null,
    "source_fish_sale": null,
    "created_at": "2026-05-26T14:02:13.862Z",
    "updated_at": "2026-05-26T14:02:13.862Z"
  }
},
{
  "model": "api.aquaculturebiomasssample",
  "pk": 115,
  "fields": {
    "company": 1,
    "pond": 2,
    "production_cycle": 72,
    "sample_date": "2026-05-15",
    "estimated_fish_count": 600,
    "estimated_total_weight_kg": "120.0000",
    "avg_weight_kg": "0.200000",
    "stock_reference_fish_count": null,
    "stock_reference_net_weight_kg": null,
    "stock_reference_avg_weight_kg": null,
    "extrapolated_biomass_kg": null,
    "biomass_gain_kg": null,
    "fish_species": "pangas",
    "fish_species_other": "",
    "notes": "[COMP-DEMO] COMP-DEMO-FINGERLING-SAMPLE — 3 pcs/kg, ~0.200 kg/fish",
    "market_price_per_kg": null,
    "market_value": null,
    "book_bioasset_value": null,
    "book_cost_per_kg": null,
    "bioasset_margin": null,
    "bioasset_margin_per_kg": null,
    "biological_production_cost": null,
    "full_cost_base": null,
    "full_cycle_margin": null,
    "full_cycle_margin_per_kg": null,
    "source_fish_sale": null,
    "created_at": "2026-05-26T14:02:13.872Z",
    "updated_at": "2026-05-26T14:02:13.872Z"
  }
},
{
  "model": "api.aquaculturebiomasssample",
  "pk": 116,
  "fields": {
    "company": 1,
    "pond": 2,
    "production_cycle": 72,
    "sample_date": "2026-05-14",
    "estimated_fish_count": 750,
    "estimated_total_weight_kg": "187.5000",
    "avg_weight_kg": "0.250000",
    "stock_reference_fish_count": null,
    "stock_reference_net_weight_kg": null,
    "stock_reference_avg_weight_kg": null,
    "extrapolated_biomass_kg": null,
    "biomass_gain_kg": null,
    "fish_species": "catla",
    "fish_species_other": "",
    "notes": "[COMP-DEMO] COMP-DEMO-FINGERLING-SAMPLE — 3 pcs/kg, ~0.250 kg/fish",
    "market_price_per_kg": null,
    "market_value": null,
    "book_bioasset_value": null,
    "book_cost_per_kg": null,
    "bioasset_margin": null,
    "bioasset_margin_per_kg": null,
    "biological_production_cost": null,
    "full_cost_base": null,
    "full_cycle_margin": null,
    "full_cycle_margin_per_kg": null,
    "source_fish_sale": null,
    "created_at": "2026-05-26T14:02:13.880Z",
    "updated_at": "2026-05-26T14:02:13.880Z"
  }
},
{
  "model": "api.aquaculturebiomasssample",
  "pk": 117,
  "fields": {
    "company": 1,
    "pond": 4,
    "production_cycle": null,
    "sample_date": "2026-06-04",
    "estimated_fish_count": 500,
    "estimated_total_weight_kg": "100.0000",
    "avg_weight_kg": "0.200000",
    "stock_reference_fish_count": 129970,
    "stock_reference_net_weight_kg": "17396.5200",
    "stock_reference_avg_weight_kg": "0.133850",
    "extrapolated_biomass_kg": "25994.0000",
    "biomass_gain_kg": "8597.5155",
    "fish_species": "tilapia",
    "fish_species_other": "",
    "notes": "Auto from fish harvest sale #43. Approx. 5.0000 fish per kg (pcs/kg); avg 0.200000 kg per fish.",
    "market_price_per_kg": null,
    "market_value": null,
    "book_bioasset_value": null,
    "book_cost_per_kg": null,
    "bioasset_margin": null,
    "bioasset_margin_per_kg": null,
    "biological_production_cost": null,
    "full_cost_base": null,
    "full_cycle_margin": null,
    "full_cycle_margin_per_kg": null,
    "source_fish_sale": 43,
    "created_at": "2026-06-04T07:07:15.456Z",
    "updated_at": "2026-06-04T07:07:15.473Z"
  }
},
{
  "model": "api.aquaculturebiomasssample",
  "pk": 118,
  "fields": {
    "company": 1,
    "pond": 4,
    "production_cycle": 26,
    "sample_date": "2026-06-04",
    "estimated_fish_count": 100,
    "estimated_total_weight_kg": "20.0000",
    "avg_weight_kg": "0.200000",
    "stock_reference_fish_count": 81270,
    "stock_reference_net_weight_kg": "1035.5000",
    "stock_reference_avg_weight_kg": "0.012741",
    "extrapolated_biomass_kg": "16254.0000",
    "biomass_gain_kg": "15218.5389",
    "fish_species": "tilapia",
    "fish_species_other": "",
    "notes": "Auto from fish harvest sale #44. Approx. 5.0000 fish per kg (pcs/kg); avg 0.200000 kg per fish.",
    "market_price_per_kg": null,
    "market_value": null,
    "book_bioasset_value": null,
    "book_cost_per_kg": null,
    "bioasset_margin": null,
    "bioasset_margin_per_kg": null,
    "biological_production_cost": null,
    "full_cost_base": null,
    "full_cycle_margin": null,
    "full_cycle_margin_per_kg": null,
    "source_fish_sale": 44,
    "created_at": "2026-06-04T07:47:26.545Z",
    "updated_at": "2026-06-04T07:47:26.545Z"
  }
},
{
  "model": "api.aquaculturebiomasssample",
  "pk": 119,
  "fields": {
    "company": 1,
    "pond": 4,
    "production_cycle": 26,
    "sample_date": "2026-06-04",
    "estimated_fish_count": 330,
    "estimated_total_weight_kg": "120.0000",
    "avg_weight_kg": "0.363636",
    "stock_reference_fish_count": 81270,
    "stock_reference_net_weight_kg": "1035.5000",
    "stock_reference_avg_weight_kg": "0.012741",
    "extrapolated_biomass_kg": "29552.6977",
    "biomass_gain_kg": "28517.2366",
    "fish_species": "tilapia",
    "fish_species_other": "",
    "notes": "Auto from fish harvest sale #45. Approx. 2.7500 fish per kg (pcs/kg); avg 0.363636 kg per fish.",
    "market_price_per_kg": null,
    "market_value": null,
    "book_bioasset_value": null,
    "book_cost_per_kg": null,
    "bioasset_margin": null,
    "bioasset_margin_per_kg": null,
    "biological_production_cost": null,
    "full_cost_base": null,
    "full_cycle_margin": null,
    "full_cycle_margin_per_kg": null,
    "source_fish_sale": 45,
    "created_at": "2026-06-04T10:07:36.401Z",
    "updated_at": "2026-06-04T10:07:36.401Z"
  }
},
{
  "model": "api.aquaculturefishstockledger",
  "pk": 6,
  "fields": {
    "company": 1,
    "pond": 2,
    "production_cycle": null,
    "entry_date": "2026-05-07",
    "entry_kind": "adjustment",
    "loss_reason": "",
    "fish_species": "tilapia",
    "fish_species_other": "",
    "fish_count_delta": 52000,
    "weight_kg_delta": "1040.0000",
    "book_value": "0.00",
    "post_to_books": false,
    "journal_entry": null,
    "memo": "[POND-DEMO-STOCK] Opening reconcile after seine / cast-net estimate — demo only, not posted to GL.",
    "created_at": "2026-05-06T20:58:34.699Z",
    "updated_at": "2026-05-06T20:58:34.699Z"
  }
},
{
  "model": "api.aquaculturefishstockledger",
  "pk": 7,
  "fields": {
    "company": 1,
    "pond": 3,
    "production_cycle": null,
    "entry_date": "2026-05-07",
    "entry_kind": "adjustment",
    "loss_reason": "",
    "fish_species": "tilapia",
    "fish_species_other": "",
    "fish_count_delta": 11800,
    "weight_kg_delta": "3540.0000",
    "book_value": "0.00",
    "post_to_books": false,
    "journal_entry": null,
    "memo": "[POND-DEMO-STOCK] Opening reconcile after seine / cast-net estimate — demo only, not posted to GL.",
    "created_at": "2026-05-06T20:58:34.779Z",
    "updated_at": "2026-05-11T17:44:17.495Z"
  }
},
{
  "model": "api.aquaculturefishstockledger",
  "pk": 8,
  "fields": {
    "company": 1,
    "pond": 4,
    "production_cycle": null,
    "entry_date": "2026-05-07",
    "entry_kind": "adjustment",
    "loss_reason": "",
    "fish_species": "tilapia",
    "fish_species_other": "",
    "fish_count_delta": 14200,
    "weight_kg_delta": "4970.0000",
    "book_value": "0.00",
    "post_to_books": false,
    "journal_entry": null,
    "memo": "[POND-DEMO-STOCK] Opening reconcile after seine / cast-net estimate — demo only, not posted to GL.",
    "created_at": "2026-05-06T20:58:34.856Z",
    "updated_at": "2026-05-06T20:58:34.856Z"
  }
},
{
  "model": "api.aquaculturefishstockledger",
  "pk": 9,
  "fields": {
    "company": 1,
    "pond": 5,
    "production_cycle": null,
    "entry_date": "2026-05-07",
    "entry_kind": "adjustment",
    "loss_reason": "",
    "fish_species": "tilapia",
    "fish_species_other": "",
    "fish_count_delta": 9600,
    "weight_kg_delta": "2880.0000",
    "book_value": "0.00",
    "post_to_books": false,
    "journal_entry": null,
    "memo": "[POND-DEMO-STOCK] Opening reconcile after seine / cast-net estimate — demo only, not posted to GL.",
    "created_at": "2026-05-06T20:58:34.921Z",
    "updated_at": "2026-05-06T20:58:34.921Z"
  }
},
{
  "model": "api.aquaculturefishstockledger",
  "pk": 19,
  "fields": {
    "company": 1,
    "pond": 3,
    "production_cycle": 25,
    "entry_date": "2026-05-19",
    "entry_kind": "loss",
    "loss_reason": "mortality",
    "fish_species": "tilapia",
    "fish_species_other": "",
    "fish_count_delta": -60,
    "weight_kg_delta": "-20.0000",
    "book_value": "3200.00",
    "post_to_books": true,
    "journal_entry": 36,
    "memo": "",
    "created_at": "2026-05-19T23:31:22.918Z",
    "updated_at": "2026-05-19T23:31:22.918Z"
  }
},
{
  "model": "api.aquaculturefishstockledger",
  "pk": 20,
  "fields": {
    "company": 1,
    "pond": 4,
    "production_cycle": null,
    "entry_date": "2026-05-23",
    "entry_kind": "adjustment",
    "loss_reason": "",
    "fish_species": "tilapia",
    "fish_species_other": "",
    "fish_count_delta": 20000,
    "weight_kg_delta": "7000.0000",
    "book_value": "0.00",
    "post_to_books": false,
    "journal_entry": null,
    "memo": "Go-live opening biomass",
    "created_at": "2026-05-23T03:35:07.998Z",
    "updated_at": "2026-05-23T03:35:07.998Z"
  }
},
{
  "model": "api.aquaculturefishstockledger",
  "pk": 21,
  "fields": {
    "company": 1,
    "pond": 4,
    "production_cycle": null,
    "entry_date": "2026-05-23",
    "entry_kind": "adjustment",
    "loss_reason": "",
    "fish_species": "common_carp",
    "fish_species_other": "",
    "fish_count_delta": 20000,
    "weight_kg_delta": "3350.0000",
    "book_value": "0.00",
    "post_to_books": false,
    "journal_entry": null,
    "memo": "Go-live opening biomass",
    "created_at": "2026-05-23T03:36:45.973Z",
    "updated_at": "2026-05-23T03:36:45.973Z"
  }
},
{
  "model": "api.aquaculturefishstockledger",
  "pk": 22,
  "fields": {
    "company": 1,
    "pond": 20,
    "production_cycle": 49,
    "entry_date": "2026-05-06",
    "entry_kind": "loss",
    "loss_reason": "mortality",
    "fish_species": "tilapia",
    "fish_species_other": "",
    "fish_count_delta": -15,
    "weight_kg_delta": "-12.5000",
    "book_value": "0.00",
    "post_to_books": false,
    "journal_entry": null,
    "memo": "SEED: small mortality note (not posted to GL)",
    "created_at": "2026-05-26T14:01:57.629Z",
    "updated_at": "2026-05-26T14:01:57.629Z"
  }
},
{
  "model": "api.aquaculturefishstockledger",
  "pk": 23,
  "fields": {
    "company": 1,
    "pond": 23,
    "production_cycle": 52,
    "entry_date": "2026-05-17",
    "entry_kind": "loss",
    "loss_reason": "mortality",
    "fish_species": "tilapia",
    "fish_species_other": "",
    "fish_count_delta": -5,
    "weight_kg_delta": "-2.5000",
    "book_value": "0.00",
    "post_to_books": false,
    "journal_entry": null,
    "memo": "BULK-DEMO-LEDGER-01",
    "created_at": "2026-05-26T14:02:12.363Z",
    "updated_at": "2026-05-26T14:02:12.363Z"
  }
},
{
  "model": "api.aquaculturefishstockledger",
  "pk": 24,
  "fields": {
    "company": 1,
    "pond": 24,
    "production_cycle": 53,
    "entry_date": "2026-05-16",
    "entry_kind": "loss",
    "loss_reason": "mortality",
    "fish_species": "tilapia",
    "fish_species_other": "",
    "fish_count_delta": -10,
    "weight_kg_delta": "-5.0000",
    "book_value": "0.00",
    "post_to_books": false,
    "journal_entry": null,
    "memo": "BULK-DEMO-LEDGER-02",
    "created_at": "2026-05-26T14:02:12.380Z",
    "updated_at": "2026-05-26T14:02:12.380Z"
  }
},
{
  "model": "api.aquaculturefishstockledger",
  "pk": 25,
  "fields": {
    "company": 1,
    "pond": 25,
    "production_cycle": 54,
    "entry_date": "2026-05-15",
    "entry_kind": "adjustment",
    "loss_reason": "",
    "fish_species": "tilapia",
    "fish_species_other": "",
    "fish_count_delta": 2,
    "weight_kg_delta": "1.0000",
    "book_value": "0.00",
    "post_to_books": false,
    "journal_entry": null,
    "memo": "BULK-DEMO-LEDGER-03",
    "created_at": "2026-05-26T14:02:12.396Z",
    "updated_at": "2026-05-26T14:02:12.396Z"
  }
},
{
  "model": "api.aquaculturefishstockledger",
  "pk": 26,
  "fields": {
    "company": 1,
    "pond": 26,
    "production_cycle": 55,
    "entry_date": "2026-05-14",
    "entry_kind": "adjustment",
    "loss_reason": "",
    "fish_species": "tilapia",
    "fish_species_other": "",
    "fish_count_delta": 2,
    "weight_kg_delta": "1.0000",
    "book_value": "0.00",
    "post_to_books": false,
    "journal_entry": null,
    "memo": "BULK-DEMO-LEDGER-04",
    "created_at": "2026-05-26T14:02:12.404Z",
    "updated_at": "2026-05-26T14:02:12.404Z"
  }
},
{
  "model": "api.aquaculturefishstockledger",
  "pk": 27,
  "fields": {
    "company": 1,
    "pond": 22,
    "production_cycle": 51,
    "entry_date": "2026-05-13",
    "entry_kind": "loss",
    "loss_reason": "mortality",
    "fish_species": "tilapia",
    "fish_species_other": "",
    "fish_count_delta": -25,
    "weight_kg_delta": "-12.5000",
    "book_value": "0.00",
    "post_to_books": false,
    "journal_entry": null,
    "memo": "BULK-DEMO-LEDGER-05",
    "created_at": "2026-05-26T14:02:12.413Z",
    "updated_at": "2026-05-26T14:02:12.413Z"
  }
},
{
  "model": "api.aquaculturefishstockledger",
  "pk": 28,
  "fields": {
    "company": 1,
    "pond": 27,
    "production_cycle": 68,
    "entry_date": "2026-04-26",
    "entry_kind": "adjustment",
    "loss_reason": "",
    "fish_species": "tilapia",
    "fish_species_other": "",
    "fish_count_delta": 13500,
    "weight_kg_delta": "2430.0000",
    "book_value": "0.00",
    "post_to_books": false,
    "journal_entry": null,
    "memo": "[FEED-UI-DEMO] Opening reconcile from seine + cast-net estimate (demo).",
    "created_at": "2026-05-26T14:02:12.796Z",
    "updated_at": "2026-05-26T14:02:12.796Z"
  }
},
{
  "model": "api.aquaculturefishstockledger",
  "pk": 29,
  "fields": {
    "company": 1,
    "pond": 28,
    "production_cycle": 69,
    "entry_date": "2026-04-26",
    "entry_kind": "adjustment",
    "loss_reason": "",
    "fish_species": "tilapia",
    "fish_species_other": "",
    "fish_count_delta": 9800,
    "weight_kg_delta": "931.0000",
    "book_value": "0.00",
    "post_to_books": false,
    "journal_entry": null,
    "memo": "[FEED-UI-DEMO] Opening reconcile from seine + cast-net estimate (demo).",
    "created_at": "2026-05-26T14:02:12.806Z",
    "updated_at": "2026-05-26T14:02:12.806Z"
  }
},
{
  "model": "api.aquaculturefishstockledger",
  "pk": 30,
  "fields": {
    "company": 1,
    "pond": 29,
    "production_cycle": 70,
    "entry_date": "2026-04-26",
    "entry_kind": "adjustment",
    "loss_reason": "",
    "fish_species": "tilapia",
    "fish_species_other": "",
    "fish_count_delta": 48000,
    "weight_kg_delta": "576.0000",
    "book_value": "0.00",
    "post_to_books": false,
    "journal_entry": null,
    "memo": "[FEED-UI-DEMO] Opening reconcile from seine + cast-net estimate (demo).",
    "created_at": "2026-05-26T14:02:12.808Z",
    "updated_at": "2026-05-26T14:02:12.808Z"
  }
},
{
  "model": "api.aquaculturefishstockledger",
  "pk": 31,
  "fields": {
    "company": 1,
    "pond": 30,
    "production_cycle": 71,
    "entry_date": "2026-04-26",
    "entry_kind": "adjustment",
    "loss_reason": "",
    "fish_species": "tilapia",
    "fish_species_other": "",
    "fish_count_delta": 8200,
    "weight_kg_delta": "2624.0000",
    "book_value": "0.00",
    "post_to_books": false,
    "journal_entry": null,
    "memo": "[FEED-UI-DEMO] Opening reconcile from seine + cast-net estimate (demo).",
    "created_at": "2026-05-26T14:02:12.810Z",
    "updated_at": "2026-05-26T14:02:12.810Z"
  }
},
{
  "model": "api.aquaculturefishstockledger",
  "pk": 32,
  "fields": {
    "company": 1,
    "pond": 2,
    "production_cycle": 72,
    "entry_date": "2026-03-03",
    "entry_kind": "adjustment",
    "loss_reason": "",
    "fish_species": "tilapia",
    "fish_species_other": "",
    "fish_count_delta": 480000,
    "weight_kg_delta": "5581.0000",
    "book_value": "385000.00",
    "post_to_books": false,
    "journal_entry": null,
    "memo": "[COMP-DEMO] Fingerling in nursery — post-stocking count",
    "created_at": "2026-05-26T14:02:13.904Z",
    "updated_at": "2026-05-26T14:02:13.904Z"
  }
},
{
  "model": "api.aquaculturefishstockledger",
  "pk": 33,
  "fields": {
    "company": 1,
    "pond": 5,
    "production_cycle": 46,
    "entry_date": "2026-05-17",
    "entry_kind": "loss",
    "loss_reason": "predator_other",
    "fish_species": "tilapia",
    "fish_species_other": "",
    "fish_count_delta": -120,
    "weight_kg_delta": "-18.0000",
    "book_value": "0.00",
    "post_to_books": false,
    "journal_entry": null,
    "memo": "[COMP-DEMO] COMP-DEMO-MORTALITY — predator_other",
    "created_at": "2026-05-26T14:14:40.972Z",
    "updated_at": "2026-05-26T14:14:40.972Z"
  }
},
{
  "model": "api.aquaculturefishstockledger",
  "pk": 34,
  "fields": {
    "company": 1,
    "pond": 5,
    "production_cycle": 46,
    "entry_date": "2026-05-17",
    "entry_kind": "loss",
    "loss_reason": "disease",
    "fish_species": "tilapia",
    "fish_species_other": "",
    "fish_count_delta": -85,
    "weight_kg_delta": "-12.5000",
    "book_value": "0.00",
    "post_to_books": false,
    "journal_entry": null,
    "memo": "[COMP-DEMO] COMP-DEMO-MORTALITY — disease",
    "created_at": "2026-05-26T14:14:40.988Z",
    "updated_at": "2026-05-26T14:14:40.988Z"
  }
},
{
  "model": "api.aquaculturefishstockledger",
  "pk": 35,
  "fields": {
    "company": 1,
    "pond": 5,
    "production_cycle": 46,
    "entry_date": "2026-05-17",
    "entry_kind": "loss",
    "loss_reason": "mortality",
    "fish_species": "rui",
    "fish_species_other": "",
    "fish_count_delta": -40,
    "weight_kg_delta": "-6.2000",
    "book_value": "0.00",
    "post_to_books": false,
    "journal_entry": null,
    "memo": "[COMP-DEMO] COMP-DEMO-MORTALITY — mortality",
    "created_at": "2026-05-26T14:14:41.005Z",
    "updated_at": "2026-05-26T14:14:41.005Z"
  }
},
{
  "model": "api.aquaculturefishstockledger",
  "pk": 37,
  "fields": {
    "company": 1,
    "pond": 2,
    "production_cycle": 57,
    "entry_date": "2026-01-26",
    "entry_kind": "adjustment",
    "loss_reason": "",
    "fish_species": "tilapia",
    "fish_species_other": "",
    "fish_count_delta": 500000,
    "weight_kg_delta": "166.6667",
    "book_value": "1100000.00",
    "post_to_books": false,
    "journal_entry": null,
    "memo": "[DIGONTA-NURSING-RECONCILE] Opening 500,000 fry stocked (3,000 pcs/kg) — Demo crop batch.",
    "created_at": "2026-06-30T12:12:25.439Z",
    "updated_at": "2026-06-30T12:12:25.439Z"
  }
},
{
  "model": "api.aquaculturefeedingadvice",
  "pk": 6,
  "fields": {
    "company": 2,
    "pond": 1,
    "production_cycle": null,
    "target_date": "2026-05-06",
    "status": "approved",
    "pond_status_snapshot": {
      "generated_at": "2026-05-06T08:05:49.880053+00:00",
      "target_date": "2026-05-06",
      "pond": {
        "id": 1,
        "name": "Digonta-Grow Out",
        "pond_role": "grow_out",
        "water_area_decimal": "400.0000",
        "pond_depth_ft": "10.000"
      },
      "production_cycle": null,
      "water_temp_c": null,
      "worldfish": {
        "method": "load_heuristic_only",
        "mean_fish_weight_g": null,
        "mean_weight_source": "",
        "worldfish_stage": null,
        "bw_pct_low": null,
        "bw_pct_high": null,
        "chosen_bw_pct_per_day": "3.0",
        "meals_hint": "2–3× / day if fish actively eat; align with farm SOP",
        "feed_form_hint": "Match pellet size to mouth gape",
        "temperature_factor": "1",
        "temperature_note": "temperature not provided — assuming favourable grow-out conditions (~26–30 °C)",
        "reference": "WorldFish / CGIAR extension guidance for Nile tilapia grow-out: feeding rate as % of body weight per day depends on mean fish weight and water temperature (tables often quoted at ~28 °C); reduce rations when cold, cloudy, or when water quality is stressed. Source collection: https://digitalarchive.worldfishcenter.org/"
      },
      "feeding_heuristic": {
        "body_weight_percent_per_day": "3.0",
        "recent_direct_feed_kg_7d": "0",
        "model_note": "WorldFish-style tilapia bands + load/temperature guards; optional LLM hook later."
      },
      "feeding_schedule": {
        "weather_tier": "unknown",
        "weather_condition_label": "Weather (water): not recorded — enter °C when generating advice",
        "times_per_day": "2–3× / day if fish actively eat; align with farm SOP",
        "frequency_meals_per_day": 3,
        "extension_table_meals_hint": "2–3× / day if fish actively eat; align with farm SOP",
        "daily_feed_amount_kg": null,
        "per_meal_feed_kg_approx": [],
        "per_meal_amount_summary": null,
        "recommended_feeding_times": [
          "**Meal 1:** **~7:30–8:30 a.m.**",
          "**Meal 2:** **~12:00–1:00 p.m.**",
          "**Meal 3:** **~4:30–5:30 p.m.**"
        ],
        "factors": {
          "water_temp_c": null,
          "pond_load_level": "understocked",
          "pond_load_label": "Light load",
          "fish_stage": null,
          "mean_fish_weight_g": null
        },
        "rationale_bullets": [
          "**Weather:** water °C **not entered** — **amount** still uses biomass × %BW; **times/frequency** follow extension tables only. Re-generate with temperature for hot/cold-adjusted **feeding times**.",
          "temperature not provided — assuming favourable grow-out conditions (~26–30 °C)",
          "**Pond status (lighter biomass):** standard meal pattern is fine — avoid over-feeding unused ration.",
          "**Fish condition / size:** mean weight not well known — use **2× / day** conservatively until sampling improves.",
          "**Stock outlook (system summary):** About 0.000 kg per decimal of water surface — below typical semi-intensive stocking for this role; room to grow biomass if production targets allow. Volume density ≈ 0.000 kg per 1,000 cu ft."
        ]
      },
      "stock_position": {
        "pond_role": "grow_out",
        "water_area_decimal": "400.0000",
        "pond_depth_ft": "10.000",
        "water_volume_cu_ft": "1742400.00",
        "implied_net_weight_kg": "0",
        "implied_net_fish_count": 0,
        "latest_sample_date": null,
        "latest_sample_estimated_fish_count": null,
        "latest_sample_estimated_total_weight_kg": null,
        "latest_sample_avg_weight_kg": null,
        "latest_sample_fish_species_label": null,
        "stock_density_kg_per_decimal": "0.000",
        "stock_density_kg_per_1000_cu_ft": "0.000",
        "load_level": "understocked",
        "load_level_label": "Light load",
        "advice_summary": "About 0.000 kg per decimal of water surface — below typical semi-intensive stocking for this role; room to grow biomass if production targets allow. Volume density ≈ 0.000 kg per 1,000 cu ft.",
        "reference_note": "Rule-of-thumb bands (not regulatory): tuned for Bangladesh decimal × ft volume; adjust with your species mix.",
        "production_cycle_id": null
      }
    },
    "ai_advice_text": "**Digonta-Grow Out** (Grow-out) — suggested feeding focus for **2026-05-06**.\n\n**Pond status (from records):** estimated biomass ≈ **0 kg**; load **Light load** (~0.000 kg/dec water); latest biomass sample date **—** (tilapia).\n\n**Stocking hint:** About 0.000 kg per decimal of water surface — below typical semi-intensive stocking for this role; room to grow biomass if production targets allow. Volume density ≈ 0.000 kg per 1,000 cu ft.\n\n**WorldFish-style tilapia guide:** mean fish weight is **unknown** — update **sampling** or ensure **fish count** with biomass so the system can pick fry / fingerling / grower bands from extension tables. For now, daily rate uses **stocking load** only (~**3.0%** BW/day baseline). _temperature not provided — assuming favourable grow-out conditions (~26–30 °C)_\n\n**How often to feed (today):** **2–3× / day if fish actively eat; align with farm SOP** — considers **weather (water °C)**, pond stocking/load, fish stage/size, and biomass outlook (clock windows and kg split are in `feeding_schedule`).\n\n**Recent feed (7d):** no direct **feed purchase** kg recorded on this pond — if you feed via POS on account, rely on your shop records too.\n\n**Suggested ration:** could not estimate kg (biomass unknown or zero). Enter your own kg target after sampling or use historical feed, then approve.\n\n_Source: WorldFish / CGIAR extension tables for tilapia (see snapshot `worldfish` block). This is generated from FSERP pond metrics — not a live external AI. Managers must confirm with field conditions before feeding._",
    "edited_advice_text": "",
    "suggested_feed_kg": null,
    "sack_size_kg": 25,
    "approved_advice_text": "**Digonta-Grow Out** (Grow-out) — suggested feeding focus for **2026-05-06**.\n\n**Pond status (from records):** estimated biomass ≈ **0 kg**; load **Light load** (~0.000 kg/dec water); latest biomass sample date **—** (tilapia).\n\n**Stocking hint:** About 0.000 kg per decimal of water surface — below typical semi-intensive stocking for this role; room to grow biomass if production targets allow. Volume density ≈ 0.000 kg per 1,000 cu ft.\n\n**WorldFish-style tilapia guide:** mean fish weight is **unknown** — update **sampling** or ensure **fish count** with biomass so the system can pick fry / fingerling / grower bands from extension tables. For now, daily rate uses **stocking load** only (~**3.0%** BW/day baseline). _temperature not provided — assuming favourable grow-out conditions (~26–30 °C)_\n\n**How often to feed (today):** **2–3× / day if fish actively eat; align with farm SOP** — considers **weather (water °C)**, pond stocking/load, fish stage/size, and biomass outlook (clock windows and kg split are in `feeding_schedule`).\n\n**Recent feed (7d):** no direct **feed purchase** kg recorded on this pond — if you feed via POS on account, rely on your shop records too.\n\n**Suggested ration:** could not estimate kg (biomass unknown or zero). Enter your own kg target after sampling or use historical feed, then approve.\n\n_Source: WorldFish / CGIAR extension tables for tilapia (see snapshot `worldfish` block). This is generated from FSERP pond metrics — not a live external AI. Managers must confirm with field conditions before feeding._",
    "approved_at": "2026-05-06T08:06:13.568Z",
    "approved_by": 1,
    "applied_feed_kg": null,
    "applied_at": null,
    "applied_by": null,
    "linked_expense": null,
    "created_by": 1,
    "created_at": "2026-05-06T08:05:49.881Z",
    "updated_at": "2026-05-06T08:06:13.568Z"
  }
},
{
  "model": "api.aquaculturefeedingadvice",
  "pk": 7,
  "fields": {
    "company": 2,
    "pond": 1,
    "production_cycle": null,
    "target_date": "2026-05-06",
    "status": "pending_review",
    "pond_status_snapshot": {
      "generated_at": "2026-05-06T10:12:17.308540+00:00",
      "target_date": "2026-05-06",
      "pond": {
        "id": 1,
        "name": "Digonta-Grow Out",
        "pond_role": "grow_out",
        "water_area_decimal": "400.0000",
        "pond_depth_ft": "10.000"
      },
      "production_cycle": null,
      "water_temp_c": null,
      "worldfish": {
        "method": "load_heuristic_only",
        "mean_fish_weight_g": null,
        "mean_weight_source": "",
        "worldfish_stage": null,
        "bw_pct_low": null,
        "bw_pct_high": null,
        "chosen_bw_pct_per_day": "3.0",
        "meals_hint": "2–3× / day if fish actively eat; align with farm SOP",
        "feed_form_hint": "Match pellet size to mouth gape",
        "temperature_factor": "1",
        "temperature_note": "temperature not provided — assuming favourable grow-out conditions (~26–30 °C)",
        "reference": "WorldFish / CGIAR extension guidance for Nile tilapia grow-out: feeding rate as % of body weight per day depends on mean fish weight and water temperature (tables often quoted at ~28 °C); reduce rations when cold, cloudy, or when water quality is stressed. Source collection: https://digitalarchive.worldfishcenter.org/"
      },
      "feeding_heuristic": {
        "body_weight_percent_per_day": "3.0",
        "recent_direct_feed_kg_7d": "0",
        "model_note": "WorldFish-style tilapia bands + load/temperature guards; optional LLM hook later."
      },
      "feeding_schedule": {
        "weather_tier": "unknown",
        "weather_condition_label": "Weather (water): not recorded — enter °C when generating advice",
        "times_per_day": "2–3× / day if fish actively eat; align with farm SOP",
        "frequency_meals_per_day": 3,
        "extension_table_meals_hint": "2–3× / day if fish actively eat; align with farm SOP",
        "daily_feed_amount_kg": null,
        "per_meal_feed_kg_approx": [],
        "per_meal_amount_summary": null,
        "recommended_feeding_times": [
          "**Meal 1:** **~7:30–8:30 a.m.**",
          "**Meal 2:** **~12:00–1:00 p.m.**",
          "**Meal 3:** **~4:30–5:30 p.m.**"
        ],
        "factors": {
          "water_temp_c": null,
          "pond_load_level": "understocked",
          "pond_load_label": "Light load",
          "fish_stage": null,
          "mean_fish_weight_g": null
        },
        "rationale_bullets": [
          "**Weather:** water °C **not entered** — **amount** still uses biomass × %BW; **times/frequency** follow extension tables only. Re-generate with temperature for hot/cold-adjusted **feeding times**.",
          "temperature not provided — assuming favourable grow-out conditions (~26–30 °C)",
          "**Pond status (lighter biomass):** standard meal pattern is fine — avoid over-feeding unused ration.",
          "**Fish condition / size:** mean weight not well known — use **2× / day** conservatively until sampling improves.",
          "**Stock outlook (system summary):** About 0.000 kg per decimal of water surface — below typical semi-intensive stocking for this role; room to grow biomass if production targets allow. Volume density ≈ 0.000 kg per 1,000 cu ft."
        ]
      },
      "stock_position": {
        "pond_role": "grow_out",
        "water_area_decimal": "400.0000",
        "pond_depth_ft": "10.000",
        "water_volume_cu_ft": "1742400.00",
        "implied_net_weight_kg": "0",
        "implied_net_fish_count": 0,
        "latest_sample_date": null,
        "latest_sample_estimated_fish_count": null,
        "latest_sample_estimated_total_weight_kg": null,
        "latest_sample_avg_weight_kg": null,
        "latest_sample_fish_species_label": null,
        "stock_density_kg_per_decimal": "0.000",
        "stock_density_kg_per_1000_cu_ft": "0.000",
        "load_level": "understocked",
        "load_level_label": "Light load",
        "advice_summary": "About 0.000 kg per decimal of water surface — below typical semi-intensive stocking for this role; room to grow biomass if production targets allow. Volume density ≈ 0.000 kg per 1,000 cu ft.",
        "reference_note": "Rule-of-thumb bands (not regulatory): tuned for Bangladesh decimal × ft volume; adjust with your species mix.",
        "production_cycle_id": null
      }
    },
    "ai_advice_text": "**Digonta-Grow Out** (Grow-out) — suggested feeding focus for **2026-05-06**.\n\n**Pond status (from records):** estimated biomass ≈ **0 kg**; load **Light load** (~0.000 kg/dec water); latest biomass sample date **—** (tilapia).\n\n**Stocking hint:** About 0.000 kg per decimal of water surface — below typical semi-intensive stocking for this role; room to grow biomass if production targets allow. Volume density ≈ 0.000 kg per 1,000 cu ft.\n\n**WorldFish-style tilapia guide:** mean fish weight is **unknown** — update **sampling** or ensure **fish count** with biomass so the system can pick fry / fingerling / grower bands from extension tables. For now, daily rate uses **stocking load** only (~**3.0%** BW/day baseline). _temperature not provided — assuming favourable grow-out conditions (~26–30 °C)_\n\n**How often to feed (today):** **2–3× / day if fish actively eat; align with farm SOP** — considers **weather (water °C)**, pond stocking/load, fish stage/size, and biomass outlook (clock windows and kg split are in `feeding_schedule`).\n\n**Recent feed (7d):** no direct **feed purchase** kg recorded on this pond — if you feed via POS on account, rely on your shop records too.\n\n**Suggested ration:** could not estimate kg (biomass unknown or zero). Enter your own kg target after sampling or use historical feed, then approve.\n\n_Source: WorldFish / CGIAR extension tables for tilapia (see snapshot `worldfish` block). This is generated from FSERP pond metrics — not a live external AI. Managers must confirm with field conditions before feeding._",
    "edited_advice_text": "",
    "suggested_feed_kg": null,
    "sack_size_kg": 25,
    "approved_advice_text": "",
    "approved_at": null,
    "approved_by": null,
    "applied_feed_kg": null,
    "applied_at": null,
    "applied_by": null,
    "linked_expense": null,
    "created_by": 1,
    "created_at": "2026-05-06T10:12:17.310Z",
    "updated_at": "2026-05-06T10:12:17.310Z"
  }
},
{
  "model": "api.aquaculturefeedingadvice",
  "pk": 32,
  "fields": {
    "company": 1,
    "pond": 3,
    "production_cycle": 25,
    "target_date": "2026-05-09",
    "status": "applied",
    "pond_status_snapshot": {
      "generated_at": "2026-05-09T18:25:04.619879+00:00",
      "target_date": "2026-05-09",
      "pond": {
        "id": 3,
        "name": "Mynuddin",
        "pond_role": "grow_out",
        "water_area_decimal": "800.0000",
        "pond_depth_ft": "8.000"
      },
      "production_cycle": {
        "id": 25,
        "name": "Mynuddin Mid Cycle",
        "code": "0"
      },
      "water_temp_c": "29",
      "worldfish": {
        "method": "worldfish_table_adjusted",
        "mean_fish_weight_g": "350.00",
        "mean_weight_source": "latest biomass sample (avg weight)",
        "worldfish_stage": "Finisher",
        "bw_pct_low": "1.5",
        "bw_pct_high": "2",
        "chosen_bw_pct_per_day": "1.85",
        "meals_hint": "1–1.5× / day",
        "feed_form_hint": "Finisher pellet 4–6 mm",
        "temperature_factor": "1.0",
        "temperature_note": "near-optimal band (29 °C) — tables align with ~28 °C references",
        "reference": "WorldFish / CGIAR extension guidance for Nile tilapia grow-out: feeding rate as % of body weight per day depends on mean fish weight and water temperature (tables often quoted at ~28 °C); reduce rations when cold, cloudy, or when water quality is stressed. Source collection: https://digitalarchive.worldfishcenter.org/"
      },
      "feeding_heuristic": {
        "body_weight_percent_per_day": "1.85",
        "recent_direct_feed_kg_7d": "0",
        "biomass_basis_kg": "3060.00",
        "biomass_basis_source": "latest biomass sample (manager-recorded total kg)",
        "model_note": "WorldFish-style tilapia bands + load/temperature guards; optional LLM hook later."
      },
      "feeding_schedule": {
        "weather_tier": "warm",
        "weather_condition_label": "Weather (water): warm (~29 °C) — watch DO; avoid harsh mid-day",
        "times_per_day": "1–1.5× / day (bias to morning/evening if mid-day is harsh)",
        "frequency_meals_per_day": 2,
        "extension_table_meals_hint": "1–1.5× / day",
        "daily_feed_amount_kg": "56.61",
        "per_meal_feed_kg_approx": [
          "28.31",
          "28.31"
        ],
        "per_meal_amount_summary": "~28.31 kg × **2** meals (equal split for planning; reduce last meal if feed remains).",
        "recommended_feeding_times": [
          "**Meal 1:** **~6:00–7:45 a.m.** (finish before strong sun / peak surface heat).",
          "**Meal 2:** **~5:00–6:45 p.m.** (cooler air; **avoid 11:00 a.m.–3:00 p.m.**)."
        ],
        "factors": {
          "water_temp_c": "29",
          "pond_load_level": "understocked",
          "pond_load_label": "Light load",
          "fish_stage": "Finisher",
          "mean_fish_weight_g": "350.00"
        },
        "rationale_bullets": [
          "**Weather / water ~29 °C (warm):** keep **total kg** from the ration table but **shift times** away from peak heat.",
          "**Pond status (lighter biomass):** standard meal pattern is fine — avoid over-feeding unused ration.",
          "**Fish condition:** **Finisher** stage, mean ~**350.00** g — guides suggest **1–1.5× / day** under good water.",
          "**Biomass records:** latest sample date **2026-05-06** on file — re-sample if weather or growth changed sharply.",
          "**Stock outlook (system summary):** About 0.000 kg per decimal of water surface — below typical semi-intensive stocking for this role; room to grow biomass if production targets allow. Volume density ≈ 0.000 kg per 1,000 cu ft."
        ]
      },
      "stock_position": {
        "pond_role": "grow_out",
        "water_area_decimal": "800.0000",
        "pond_depth_ft": "8.000",
        "water_volume_cu_ft": "2787840.00",
        "implied_net_weight_kg": "-692.8570",
        "implied_net_fish_count": 75850,
        "latest_sample_date": "2026-05-06",
        "latest_sample_estimated_fish_count": 10050,
        "latest_sample_estimated_total_weight_kg": "3060.0000",
        "latest_sample_avg_weight_kg": "0.350000",
        "latest_sample_fish_species_label": "Tilapia",
        "stock_density_kg_per_decimal": "0.000",
        "stock_density_kg_per_1000_cu_ft": "0.000",
        "load_level": "understocked",
        "load_level_label": "Light load",
        "advice_summary": "About 0.000 kg per decimal of water surface — below typical semi-intensive stocking for this role; room to grow biomass if production targets allow. Volume density ≈ 0.000 kg per 1,000 cu ft.",
        "reference_note": "Rule-of-thumb bands (not regulatory): tuned for Bangladesh decimal × ft volume; adjust with your species mix.",
        "production_cycle_id": 25
      }
    },
    "ai_advice_text": "**Mynuddin** (Grow-out) — suggested feeding focus for **2026-05-09**. Production cycle: **Mynuddin Mid Cycle**.\n\n**Pond status (from records):** estimated biomass ≈ **-692.8570 kg**; load **Light load** (~0.000 kg/dec water); latest biomass sample date **2026-05-06** (Tilapia).\n\n**Stocking hint:** About 0.000 kg per decimal of water surface — below typical semi-intensive stocking for this role; room to grow biomass if production targets allow. Volume density ≈ 0.000 kg per 1,000 cu ft.\n\n**WorldFish-style tilapia guide (Nile tilapia, semi-intensive pond):** mean fish ≈ **350.00 g** (latest biomass sample (avg weight)) → **Finisher** stage; published tables suggest roughly **1.5%–2%** of body weight per day at favourable temperature, adjusted here for **stocking load** and **water temperature**. **Meals:** 1–1.5× / day. **Feed type:** Finisher pellet 4–6 mm. _near-optimal band (29 °C) — tables align with ~28 °C references_\n\n**How often to feed (today):** **1–1.5× / day (bias to morning/evening if mid-day is harsh)** — considers **weather (water °C)**, pond stocking/load, fish stage/size, and biomass outlook (clock windows and kg split are in `feeding_schedule`).\n\n**Target feed amount for the day:** **56.61 kg** total — split across the recommended meals/times (see `per_meal_feed_kg_approx` and `recommended_feeding_times`).\n\n**Recent feed (7d):** no direct **feed purchase** kg recorded on this pond — if you feed via POS on account, rely on your shop records too.\n\n**Suggested ration (editable):** about **56.61 kg** total for the day (≈ **1.85%** of estimated biomass per day; **1–1.5× / day** where practical). Biomass basis: **~3060.00 kg** (latest biomass sample (manager-recorded total kg)). Stop feeding if feed remains after ~15 minutes (avoid water quality stress). **Edit** the narrative or kg below, then **approve**.\n\n_Source: WorldFish / CGIAR extension tables for tilapia (see snapshot `worldfish` block). This is generated from FSERP pond metrics — not a live external AI. Managers must confirm with field conditions before feeding._",
    "edited_advice_text": "",
    "suggested_feed_kg": "56.6100",
    "sack_size_kg": 25,
    "approved_advice_text": "**Mynuddin** (Grow-out) — suggested feeding focus for **2026-05-09**. Production cycle: **Mynuddin Mid Cycle**.\n\n**Pond status (from records):** estimated biomass ≈ **-692.8570 kg**; load **Light load** (~0.000 kg/dec water); latest biomass sample date **2026-05-06** (Tilapia).\n\n**Stocking hint:** About 0.000 kg per decimal of water surface — below typical semi-intensive stocking for this role; room to grow biomass if production targets allow. Volume density ≈ 0.000 kg per 1,000 cu ft.\n\n**WorldFish-style tilapia guide (Nile tilapia, semi-intensive pond):** mean fish ≈ **350.00 g** (latest biomass sample (avg weight)) → **Finisher** stage; published tables suggest roughly **1.5%–2%** of body weight per day at favourable temperature, adjusted here for **stocking load** and **water temperature**. **Meals:** 1–1.5× / day. **Feed type:** Finisher pellet 4–6 mm. _near-optimal band (29 °C) — tables align with ~28 °C references_\n\n**How often to feed (today):** **1–1.5× / day (bias to morning/evening if mid-day is harsh)** — considers **weather (water °C)**, pond stocking/load, fish stage/size, and biomass outlook (clock windows and kg split are in `feeding_schedule`).\n\n**Target feed amount for the day:** **56.61 kg** total — split across the recommended meals/times (see `per_meal_feed_kg_approx` and `recommended_feeding_times`).\n\n**Recent feed (7d):** no direct **feed purchase** kg recorded on this pond — if you feed via POS on account, rely on your shop records too.\n\n**Suggested ration (editable):** about **56.61 kg** total for the day (≈ **1.85%** of estimated biomass per day; **1–1.5× / day** where practical). Biomass basis: **~3060.00 kg** (latest biomass sample (manager-recorded total kg)). Stop feeding if feed remains after ~15 minutes (avoid water quality stress). **Edit** the narrative or kg below, then **approve**.\n\n_Source: WorldFish / CGIAR extension tables for tilapia (see snapshot `worldfish` block). This is generated from FSERP pond metrics — not a live external AI. Managers must confirm with field conditions before feeding._",
    "approved_at": "2026-05-09T19:45:37.681Z",
    "approved_by": 1,
    "applied_feed_kg": "56.6100",
    "applied_at": "2026-05-09T19:47:17.171Z",
    "applied_by": 1,
    "linked_expense": null,
    "created_by": 1,
    "created_at": "2026-05-09T18:25:04.622Z",
    "updated_at": "2026-05-09T19:47:17.172Z"
  }
},
{
  "model": "api.aquaculturefeedingadvice",
  "pk": 33,
  "fields": {
    "company": 1,
    "pond": 3,
    "production_cycle": 25,
    "target_date": "2026-05-09",
    "status": "applied",
    "pond_status_snapshot": {
      "generated_at": "2026-05-09T19:49:34.366496+00:00",
      "target_date": "2026-05-09",
      "pond": {
        "id": 3,
        "name": "Mynuddin",
        "pond_role": "grow_out",
        "water_area_decimal": "800.00",
        "pond_depth_ft": "8.00"
      },
      "production_cycle": {
        "id": 25,
        "name": "Mynuddin Mid Cycle",
        "code": "0"
      },
      "water_temp_c": "29",
      "worldfish": {
        "method": "worldfish_table_adjusted",
        "mean_fish_weight_g": "350.00",
        "mean_weight_source": "latest biomass sample (avg weight)",
        "worldfish_stage": "Finisher",
        "bw_pct_low": "1.5",
        "bw_pct_high": "2",
        "chosen_bw_pct_per_day": "1.85",
        "meals_hint": "1–1.5× / day",
        "feed_form_hint": "Finisher pellet 4–6 mm",
        "temperature_factor": "1.0",
        "temperature_note": "near-optimal band (29 °C) — tables align with ~28 °C references",
        "reference": "WorldFish / CGIAR extension guidance for Nile tilapia grow-out: feeding rate as % of body weight per day depends on mean fish weight and water temperature (tables often quoted at ~28 °C); reduce rations when cold, cloudy, or when water quality is stressed. Source collection: https://digitalarchive.worldfishcenter.org/"
      },
      "feeding_heuristic": {
        "body_weight_percent_per_day": "1.85",
        "recent_direct_feed_kg_7d": "0",
        "biomass_basis_kg": "3060.00",
        "biomass_basis_source": "latest biomass sample (manager-recorded total kg)",
        "model_note": "WorldFish-style tilapia bands + load/temperature guards; optional LLM hook later."
      },
      "feeding_schedule": {
        "weather_tier": "warm",
        "weather_condition_label": "Weather (water): warm (~29 °C) — watch DO; avoid harsh mid-day",
        "times_per_day": "1–1.5× / day (bias to morning/evening if mid-day is harsh)",
        "frequency_meals_per_day": 2,
        "extension_table_meals_hint": "1–1.5× / day",
        "daily_feed_amount_kg": "56.61",
        "per_meal_feed_kg_approx": [
          "28.31",
          "28.31"
        ],
        "per_meal_amount_summary": "~28.31 kg × **2** meals (equal split for planning; reduce last meal if feed remains).",
        "recommended_feeding_times": [
          "**Meal 1:** **~6:00–7:45 a.m.** (finish before strong sun / peak surface heat).",
          "**Meal 2:** **~5:00–6:45 p.m.** (cooler air; **avoid 11:00 a.m.–3:00 p.m.**)."
        ],
        "factors": {
          "water_temp_c": "29",
          "pond_load_level": "understocked",
          "pond_load_label": "Light load",
          "fish_stage": "Finisher",
          "mean_fish_weight_g": "350.00"
        },
        "rationale_bullets": [
          "**Weather / water ~29 °C (warm):** keep **total kg** from the ration table but **shift times** away from peak heat.",
          "**Pond status (lighter biomass):** standard meal pattern is fine — avoid over-feeding unused ration.",
          "**Fish condition:** **Finisher** stage, mean ~**350.00** g — guides suggest **1–1.5× / day** under good water.",
          "**Biomass records:** latest sample date **2026-05-06** on file — re-sample if weather or growth changed sharply.",
          "**Stock outlook (system summary):** About 0.000 kg per decimal of water surface — below typical semi-intensive stocking for this role; room to grow biomass if production targets allow. Volume density ≈ 0.000 kg per 1,000 cu ft."
        ]
      },
      "stock_position": {
        "pond_role": "grow_out",
        "water_area_decimal": "800.00",
        "pond_depth_ft": "8.00",
        "water_volume_cu_ft": "2787840.00",
        "implied_net_weight_kg": "-692.8570",
        "implied_net_fish_count": 75850,
        "latest_sample_date": "2026-05-06",
        "latest_sample_estimated_fish_count": 10050,
        "latest_sample_estimated_total_weight_kg": "3060.0000",
        "latest_sample_avg_weight_kg": "0.350000",
        "latest_sample_fish_species_label": "Tilapia",
        "stock_density_kg_per_decimal": "0.000",
        "stock_density_kg_per_1000_cu_ft": "0.000",
        "load_level": "understocked",
        "load_level_label": "Light load",
        "advice_summary": "About 0.000 kg per decimal of water surface — below typical semi-intensive stocking for this role; room to grow biomass if production targets allow. Volume density ≈ 0.000 kg per 1,000 cu ft.",
        "reference_note": "Rule-of-thumb bands (not regulatory): tuned for Bangladesh decimal × ft volume; adjust with your species mix.",
        "production_cycle_id": 25
      }
    },
    "ai_advice_text": "**Mynuddin** (Grow-out) — suggested feeding focus for **2026-05-09**. Production cycle: **Mynuddin Mid Cycle**.\n\n**Pond status (from records):** estimated biomass ≈ **-692.8570 kg**; load **Light load** (~0.000 kg/dec water); latest biomass sample date **2026-05-06** (Tilapia).\n\n**Stocking hint:** About 0.000 kg per decimal of water surface — below typical semi-intensive stocking for this role; room to grow biomass if production targets allow. Volume density ≈ 0.000 kg per 1,000 cu ft.\n\n**WorldFish-style tilapia guide (Nile tilapia, semi-intensive pond):** mean fish ≈ **350.00 g** (latest biomass sample (avg weight)) → **Finisher** stage; published tables suggest roughly **1.5%–2%** of body weight per day at favourable temperature, adjusted here for **stocking load** and **water temperature**. **Meals:** 1–1.5× / day. **Feed type:** Finisher pellet 4–6 mm. _near-optimal band (29 °C) — tables align with ~28 °C references_\n\n**How often to feed (today):** **1–1.5× / day (bias to morning/evening if mid-day is harsh)** — considers **weather (water °C)**, pond stocking/load, fish stage/size, and biomass outlook (clock windows and kg split are in `feeding_schedule`).\n\n**Target feed amount for the day:** **56.61 kg** total — split across the recommended meals/times (see `per_meal_feed_kg_approx` and `recommended_feeding_times`).\n\n**Recent feed (7d):** no direct **feed purchase** kg recorded on this pond — if you feed via POS on account, rely on your shop records too.\n\n**Suggested ration (editable):** about **56.61 kg** total for the day (≈ **1.85%** of estimated biomass per day; **1–1.5× / day** where practical). Biomass basis: **~3060.00 kg** (latest biomass sample (manager-recorded total kg)). Stop feeding if feed remains after ~15 minutes (avoid water quality stress). **Edit** the narrative or kg below, then **approve**.\n\n_Source: WorldFish / CGIAR extension tables for tilapia (see snapshot `worldfish` block). This is generated from FSERP pond metrics — not a live external AI. Managers must confirm with field conditions before feeding._",
    "edited_advice_text": "",
    "suggested_feed_kg": "56.6100",
    "sack_size_kg": 25,
    "approved_advice_text": "**Mynuddin** (Grow-out) — suggested feeding focus for **2026-05-09**. Production cycle: **Mynuddin Mid Cycle**.\n\n**Pond status (from records):** estimated biomass ≈ **-692.8570 kg**; load **Light load** (~0.000 kg/dec water); latest biomass sample date **2026-05-06** (Tilapia).\n\n**Stocking hint:** About 0.000 kg per decimal of water surface — below typical semi-intensive stocking for this role; room to grow biomass if production targets allow. Volume density ≈ 0.000 kg per 1,000 cu ft.\n\n**WorldFish-style tilapia guide (Nile tilapia, semi-intensive pond):** mean fish ≈ **350.00 g** (latest biomass sample (avg weight)) → **Finisher** stage; published tables suggest roughly **1.5%–2%** of body weight per day at favourable temperature, adjusted here for **stocking load** and **water temperature**. **Meals:** 1–1.5× / day. **Feed type:** Finisher pellet 4–6 mm. _near-optimal band (29 °C) — tables align with ~28 °C references_\n\n**How often to feed (today):** **1–1.5× / day (bias to morning/evening if mid-day is harsh)** — considers **weather (water °C)**, pond stocking/load, fish stage/size, and biomass outlook (clock windows and kg split are in `feeding_schedule`).\n\n**Target feed amount for the day:** **56.61 kg** total — split across the recommended meals/times (see `per_meal_feed_kg_approx` and `recommended_feeding_times`).\n\n**Recent feed (7d):** no direct **feed purchase** kg recorded on this pond — if you feed via POS on account, rely on your shop records too.\n\n**Suggested ration (editable):** about **56.61 kg** total for the day (≈ **1.85%** of estimated biomass per day; **1–1.5× / day** where practical). Biomass basis: **~3060.00 kg** (latest biomass sample (manager-recorded total kg)). Stop feeding if feed remains after ~15 minutes (avoid water quality stress). **Edit** the narrative or kg below, then **approve**.\n\n_Source: WorldFish / CGIAR extension tables for tilapia (see snapshot `worldfish` block). This is generated from FSERP pond metrics — not a live external AI. Managers must confirm with field conditions before feeding._",
    "approved_at": "2026-05-09T19:50:23.530Z",
    "approved_by": 1,
    "applied_feed_kg": "56.6100",
    "applied_at": "2026-05-09T20:02:24.123Z",
    "applied_by": 1,
    "linked_expense": 113,
    "created_by": 1,
    "created_at": "2026-05-09T19:49:34.377Z",
    "updated_at": "2026-05-09T20:02:24.124Z"
  }
},
{
  "model": "api.aquaculturefeedingadvice",
  "pk": 34,
  "fields": {
    "company": 1,
    "pond": 3,
    "production_cycle": null,
    "target_date": "2026-05-19",
    "status": "pending_review",
    "pond_status_snapshot": {
      "generated_at": "2026-05-19T23:38:01.256712+00:00",
      "target_date": "2026-05-19",
      "pond": {
        "id": 3,
        "name": "Mynuddin",
        "pond_role": "grow_out",
        "water_area_decimal": "800.00",
        "pond_depth_ft": "8.00"
      },
      "production_cycle": null,
      "water_temp_c": "28",
      "worldfish": {
        "method": "worldfish_table_adjusted",
        "mean_fish_weight_g": "333.33",
        "mean_weight_source": "latest biomass sample (avg weight)",
        "worldfish_stage": "Finisher",
        "bw_pct_low": "1.5",
        "bw_pct_high": "2",
        "chosen_bw_pct_per_day": "1.85",
        "meals_hint": "1–1.5× / day",
        "feed_form_hint": "Finisher pellet 4–6 mm",
        "temperature_factor": "1.0",
        "temperature_note": "near-optimal band (28 °C) — tables align with ~28 °C references",
        "reference": "WorldFish / CGIAR extension guidance for Nile tilapia grow-out: feeding rate as % of body weight per day depends on mean fish weight and water temperature (tables often quoted at ~28 °C); reduce rations when cold, cloudy, or when water quality is stressed. Source collection: https://digitalarchive.worldfishcenter.org/"
      },
      "feeding_heuristic": {
        "body_weight_percent_per_day": "1.85",
        "recent_direct_feed_kg_7d": "0",
        "biomass_basis_kg": "4000.00",
        "biomass_basis_source": "latest biomass sample (manager-recorded total kg)",
        "model_note": "WorldFish-style tilapia bands + load/temperature guards; optional LLM hook later."
      },
      "feeding_schedule": {
        "weather_tier": "optimal",
        "weather_condition_label": "Weather (water): favourable (~28 °C) — good feeding window",
        "times_per_day": "1–1.5× / day",
        "frequency_meals_per_day": 2,
        "extension_table_meals_hint": "1–1.5× / day",
        "daily_feed_amount_kg": "74.00",
        "per_meal_feed_kg_approx": [
          "37.00",
          "37.00"
        ],
        "per_meal_amount_summary": "~37.00 kg × **2** meals (equal split for planning; reduce last meal if feed remains).",
        "recommended_feeding_times": [
          "**Meal 1:** **~8:00–9:30 a.m.**",
          "**Meal 2:** **~4:00–5:30 p.m.**"
        ],
        "factors": {
          "water_temp_c": "28",
          "pond_load_level": "understocked",
          "pond_load_label": "Light load",
          "fish_stage": "Finisher",
          "mean_fish_weight_g": "333.33"
        },
        "rationale_bullets": [
          "**Weather / water ~28 °C:** favourable — use **full suggested kg** if fish clean up; near-optimal band (28 °C) — tables align with ~28 °C references",
          "**Pond status (lighter biomass):** standard meal pattern is fine — avoid over-feeding unused ration.",
          "**Fish condition:** **Finisher** stage, mean ~**333.33** g — guides suggest **1–1.5× / day** under good water.",
          "**Biomass records:** latest sample date **2026-05-19** on file — re-sample if weather or growth changed sharply.",
          "**Stock outlook (system summary):** About 0.686 kg per decimal of water surface — below typical semi-intensive stocking for this role; room to grow biomass if production targets allow. Volume density ≈ 0.197 kg per 1,000 cu ft."
        ]
      },
      "stock_position": {
        "pond_role": "grow_out",
        "water_area_decimal": "800.00",
        "pond_depth_ft": "8.00",
        "water_volume_cu_ft": "2787840.00",
        "implied_net_weight_kg": "548.9630",
        "implied_net_fish_count": 193750,
        "latest_sample_date": "2026-05-19",
        "latest_sample_estimated_fish_count": 12000,
        "latest_sample_estimated_total_weight_kg": "4000.0000",
        "latest_sample_avg_weight_kg": "0.333333",
        "latest_sample_fish_species_label": "Tilapia",
        "stock_density_kg_per_decimal": "0.686",
        "stock_density_kg_per_1000_cu_ft": "0.197",
        "load_level": "understocked",
        "load_level_label": "Light load",
        "advice_summary": "About 0.686 kg per decimal of water surface — below typical semi-intensive stocking for this role; room to grow biomass if production targets allow. Volume density ≈ 0.197 kg per 1,000 cu ft.",
        "reference_note": "Rule-of-thumb bands (not regulatory): tuned for Bangladesh decimal × ft volume; adjust with your species mix.",
        "production_cycle_id": null
      }
    },
    "ai_advice_text": "**Mynuddin** (Grow-out) — suggested feeding focus for **2026-05-19**.\n\n**Pond status (from records):** estimated biomass ≈ **548.9630 kg**; load **Light load** (~0.686 kg/dec water); latest biomass sample date **2026-05-19** (Tilapia).\n\n**Stocking hint:** About 0.686 kg per decimal of water surface — below typical semi-intensive stocking for this role; room to grow biomass if production targets allow. Volume density ≈ 0.197 kg per 1,000 cu ft.\n\n**WorldFish-style tilapia guide (Nile tilapia, semi-intensive pond):** mean fish ≈ **333.33 g** (latest biomass sample (avg weight)) → **Finisher** stage; published tables suggest roughly **1.5%–2%** of body weight per day at favourable temperature, adjusted here for **stocking load** and **water temperature**. **Meals:** 1–1.5× / day. **Feed type:** Finisher pellet 4–6 mm. _near-optimal band (28 °C) — tables align with ~28 °C references_\n\n**How often to feed (today):** **1–1.5× / day** — considers **weather (water °C)**, pond stocking/load, fish stage/size, and biomass outlook (clock windows and kg split are in `feeding_schedule`).\n\n**Target feed amount for the day:** **74.00 kg** total — split across the recommended meals/times (see `per_meal_feed_kg_approx` and `recommended_feeding_times`).\n\n**Recent feed (7d):** no direct **feed purchase** kg recorded on this pond — if you feed via POS on account, rely on your shop records too.\n\n**Suggested ration (editable):** about **74.00 kg** total for the day (≈ **1.85%** of estimated biomass per day; **1–1.5× / day** where practical). Biomass basis: **~4000.00 kg** (latest biomass sample (manager-recorded total kg)). Stop feeding if feed remains after ~15 minutes (avoid water quality stress). **Edit** the narrative or kg below, then **approve**.\n\n_Source: WorldFish / CGIAR extension tables for tilapia (see snapshot `worldfish` block). This is generated from FSERP pond metrics — not a live external AI. Managers must confirm with field conditions before feeding._",
    "edited_advice_text": "",
    "suggested_feed_kg": "74.0000",
    "sack_size_kg": 25,
    "approved_advice_text": "",
    "approved_at": null,
    "approved_by": null,
    "applied_feed_kg": null,
    "applied_at": null,
    "applied_by": null,
    "linked_expense": null,
    "created_by": 1,
    "created_at": "2026-05-19T23:38:01.256Z",
    "updated_at": "2026-05-19T23:38:01.256Z"
  }
},
{
  "model": "api.aquaculturefeedingadvice",
  "pk": 35,
  "fields": {
    "company": 1,
    "pond": 3,
    "production_cycle": null,
    "target_date": "2026-05-19",
    "status": "pending_review",
    "pond_status_snapshot": {
      "generated_at": "2026-05-19T23:46:46.394158+00:00",
      "target_date": "2026-05-19",
      "pond": {
        "id": 3,
        "name": "Mynuddin",
        "pond_role": "grow_out",
        "water_area_decimal": "800.00",
        "pond_depth_ft": "8.00"
      },
      "production_cycle": null,
      "water_temp_c": null,
      "worldfish": {
        "method": "worldfish_table_adjusted",
        "mean_fish_weight_g": "333.33",
        "mean_weight_source": "latest biomass sample (avg weight)",
        "worldfish_stage": "Finisher",
        "bw_pct_low": "1.5",
        "bw_pct_high": "2",
        "chosen_bw_pct_per_day": "1.85",
        "meals_hint": "1–1.5× / day",
        "feed_form_hint": "Finisher pellet 4–6 mm",
        "temperature_factor": "1",
        "temperature_note": "temperature not provided — assuming favourable grow-out conditions (~26–30 °C)",
        "reference": "WorldFish / CGIAR extension guidance for Nile tilapia grow-out: feeding rate as % of body weight per day depends on mean fish weight and water temperature (tables often quoted at ~28 °C); reduce rations when cold, cloudy, or when water quality is stressed. Source collection: https://digitalarchive.worldfishcenter.org/"
      },
      "feeding_heuristic": {
        "body_weight_percent_per_day": "1.85",
        "recent_direct_feed_kg_7d": "0",
        "biomass_basis_kg": "4000.00",
        "biomass_basis_source": "latest biomass sample (manager-recorded total kg)",
        "model_note": "WorldFish-style tilapia bands + load/temperature guards; optional LLM hook later."
      },
      "feeding_schedule": {
        "weather_tier": "unknown",
        "weather_condition_label": "Weather (water): not recorded — enter °C when generating advice",
        "times_per_day": "1–1.5× / day",
        "frequency_meals_per_day": 2,
        "extension_table_meals_hint": "1–1.5× / day",
        "daily_feed_amount_kg": "74.00",
        "per_meal_feed_kg_approx": [
          "37.00",
          "37.00"
        ],
        "per_meal_amount_summary": "~37.00 kg × **2** meals (equal split for planning; reduce last meal if feed remains).",
        "recommended_feeding_times": [
          "**Meal 1:** **~8:00–9:30 a.m.**",
          "**Meal 2:** **~4:00–5:30 p.m.**"
        ],
        "factors": {
          "water_temp_c": null,
          "pond_load_level": "understocked",
          "pond_load_label": "Light load",
          "fish_stage": "Finisher",
          "mean_fish_weight_g": "333.33"
        },
        "rationale_bullets": [
          "**Weather:** water °C **not entered** — **amount** still uses biomass × %BW; **times/frequency** follow extension tables only. Re-generate with temperature for hot/cold-adjusted **feeding times**.",
          "temperature not provided — assuming favourable grow-out conditions (~26–30 °C)",
          "**Pond status (lighter biomass):** standard meal pattern is fine — avoid over-feeding unused ration.",
          "**Fish condition:** **Finisher** stage, mean ~**333.33** g — guides suggest **1–1.5× / day** under good water.",
          "**Biomass records:** latest sample date **2026-05-19** on file — re-sample if weather or growth changed sharply.",
          "**Stock outlook (system summary):** About 0.686 kg per decimal of water surface — below typical semi-intensive stocking for this role; room to grow biomass if production targets allow. Volume density ≈ 0.197 kg per 1,000 cu ft."
        ]
      },
      "stock_position": {
        "pond_role": "grow_out",
        "water_area_decimal": "800.00",
        "pond_depth_ft": "8.00",
        "water_volume_cu_ft": "2787840.00",
        "implied_net_weight_kg": "548.9630",
        "implied_net_fish_count": 193750,
        "latest_sample_date": "2026-05-19",
        "latest_sample_estimated_fish_count": 12000,
        "latest_sample_estimated_total_weight_kg": "4000.0000",
        "latest_sample_avg_weight_kg": "0.333333",
        "latest_sample_fish_species_label": "Tilapia",
        "stock_density_kg_per_decimal": "0.686",
        "stock_density_kg_per_1000_cu_ft": "0.197",
        "load_level": "understocked",
        "load_level_label": "Light load",
        "advice_summary": "About 0.686 kg per decimal of water surface — below typical semi-intensive stocking for this role; room to grow biomass if production targets allow. Volume density ≈ 0.197 kg per 1,000 cu ft.",
        "reference_note": "Rule-of-thumb bands (not regulatory): tuned for Bangladesh decimal × ft volume; adjust with your species mix.",
        "production_cycle_id": null
      }
    },
    "ai_advice_text": "**Mynuddin** (Grow-out) — suggested feeding focus for **2026-05-19**.\n\n**Pond status (from records):** estimated biomass ≈ **548.9630 kg**; load **Light load** (~0.686 kg/dec water); latest biomass sample date **2026-05-19** (Tilapia).\n\n**Stocking hint:** About 0.686 kg per decimal of water surface — below typical semi-intensive stocking for this role; room to grow biomass if production targets allow. Volume density ≈ 0.197 kg per 1,000 cu ft.\n\n**WorldFish-style tilapia guide (Nile tilapia, semi-intensive pond):** mean fish ≈ **333.33 g** (latest biomass sample (avg weight)) → **Finisher** stage; published tables suggest roughly **1.5%–2%** of body weight per day at favourable temperature, adjusted here for **stocking load** and **water temperature**. **Meals:** 1–1.5× / day. **Feed type:** Finisher pellet 4–6 mm. _temperature not provided — assuming favourable grow-out conditions (~26–30 °C)_\n\n**How often to feed (today):** **1–1.5× / day** — considers **weather (water °C)**, pond stocking/load, fish stage/size, and biomass outlook (clock windows and kg split are in `feeding_schedule`).\n\n**Target feed amount for the day:** **74.00 kg** total — split across the recommended meals/times (see `per_meal_feed_kg_approx` and `recommended_feeding_times`).\n\n**Recent feed (7d):** no direct **feed purchase** kg recorded on this pond — if you feed via POS on account, rely on your shop records too.\n\n**Suggested ration (editable):** about **74.00 kg** total for the day (≈ **1.85%** of estimated biomass per day; **1–1.5× / day** where practical). Biomass basis: **~4000.00 kg** (latest biomass sample (manager-recorded total kg)). Stop feeding if feed remains after ~15 minutes (avoid water quality stress). **Edit** the narrative or kg below, then **approve**.\n\n_Source: WorldFish / CGIAR extension tables for tilapia (see snapshot `worldfish` block). This is generated from FSERP pond metrics — not a live external AI. Managers must confirm with field conditions before feeding._",
    "edited_advice_text": "",
    "suggested_feed_kg": "74.0000",
    "sack_size_kg": 25,
    "approved_advice_text": "",
    "approved_at": null,
    "approved_by": null,
    "applied_feed_kg": null,
    "applied_at": null,
    "applied_by": null,
    "linked_expense": null,
    "created_by": 1,
    "created_at": "2026-05-19T23:46:46.394Z",
    "updated_at": "2026-05-19T23:46:46.394Z"
  }
},
{
  "model": "api.aquaculturefeedingadvice",
  "pk": 39,
  "fields": {
    "company": 1,
    "pond": 4,
    "production_cycle": null,
    "target_date": "2026-05-21",
    "status": "pending_review",
    "pond_status_snapshot": {
      "generated_at": "2026-05-21T17:50:23.982085+00:00",
      "target_date": "2026-05-21",
      "pond": {
        "id": 4,
        "name": "Ashari-1",
        "pond_role": "grow_out",
        "water_area_decimal": "800.00",
        "pond_depth_ft": "8.00"
      },
      "production_cycle": null,
      "water_temp_c": null,
      "worldfish": {
        "method": "worldfish_table_adjusted",
        "mean_fish_weight_g": "350.00",
        "mean_weight_source": "latest biomass sample (avg weight)",
        "worldfish_stage": "Finisher",
        "bw_pct_low": "1.5",
        "bw_pct_high": "2",
        "chosen_bw_pct_per_day": "1.75",
        "meals_hint": "1–1.5× / day",
        "feed_form_hint": "Finisher pellet 4–6 mm",
        "temperature_factor": "1",
        "temperature_note": "temperature not provided — assuming favourable grow-out conditions (~26–30 °C)",
        "reference": "WorldFish / CGIAR extension guidance for Nile tilapia grow-out: feeding rate as % of body weight per day depends on mean fish weight and water temperature (tables often quoted at ~28 °C); reduce rations when cold, cloudy, or when water quality is stressed. Source collection: https://digitalarchive.worldfishcenter.org/"
      },
      "feeding_heuristic": {
        "body_weight_percent_per_day": "1.75",
        "recent_direct_feed_kg_7d": "0",
        "biomass_basis_kg": "3060.00",
        "biomass_basis_source": "latest biomass sample (manager-recorded total kg)",
        "model_note": "WorldFish-style tilapia bands + load/temperature guards; optional LLM hook later."
      },
      "feeding_schedule": {
        "weather_tier": "unknown",
        "weather_condition_label": "Weather (water): not recorded — enter °C when generating advice",
        "times_per_day": "1–1.5× / day",
        "frequency_meals_per_day": 2,
        "extension_table_meals_hint": "1–1.5× / day",
        "daily_feed_amount_kg": "53.55",
        "per_meal_feed_kg_approx": [
          "26.78",
          "26.78"
        ],
        "per_meal_amount_summary": "~26.78 kg × **2** meals (equal split for planning; reduce last meal if feed remains).",
        "recommended_feeding_times": [
          "**Meal 1:** **~8:00–9:30 a.m.**",
          "**Meal 2:** **~4:00–5:30 p.m.**"
        ],
        "factors": {
          "water_temp_c": null,
          "pond_load_level": "moderate",
          "pond_load_label": "Moderate",
          "fish_stage": "Finisher",
          "mean_fish_weight_g": "350.00"
        },
        "rationale_bullets": [
          "**Weather:** water °C **not entered** — **amount** still uses biomass × %BW; **times/frequency** follow extension tables only. Re-generate with temperature for hot/cold-adjusted **feeding times**.",
          "temperature not provided — assuming favourable grow-out conditions (~26–30 °C)",
          "**Pond status:** Moderate.",
          "**Fish condition:** **Finisher** stage, mean ~**350.00** g — guides suggest **1–1.5× / day** under good water.",
          "**Biomass records:** latest sample date **2026-05-06** on file — re-sample if weather or growth changed sharply.",
          "**Stock outlook (system summary):** About 7.682 kg per decimal — within a common comfort range for this pond role; monitor DO and growth. Volume density ≈ 2.204 kg per 1,000 cu ft."
        ]
      },
      "stock_position": {
        "pond_role": "grow_out",
        "water_area_decimal": "800.00",
        "pond_depth_ft": "8.00",
        "water_volume_cu_ft": "2787840.00",
        "implied_net_weight_kg": "6145.5000",
        "implied_net_fish_count": 95900,
        "latest_sample_date": "2026-05-06",
        "latest_sample_estimated_fish_count": 10400,
        "latest_sample_estimated_total_weight_kg": "3060.0000",
        "latest_sample_avg_weight_kg": "0.350000",
        "latest_sample_fish_species_label": "Tilapia",
        "stock_density_kg_per_decimal": "7.682",
        "stock_density_kg_per_1000_cu_ft": "2.204",
        "load_level": "moderate",
        "load_level_label": "Moderate",
        "advice_summary": "About 7.682 kg per decimal — within a common comfort range for this pond role; monitor DO and growth. Volume density ≈ 2.204 kg per 1,000 cu ft.",
        "reference_note": "Rule-of-thumb bands (not regulatory): tuned for Bangladesh decimal × ft volume; adjust with your species mix.",
        "production_cycle_id": null
      }
    },
    "ai_advice_text": "**Ashari-1** (Grow-out) — suggested feeding focus for **2026-05-21**.\n\n**Pond status (from records):** estimated biomass ≈ **6145.5000 kg**; load **Moderate** (~7.682 kg/dec water); latest biomass sample date **2026-05-06** (Tilapia).\n\n**Stocking hint:** About 7.682 kg per decimal — within a common comfort range for this pond role; monitor DO and growth. Volume density ≈ 2.204 kg per 1,000 cu ft.\n\n**WorldFish-style tilapia guide (Nile tilapia, semi-intensive pond):** mean fish ≈ **350.00 g** (latest biomass sample (avg weight)) → **Finisher** stage; published tables suggest roughly **1.5%–2%** of body weight per day at favourable temperature, adjusted here for **stocking load** and **water temperature**. **Meals:** 1–1.5× / day. **Feed type:** Finisher pellet 4–6 mm. _temperature not provided — assuming favourable grow-out conditions (~26–30 °C)_\n\n**How often to feed (today):** **1–1.5× / day** — considers **weather (water °C)**, pond stocking/load, fish stage/size, and biomass outlook (clock windows and kg split are in `feeding_schedule`).\n\n**Target feed amount for the day:** **53.55 kg** total — split across the recommended meals/times (see `per_meal_feed_kg_approx` and `recommended_feeding_times`).\n\n**Recent feed (7d):** no direct **feed purchase** kg recorded on this pond — if you feed via POS on account, rely on your shop records too.\n\n**Suggested ration (editable):** about **53.55 kg** total for the day (≈ **1.75%** of estimated biomass per day; **1–1.5× / day** where practical). Biomass basis: **~3060.00 kg** (latest biomass sample (manager-recorded total kg)). Stop feeding if feed remains after ~15 minutes (avoid water quality stress). **Edit** the narrative or kg below, then **approve**.\n\n_Source: WorldFish / CGIAR extension tables for tilapia (see snapshot `worldfish` block). This is generated from FSERP pond metrics — not a live external AI. Managers must confirm with field conditions before feeding._",
    "edited_advice_text": "",
    "suggested_feed_kg": "53.5500",
    "sack_size_kg": 25,
    "approved_advice_text": "",
    "approved_at": null,
    "approved_by": null,
    "applied_feed_kg": null,
    "applied_at": null,
    "applied_by": null,
    "linked_expense": null,
    "created_by": 1,
    "created_at": "2026-05-21T17:50:23.983Z",
    "updated_at": "2026-05-21T17:50:23.983Z"
  }
},
{
  "model": "api.aquaculturefeedingadvice",
  "pk": 40,
  "fields": {
    "company": 1,
    "pond": 4,
    "production_cycle": null,
    "target_date": "2026-05-21",
    "status": "pending_review",
    "pond_status_snapshot": {
      "generated_at": "2026-05-21T18:06:46.693413+00:00",
      "target_date": "2026-05-21",
      "pond": {
        "id": 4,
        "name": "Ashari-1",
        "pond_role": "grow_out",
        "water_area_decimal": "800.00",
        "pond_depth_ft": "8.00"
      },
      "production_cycle": null,
      "water_temp_c": null,
      "worldfish": {
        "method": "worldfish_table_adjusted",
        "mean_fish_weight_g": "350.00",
        "mean_weight_source": "latest biomass sample (avg weight)",
        "worldfish_stage": "Finisher",
        "bw_pct_low": "1.5",
        "bw_pct_high": "2",
        "chosen_bw_pct_per_day": "1.75",
        "meals_hint": "1–1.5× / day",
        "feed_form_hint": "Finisher pellet 4–6 mm",
        "temperature_factor": "1",
        "temperature_note": "temperature not provided — assuming favourable grow-out conditions (~26–30 °C)",
        "reference": "WorldFish / CGIAR extension guidance for Nile tilapia grow-out: feeding rate as % of body weight per day depends on mean fish weight and water temperature (tables often quoted at ~28 °C); reduce rations when cold, cloudy, or when water quality is stressed. Source collection: https://digitalarchive.worldfishcenter.org/"
      },
      "feeding_heuristic": {
        "body_weight_percent_per_day": "1.75",
        "recent_direct_feed_kg_7d": "0",
        "biomass_basis_kg": "3060.00",
        "biomass_basis_source": "latest biomass sample (manager-recorded total kg)",
        "model_note": "WorldFish-style tilapia bands + load/temperature guards; optional LLM hook later."
      },
      "feeding_schedule": {
        "weather_tier": "unknown",
        "weather_condition_label": "Weather (water): not recorded — enter °C when generating advice",
        "times_per_day": "1–1.5× / day",
        "frequency_meals_per_day": 2,
        "extension_table_meals_hint": "1–1.5× / day",
        "daily_feed_amount_kg": "53.55",
        "per_meal_feed_kg_approx": [
          "26.78",
          "26.78"
        ],
        "per_meal_amount_summary": "~26.78 kg × **2** meals (equal split for planning; reduce last meal if feed remains).",
        "recommended_feeding_times": [
          "**Meal 1:** **~8:00–9:30 a.m.**",
          "**Meal 2:** **~4:00–5:30 p.m.**"
        ],
        "factors": {
          "water_temp_c": null,
          "pond_load_level": "moderate",
          "pond_load_label": "Moderate",
          "fish_stage": "Finisher",
          "mean_fish_weight_g": "350.00"
        },
        "rationale_bullets": [
          "**Weather:** water °C **not entered** — **amount** still uses biomass × %BW; **times/frequency** follow extension tables only. Re-generate with temperature for hot/cold-adjusted **feeding times**.",
          "temperature not provided — assuming favourable grow-out conditions (~26–30 °C)",
          "**Pond status:** Moderate.",
          "**Fish condition:** **Finisher** stage, mean ~**350.00** g — guides suggest **1–1.5× / day** under good water.",
          "**Biomass records:** latest sample date **2026-05-06** on file — re-sample if weather or growth changed sharply.",
          "**Stock outlook (system summary):** About 7.682 kg per decimal — within a common comfort range for this pond role; monitor DO and growth. Volume density ≈ 2.204 kg per 1,000 cu ft."
        ]
      },
      "stock_position": {
        "pond_role": "grow_out",
        "water_area_decimal": "800.00",
        "pond_depth_ft": "8.00",
        "water_volume_cu_ft": "2787840.00",
        "implied_net_weight_kg": "6145.5000",
        "implied_net_fish_count": 95900,
        "latest_sample_date": "2026-05-06",
        "latest_sample_estimated_fish_count": 10400,
        "latest_sample_estimated_total_weight_kg": "3060.0000",
        "latest_sample_avg_weight_kg": "0.350000",
        "latest_sample_fish_species_label": "Tilapia",
        "stock_density_kg_per_decimal": "7.682",
        "stock_density_kg_per_1000_cu_ft": "2.204",
        "load_level": "moderate",
        "load_level_label": "Moderate",
        "advice_summary": "About 7.682 kg per decimal — within a common comfort range for this pond role; monitor DO and growth. Volume density ≈ 2.204 kg per 1,000 cu ft.",
        "reference_note": "Rule-of-thumb bands (not regulatory): tuned for Bangladesh decimal × ft volume; adjust with your species mix.",
        "production_cycle_id": null
      }
    },
    "ai_advice_text": "**Ashari-1** (Grow-out) — suggested feeding focus for **2026-05-21**.\n\n**Pond status (from records):** estimated biomass ≈ **6145.5000 kg**; load **Moderate** (~7.682 kg/dec water); latest biomass sample date **2026-05-06** (Tilapia).\n\n**Stocking hint:** About 7.682 kg per decimal — within a common comfort range for this pond role; monitor DO and growth. Volume density ≈ 2.204 kg per 1,000 cu ft.\n\n**WorldFish-style tilapia guide (Nile tilapia, semi-intensive pond):** mean fish ≈ **350.00 g** (latest biomass sample (avg weight)) → **Finisher** stage; published tables suggest roughly **1.5%–2%** of body weight per day at favourable temperature, adjusted here for **stocking load** and **water temperature**. **Meals:** 1–1.5× / day. **Feed type:** Finisher pellet 4–6 mm. _temperature not provided — assuming favourable grow-out conditions (~26–30 °C)_\n\n**How often to feed (today):** **1–1.5× / day** — considers **weather (water °C)**, pond stocking/load, fish stage/size, and biomass outlook (clock windows and kg split are in `feeding_schedule`).\n\n**Target feed amount for the day:** **53.55 kg** total — split across the recommended meals/times (see `per_meal_feed_kg_approx` and `recommended_feeding_times`).\n\n**Recent feed (7d):** no direct **feed purchase** kg recorded on this pond — if you feed via POS on account, rely on your shop records too.\n\n**Suggested ration (editable):** about **53.55 kg** total for the day (≈ **1.75%** of estimated biomass per day; **1–1.5× / day** where practical). Biomass basis: **~3060.00 kg** (latest biomass sample (manager-recorded total kg)). Stop feeding if feed remains after ~15 minutes (avoid water quality stress). **Edit** the narrative or kg below, then **approve**.\n\n_Source: WorldFish / CGIAR extension tables for tilapia (see snapshot `worldfish` block). This is generated from FSERP pond metrics — not a live external AI. Managers must confirm with field conditions before feeding._",
    "edited_advice_text": "",
    "suggested_feed_kg": "53.5500",
    "sack_size_kg": 25,
    "approved_advice_text": "",
    "approved_at": null,
    "approved_by": null,
    "applied_feed_kg": null,
    "applied_at": null,
    "applied_by": null,
    "linked_expense": null,
    "created_by": 1,
    "created_at": "2026-05-21T18:06:46.693Z",
    "updated_at": "2026-05-21T18:06:46.693Z"
  }
},
{
  "model": "api.aquaculturefeedingadvice",
  "pk": 41,
  "fields": {
    "company": 1,
    "pond": 5,
    "production_cycle": null,
    "target_date": "2026-05-21",
    "status": "pending_review",
    "pond_status_snapshot": {
      "generated_at": "2026-05-21T18:47:32.446721+00:00",
      "target_date": "2026-05-21",
      "pond": {
        "id": 5,
        "name": "Ashari-2",
        "pond_role": "grow_out",
        "water_area_decimal": "1.85",
        "pond_depth_ft": "5.00"
      },
      "production_cycle": null,
      "water_temp_c": null,
      "worldfish": {
        "method": "worldfish_table_adjusted",
        "mean_fish_weight_g": "500.00",
        "mean_weight_source": "latest biomass sample (avg weight)",
        "worldfish_stage": "Finisher",
        "bw_pct_low": "1.5",
        "bw_pct_high": "2",
        "chosen_bw_pct_per_day": "1.50",
        "meals_hint": "1–1.5× / day",
        "feed_form_hint": "Finisher pellet 4–6 mm",
        "temperature_factor": "1",
        "temperature_note": "temperature not provided — assuming favourable grow-out conditions (~26–30 °C)",
        "reference": "WorldFish / CGIAR extension guidance for Nile tilapia grow-out: feeding rate as % of body weight per day depends on mean fish weight and water temperature (tables often quoted at ~28 °C); reduce rations when cold, cloudy, or when water quality is stressed. Source collection: https://digitalarchive.worldfishcenter.org/"
      },
      "feeding_heuristic": {
        "body_weight_percent_per_day": "1.50",
        "recent_direct_feed_kg_7d": "0",
        "biomass_basis_kg": "400.00",
        "biomass_basis_source": "latest biomass sample (manager-recorded total kg)",
        "model_note": "WorldFish-style tilapia bands + load/temperature guards; optional LLM hook later."
      },
      "feeding_schedule": {
        "weather_tier": "unknown",
        "weather_condition_label": "Weather (water): not recorded — enter °C when generating advice",
        "times_per_day": "1–1.5× / day",
        "frequency_meals_per_day": 2,
        "extension_table_meals_hint": "1–1.5× / day",
        "daily_feed_amount_kg": "6.00",
        "per_meal_feed_kg_approx": [
          "3.00",
          "3.00"
        ],
        "per_meal_amount_summary": "~3.00 kg × **2** meals (equal split for planning; reduce last meal if feed remains).",
        "recommended_feeding_times": [
          "**Meal 1:** **~8:00–9:30 a.m.**",
          "**Meal 2:** **~4:00–5:30 p.m.**"
        ],
        "factors": {
          "water_temp_c": null,
          "pond_load_level": "high_risk",
          "pond_load_label": "High load",
          "fish_stage": "Finisher",
          "mean_fish_weight_g": "500.00"
        },
        "rationale_bullets": [
          "**Weather:** water °C **not entered** — **amount** still uses biomass × %BW; **times/frequency** follow extension tables only. Re-generate with temperature for hot/cold-adjusted **feeding times**.",
          "temperature not provided — assuming favourable grow-out conditions (~26–30 °C)",
          "**Pond status (High load):** very full — **several smaller feeds** beat one large dump; pause if fish gulp at surface or feed is left over.",
          "**Fish condition:** **Finisher** stage, mean ~**500.00** g — guides suggest **1–1.5× / day** under good water.",
          "**Biomass records:** latest sample date **2026-05-08** on file — re-sample if weather or growth changed sharply.",
          "**Stock outlook (system summary):** About 2267.182 kg per decimal — stress risk is elevated; consider harvest timing, aeration, or thinning transfers. Volume density ≈ 1040.947 kg per 1,000 cu ft."
        ]
      },
      "stock_position": {
        "pond_role": "grow_out",
        "water_area_decimal": "1.85",
        "pond_depth_ft": "5.00",
        "water_volume_cu_ft": "4029.30",
        "implied_net_weight_kg": "4194.2860",
        "implied_net_fish_count": 128800,
        "latest_sample_date": "2026-05-08",
        "latest_sample_estimated_fish_count": 800,
        "latest_sample_estimated_total_weight_kg": "400.0000",
        "latest_sample_avg_weight_kg": "0.500000",
        "latest_sample_fish_species_label": "Tilapia",
        "stock_density_kg_per_decimal": "2267.182",
        "stock_density_kg_per_1000_cu_ft": "1040.947",
        "load_level": "high_risk",
        "load_level_label": "High load",
        "advice_summary": "About 2267.182 kg per decimal — stress risk is elevated; consider harvest timing, aeration, or thinning transfers. Volume density ≈ 1040.947 kg per 1,000 cu ft.",
        "reference_note": "Rule-of-thumb bands (not regulatory): tuned for Bangladesh decimal × ft volume; adjust with your species mix.",
        "production_cycle_id": null
      }
    },
    "ai_advice_text": "**Ashari-2** (Grow-out) — suggested feeding focus for **2026-05-21**.\n\n**Pond status (from records):** estimated biomass ≈ **4194.2860 kg**; load **High load** (~2267.182 kg/dec water); latest biomass sample date **2026-05-08** (Tilapia).\n\n**Stocking hint:** About 2267.182 kg per decimal — stress risk is elevated; consider harvest timing, aeration, or thinning transfers. Volume density ≈ 1040.947 kg per 1,000 cu ft.\n\n**WorldFish-style tilapia guide (Nile tilapia, semi-intensive pond):** mean fish ≈ **500.00 g** (latest biomass sample (avg weight)) → **Finisher** stage; published tables suggest roughly **1.5%–2%** of body weight per day at favourable temperature, adjusted here for **stocking load** and **water temperature**. **Meals:** 1–1.5× / day. **Feed type:** Finisher pellet 4–6 mm. _temperature not provided — assuming favourable grow-out conditions (~26–30 °C)_\n\n**How often to feed (today):** **1–1.5× / day** — considers **weather (water °C)**, pond stocking/load, fish stage/size, and biomass outlook (clock windows and kg split are in `feeding_schedule`).\n\n**Target feed amount for the day:** **6.00 kg** total — split across the recommended meals/times (see `per_meal_feed_kg_approx` and `recommended_feeding_times`).\n\n**Recent feed (7d):** no direct **feed purchase** kg recorded on this pond — if you feed via POS on account, rely on your shop records too.\n\n**Suggested ration (editable):** about **6.00 kg** total for the day (≈ **1.50%** of estimated biomass per day; **1–1.5× / day** where practical). Biomass basis: **~400.00 kg** (latest biomass sample (manager-recorded total kg)). Stop feeding if feed remains after ~15 minutes (avoid water quality stress). **Edit** the narrative or kg below, then **approve**.\n\n_Source: WorldFish / CGIAR extension tables for tilapia (see snapshot `worldfish` block). This is generated from FSERP pond metrics — not a live external AI. Managers must confirm with field conditions before feeding._",
    "edited_advice_text": "",
    "suggested_feed_kg": "6.0000",
    "sack_size_kg": 25,
    "approved_advice_text": "",
    "approved_at": null,
    "approved_by": null,
    "applied_feed_kg": null,
    "applied_at": null,
    "applied_by": null,
    "linked_expense": null,
    "created_by": 1,
    "created_at": "2026-05-21T18:47:32.446Z",
    "updated_at": "2026-05-21T18:47:32.446Z"
  }
},
{
  "model": "api.aquaculturefeedingadvice",
  "pk": 45,
  "fields": {
    "company": 1,
    "pond": 4,
    "production_cycle": null,
    "target_date": "2026-05-22",
    "status": "applied",
    "pond_status_snapshot": {
      "generated_at": "2026-05-22T11:06:36.093382+00:00",
      "target_date": "2026-05-22",
      "pond": {
        "id": 4,
        "name": "Ashari-1",
        "pond_role": "grow_out",
        "water_area_decimal": "3.10",
        "pond_depth_ft": "6.20"
      },
      "production_cycle": null,
      "water_temp_c": null,
      "worldfish": {
        "method": "worldfish_table_adjusted",
        "mean_fish_weight_g": "350.00",
        "mean_weight_source": "latest biomass sample (avg weight)",
        "worldfish_stage": "Finisher",
        "bw_pct_low": "1.5",
        "bw_pct_high": "2",
        "chosen_bw_pct_per_day": "1.50",
        "meals_hint": "1–1.5× / day",
        "feed_form_hint": "Finisher pellet 4–6 mm",
        "temperature_factor": "1",
        "temperature_note": "temperature not provided — assuming favourable grow-out conditions (~26–30 °C)",
        "reference": "WorldFish / CGIAR extension guidance for Nile tilapia grow-out: feeding rate as % of body weight per day depends on mean fish weight and water temperature (tables often quoted at ~28 °C); reduce rations when cold, cloudy, or when water quality is stressed. Source collection: https://digitalarchive.worldfishcenter.org/"
      },
      "feeding_heuristic": {
        "body_weight_percent_per_day": "1.50",
        "recent_direct_feed_kg_7d": "0",
        "biomass_basis_kg": "3060.00",
        "biomass_basis_source": "latest biomass sample (manager-recorded total kg)",
        "model_note": "WorldFish-style tilapia bands + load/temperature guards; optional LLM hook later."
      },
      "feeding_schedule": {
        "weather_tier": "unknown",
        "weather_condition_label": "Weather (water): not recorded — enter °C when generating advice",
        "times_per_day": "1–1.5× / day",
        "frequency_meals_per_day": 2,
        "extension_table_meals_hint": "1–1.5× / day",
        "daily_feed_amount_kg": "45.90",
        "per_meal_feed_kg_approx": [
          "22.95",
          "22.95"
        ],
        "per_meal_amount_summary": "~22.95 kg × **2** meals (equal split for planning; reduce last meal if feed remains).",
        "recommended_feeding_times": [
          "**Meal 1:** **~8:00–9:30 a.m.**",
          "**Meal 2:** **~4:00–5:30 p.m.**"
        ],
        "factors": {
          "water_temp_c": null,
          "pond_load_level": "high_risk",
          "pond_load_label": "High load",
          "fish_stage": "Finisher",
          "mean_fish_weight_g": "350.00"
        },
        "rationale_bullets": [
          "**Weather:** water °C **not entered** — **amount** still uses biomass × %BW; **times/frequency** follow extension tables only. Re-generate with temperature for hot/cold-adjusted **feeding times**.",
          "temperature not provided — assuming favourable grow-out conditions (~26–30 °C)",
          "**Pond status (High load):** very full — **several smaller feeds** beat one large dump; pause if fish gulp at surface or feed is left over.",
          "**Fish condition:** **Finisher** stage, mean ~**350.00** g — guides suggest **1–1.5× / day** under good water.",
          "**Biomass records:** latest sample date **2026-05-06** on file — re-sample if weather or growth changed sharply.",
          "**Stock outlook (system summary):** About 1982.419 kg per decimal — stress risk is elevated; consider harvest timing, aeration, or thinning transfers. Volume density ≈ 734.034 kg per 1,000 cu ft."
        ]
      },
      "stock_position": {
        "pond_role": "grow_out",
        "water_area_decimal": "3.10",
        "pond_depth_ft": "6.20",
        "water_volume_cu_ft": "8372.23",
        "implied_net_weight_kg": "6145.5000",
        "implied_net_fish_count": 95900,
        "latest_sample_date": "2026-05-06",
        "latest_sample_estimated_fish_count": 10400,
        "latest_sample_estimated_total_weight_kg": "3060.0000",
        "latest_sample_avg_weight_kg": "0.350000",
        "latest_sample_fish_species_label": "Tilapia",
        "stock_density_kg_per_decimal": "1982.419",
        "stock_density_kg_per_1000_cu_ft": "734.034",
        "load_level": "high_risk",
        "load_level_label": "High load",
        "advice_summary": "About 1982.419 kg per decimal — stress risk is elevated; consider harvest timing, aeration, or thinning transfers. Volume density ≈ 734.034 kg per 1,000 cu ft.",
        "reference_note": "Rule-of-thumb bands (not regulatory): tuned for Bangladesh decimal × ft volume; adjust with your species mix.",
        "production_cycle_id": null
      }
    },
    "ai_advice_text": "**Ashari-1** (Grow-out) — suggested feeding focus for **2026-05-22**.\n\n**Pond status (from records):** estimated biomass ≈ **6145.5000 kg**; load **High load** (~1982.419 kg/dec water); latest biomass sample date **2026-05-06** (Tilapia).\n\n**Stocking hint:** About 1982.419 kg per decimal — stress risk is elevated; consider harvest timing, aeration, or thinning transfers. Volume density ≈ 734.034 kg per 1,000 cu ft.\n\n**WorldFish-style tilapia guide (Nile tilapia, semi-intensive pond):** mean fish ≈ **350.00 g** (latest biomass sample (avg weight)) → **Finisher** stage; published tables suggest roughly **1.5%–2%** of body weight per day at favourable temperature, adjusted here for **stocking load** and **water temperature**. **Meals:** 1–1.5× / day. **Feed type:** Finisher pellet 4–6 mm. _temperature not provided — assuming favourable grow-out conditions (~26–30 °C)_\n\n**How often to feed (today):** **1–1.5× / day** — considers **weather (water °C)**, pond stocking/load, fish stage/size, and biomass outlook (clock windows and kg split are in `feeding_schedule`).\n\n**Target feed amount for the day:** **45.90 kg** total — split across the recommended meals/times (see `per_meal_feed_kg_approx` and `recommended_feeding_times`).\n\n**Recent feed (7d):** no direct **feed purchase** kg recorded on this pond — if you feed via POS on account, rely on your shop records too.\n\n**Suggested ration (editable):** about **45.90 kg** total for the day (≈ **1.50%** of estimated biomass per day; **1–1.5× / day** where practical). Biomass basis: **~3060.00 kg** (latest biomass sample (manager-recorded total kg)). Stop feeding if feed remains after ~15 minutes (avoid water quality stress). **Edit** the narrative or kg below, then **approve**.\n\n_Source: WorldFish / CGIAR extension tables for tilapia (see snapshot `worldfish` block). This is generated from FSERP pond metrics — not a live external AI. Managers must confirm with field conditions before feeding._",
    "edited_advice_text": "",
    "suggested_feed_kg": "75.0000",
    "sack_size_kg": 25,
    "approved_advice_text": "**Ashari-1** (Grow-out) — suggested feeding focus for **2026-05-22**.\n\n**Pond status (from records):** estimated biomass ≈ **6145.5000 kg**; load **High load** (~1982.419 kg/dec water); latest biomass sample date **2026-05-06** (Tilapia).\n\n**Stocking hint:** About 1982.419 kg per decimal — stress risk is elevated; consider harvest timing, aeration, or thinning transfers. Volume density ≈ 734.034 kg per 1,000 cu ft.\n\n**WorldFish-style tilapia guide (Nile tilapia, semi-intensive pond):** mean fish ≈ **350.00 g** (latest biomass sample (avg weight)) → **Finisher** stage; published tables suggest roughly **1.5%–2%** of body weight per day at favourable temperature, adjusted here for **stocking load** and **water temperature**. **Meals:** 1–1.5× / day. **Feed type:** Finisher pellet 4–6 mm. _temperature not provided — assuming favourable grow-out conditions (~26–30 °C)_\n\n**How often to feed (today):** **1–1.5× / day** — considers **weather (water °C)**, pond stocking/load, fish stage/size, and biomass outlook (clock windows and kg split are in `feeding_schedule`).\n\n**Target feed amount for the day:** **45.90 kg** total — split across the recommended meals/times (see `per_meal_feed_kg_approx` and `recommended_feeding_times`).\n\n**Recent feed (7d):** no direct **feed purchase** kg recorded on this pond — if you feed via POS on account, rely on your shop records too.\n\n**Suggested ration (editable):** about **45.90 kg** total for the day (≈ **1.50%** of estimated biomass per day; **1–1.5× / day** where practical). Biomass basis: **~3060.00 kg** (latest biomass sample (manager-recorded total kg)). Stop feeding if feed remains after ~15 minutes (avoid water quality stress). **Edit** the narrative or kg below, then **approve**.\n\n_Source: WorldFish / CGIAR extension tables for tilapia (see snapshot `worldfish` block). This is generated from FSERP pond metrics — not a live external AI. Managers must confirm with field conditions before feeding._",
    "approved_at": "2026-05-22T11:07:19.181Z",
    "approved_by": 1,
    "applied_feed_kg": "75.0000",
    "applied_at": "2026-05-22T11:10:13.862Z",
    "applied_by": 1,
    "linked_expense": 119,
    "created_by": 1,
    "created_at": "2026-05-22T11:06:36.093Z",
    "updated_at": "2026-05-22T11:10:13.862Z"
  }
},
{
  "model": "api.aquaculturefeedingadvice",
  "pk": 46,
  "fields": {
    "company": 1,
    "pond": 22,
    "production_cycle": 51,
    "target_date": "2026-05-20",
    "status": "pending_review",
    "pond_status_snapshot": {
      "bulk_demo": true,
      "ref": "BULK-DEMO-FA-01"
    },
    "ai_advice_text": "BULK-DEMO-FA-01 Example feeding plan text for UI lists.",
    "edited_advice_text": "",
    "suggested_feed_kg": "98.0000",
    "sack_size_kg": 25,
    "approved_advice_text": "",
    "approved_at": null,
    "approved_by": null,
    "applied_feed_kg": null,
    "applied_at": null,
    "applied_by": null,
    "linked_expense": null,
    "created_by": null,
    "created_at": "2026-05-26T14:02:12.429Z",
    "updated_at": "2026-05-26T14:02:12.429Z"
  }
},
{
  "model": "api.aquaculturefeedingadvice",
  "pk": 47,
  "fields": {
    "company": 1,
    "pond": 23,
    "production_cycle": 52,
    "target_date": "2026-05-19",
    "status": "pending_review",
    "pond_status_snapshot": {
      "bulk_demo": true,
      "ref": "BULK-DEMO-FA-02"
    },
    "ai_advice_text": "BULK-DEMO-FA-02 Example feeding plan text for UI lists.",
    "edited_advice_text": "",
    "suggested_feed_kg": "101.0000",
    "sack_size_kg": 25,
    "approved_advice_text": "",
    "approved_at": null,
    "approved_by": null,
    "applied_feed_kg": null,
    "applied_at": null,
    "applied_by": null,
    "linked_expense": null,
    "created_by": null,
    "created_at": "2026-05-26T14:02:12.441Z",
    "updated_at": "2026-05-26T14:02:12.441Z"
  }
},
{
  "model": "api.aquaculturefeedingadvice",
  "pk": 48,
  "fields": {
    "company": 1,
    "pond": 24,
    "production_cycle": 53,
    "target_date": "2026-05-18",
    "status": "pending_review",
    "pond_status_snapshot": {
      "bulk_demo": true,
      "ref": "BULK-DEMO-FA-03"
    },
    "ai_advice_text": "BULK-DEMO-FA-03 Example feeding plan text for UI lists.",
    "edited_advice_text": "",
    "suggested_feed_kg": "104.0000",
    "sack_size_kg": 25,
    "approved_advice_text": "",
    "approved_at": null,
    "approved_by": null,
    "applied_feed_kg": null,
    "applied_at": null,
    "applied_by": null,
    "linked_expense": null,
    "created_by": null,
    "created_at": "2026-05-26T14:02:12.447Z",
    "updated_at": "2026-05-26T14:02:12.447Z"
  }
},
{
  "model": "api.aquaculturefeedingadvice",
  "pk": 49,
  "fields": {
    "company": 1,
    "pond": 25,
    "production_cycle": 54,
    "target_date": "2026-05-17",
    "status": "pending_review",
    "pond_status_snapshot": {
      "bulk_demo": true,
      "ref": "BULK-DEMO-FA-04"
    },
    "ai_advice_text": "BULK-DEMO-FA-04 Example feeding plan text for UI lists.",
    "edited_advice_text": "",
    "suggested_feed_kg": "107.0000",
    "sack_size_kg": 25,
    "approved_advice_text": "",
    "approved_at": null,
    "approved_by": null,
    "applied_feed_kg": null,
    "applied_at": null,
    "applied_by": null,
    "linked_expense": null,
    "created_by": null,
    "created_at": "2026-05-26T14:02:12.463Z",
    "updated_at": "2026-05-26T14:02:12.463Z"
  }
},
{
  "model": "api.aquaculturefeedingadvice",
  "pk": 50,
  "fields": {
    "company": 1,
    "pond": 26,
    "production_cycle": 55,
    "target_date": "2026-05-16",
    "status": "pending_review",
    "pond_status_snapshot": {
      "bulk_demo": true,
      "ref": "BULK-DEMO-FA-05"
    },
    "ai_advice_text": "BULK-DEMO-FA-05 Example feeding plan text for UI lists.",
    "edited_advice_text": "",
    "suggested_feed_kg": "110.0000",
    "sack_size_kg": 25,
    "approved_advice_text": "",
    "approved_at": null,
    "approved_by": null,
    "applied_feed_kg": null,
    "applied_at": null,
    "applied_by": null,
    "linked_expense": null,
    "created_by": null,
    "created_at": "2026-05-26T14:02:12.463Z",
    "updated_at": "2026-05-26T14:02:12.463Z"
  }
},
{
  "model": "api.aquaculturefeedingadvice",
  "pk": 51,
  "fields": {
    "company": 1,
    "pond": 27,
    "production_cycle": 68,
    "target_date": "2026-05-26",
    "status": "pending_review",
    "pond_status_snapshot": {
      "generated_at": "2026-05-26T14:02:12.849432+00:00",
      "target_date": "2026-05-26",
      "pond": {
        "id": 27,
        "name": "Khalishpur Grow-A",
        "pond_role": "grow_out",
        "water_area_decimal": "2.10",
        "pond_depth_ft": "5.60"
      },
      "production_cycle": {
        "id": 68,
        "name": "Cycle Khalishpur 2025–26",
        "code": "FEED-UI-CY-KHUL-A"
      },
      "water_temp_c": "30",
      "worldfish": {
        "method": "worldfish_table_adjusted",
        "mean_fish_weight_g": "180.00",
        "mean_weight_source": "latest biomass sample (avg weight)",
        "worldfish_stage": "Grower",
        "bw_pct_low": "2",
        "bw_pct_high": "3",
        "chosen_bw_pct_per_day": "2.25",
        "meals_hint": "1.5–2× / day",
        "feed_form_hint": "Floating pellet 3–4 mm",
        "temperature_factor": "1.0",
        "temperature_note": "near-optimal band (30 °C) — tables align with ~28 °C references",
        "reference": "WorldFish / CGIAR extension guidance for Nile tilapia grow-out: feeding rate as % of body weight per day depends on mean fish weight and water temperature (tables often quoted at ~28 °C); reduce rations when cold, cloudy, or when water quality is stressed. Source collection: https://digitalarchive.worldfishcenter.org/"
      },
      "feeding_heuristic": {
        "body_weight_percent_per_day": "2.25",
        "recent_direct_feed_kg_7d": "215.5",
        "biomass_basis_kg": "2430.00",
        "biomass_basis_source": "latest biomass sample (manager-recorded total kg)",
        "model_note": "WorldFish-style tilapia bands + load/temperature guards; optional LLM hook later."
      },
      "feeding_schedule": {
        "weather_tier": "warm",
        "weather_condition_label": "Weather (water): warm (~30 °C) — watch DO; avoid harsh mid-day",
        "times_per_day": "1.5–2× / day (bias to morning/evening if mid-day is harsh)",
        "frequency_meals_per_day": 2,
        "extension_table_meals_hint": "1.5–2× / day",
        "daily_feed_amount_kg": "54.68",
        "per_meal_feed_kg_approx": [
          "27.34",
          "27.34"
        ],
        "per_meal_amount_summary": "~27.34 kg × **2** meals (equal split for planning; reduce last meal if feed remains).",
        "recommended_feeding_times": [
          "**Meal 1:** **~6:00–7:45 a.m.** (finish before strong sun / peak surface heat).",
          "**Meal 2:** **~5:00–6:45 p.m.** (cooler air; **avoid 11:00 a.m.–3:00 p.m.**)."
        ],
        "factors": {
          "water_temp_c": "30",
          "pond_load_level": "high_risk",
          "pond_load_label": "High load",
          "fish_stage": "Grower",
          "mean_fish_weight_g": "180.00"
        },
        "rationale_bullets": [
          "**Weather / water ~30 °C (warm):** keep **total kg** from the ration table but **shift times** away from peak heat.",
          "**Pond status (High load):** very full — **several smaller feeds** beat one large dump; pause if fish gulp at surface or feed is left over.",
          "**Fish condition:** **Grower** stage, mean ~**180.00** g — guides suggest **1.5–2× / day** under good water.",
          "**Biomass records:** latest sample date **2026-05-18** on file — re-sample if weather or growth changed sharply.",
          "**Stock outlook (system summary):** About 1157.143 kg per decimal — stress risk is elevated; consider harvest timing, aeration, or thinning transfers. Volume density ≈ 474.363 kg per 1,000 cu ft."
        ]
      },
      "stock_position": {
        "pond_role": "grow_out",
        "water_area_decimal": "2.10",
        "pond_depth_ft": "5.60",
        "water_volume_cu_ft": "5122.66",
        "implied_net_weight_kg": "2430.0000",
        "implied_net_fish_count": 13500,
        "latest_sample_date": "2026-05-18",
        "latest_sample_estimated_fish_count": 13500,
        "latest_sample_estimated_total_weight_kg": "2430.0000",
        "latest_sample_avg_weight_kg": "0.180000",
        "latest_sample_fish_species_label": "Tilapia",
        "stock_density_kg_per_decimal": "1157.143",
        "stock_density_kg_per_1000_cu_ft": "474.363",
        "load_level": "high_risk",
        "load_level_label": "High load",
        "advice_summary": "About 1157.143 kg per decimal — stress risk is elevated; consider harvest timing, aeration, or thinning transfers. Volume density ≈ 474.363 kg per 1,000 cu ft.",
        "reference_note": "Rule-of-thumb bands (not regulatory): tuned for Bangladesh decimal × ft volume; adjust with your species mix.",
        "production_cycle_id": 68
      },
      "feeding_ui_demo": true
    },
    "ai_advice_text": "**Khalishpur Grow-A** (Grow-out) — suggested feeding focus for **2026-05-26**. Production cycle: **Cycle Khalishpur 2025–26**.\n\n**Pond status (from records):** estimated biomass ≈ **2430.0000 kg**; load **High load** (~1157.143 kg/dec water); latest biomass sample date **2026-05-18** (Tilapia).\n\n**Stocking hint:** About 1157.143 kg per decimal — stress risk is elevated; consider harvest timing, aeration, or thinning transfers. Volume density ≈ 474.363 kg per 1,000 cu ft.\n\n**WorldFish-style tilapia guide (Nile tilapia, semi-intensive pond):** mean fish ≈ **180.00 g** (latest biomass sample (avg weight)) → **Grower** stage; published tables suggest roughly **2%–3%** of body weight per day at favourable temperature, adjusted here for **stocking load** and **water temperature**. **Meals:** 1.5–2× / day. **Feed type:** Floating pellet 3–4 mm. _near-optimal band (30 °C) — tables align with ~28 °C references_\n\n**How often to feed (today):** **1.5–2× / day (bias to morning/evening if mid-day is harsh)** — considers **weather (water °C)**, pond stocking/load, fish stage/size, and biomass outlook (clock windows and kg split are in `feeding_schedule`).\n\n**Target feed amount for the day:** **54.68 kg** total — split across the recommended meals/times (see `per_meal_feed_kg_approx` and `recommended_feeding_times`).\n\n**Recent feed (7d, direct feed expenses):** about **215.5 kg** recorded on this pond — use this only as context; POS-on-account feed may not appear here.\n\n**Suggested ration (editable):** about **54.68 kg** total for the day (≈ **2.25%** of estimated biomass per day; **1.5–2× / day** where practical). Biomass basis: **~2430.00 kg** (latest biomass sample (manager-recorded total kg)). Stop feeding if feed remains after ~15 minutes (avoid water quality stress). **Edit** the narrative or kg below, then **approve**.\n\n_Source: WorldFish / CGIAR extension tables for tilapia (see snapshot `worldfish` block). This is generated from FSERP pond metrics — not a live external AI. Managers must confirm with field conditions before feeding._",
    "edited_advice_text": "",
    "suggested_feed_kg": "54.6800",
    "sack_size_kg": 25,
    "approved_advice_text": "",
    "approved_at": null,
    "approved_by": null,
    "applied_feed_kg": null,
    "applied_at": null,
    "applied_by": null,
    "linked_expense": null,
    "created_by": null,
    "created_at": "2026-05-26T14:02:12.849Z",
    "updated_at": "2026-05-26T14:02:12.849Z"
  }
},
{
  "model": "api.aquaculturefeedingadvice",
  "pk": 52,
  "fields": {
    "company": 1,
    "pond": 28,
    "production_cycle": 69,
    "target_date": "2026-05-25",
    "status": "pending_review",
    "pond_status_snapshot": {
      "generated_at": "2026-05-26T14:02:12.863463+00:00",
      "target_date": "2026-05-25",
      "pond": {
        "id": 28,
        "name": "Chalna Grow-B",
        "pond_role": "grow_out",
        "water_area_decimal": "1.60",
        "pond_depth_ft": "5.10"
      },
      "production_cycle": {
        "id": 69,
        "name": "Cycle Chalna 2025–26",
        "code": "FEED-UI-CY-CHAL-B"
      },
      "water_temp_c": "20",
      "worldfish": {
        "method": "worldfish_table_adjusted",
        "mean_fish_weight_g": "95.00",
        "mean_weight_source": "latest biomass sample (avg weight)",
        "worldfish_stage": "Juvenile",
        "bw_pct_low": "3",
        "bw_pct_high": "4",
        "chosen_bw_pct_per_day": "2.11",
        "meals_hint": "2× / day",
        "feed_form_hint": "Small pellet 2 mm",
        "temperature_factor": "0.65",
        "temperature_note": "sub-optimal temperature (20 °C) — reduce ration",
        "reference": "WorldFish / CGIAR extension guidance for Nile tilapia grow-out: feeding rate as % of body weight per day depends on mean fish weight and water temperature (tables often quoted at ~28 °C); reduce rations when cold, cloudy, or when water quality is stressed. Source collection: https://digitalarchive.worldfishcenter.org/"
      },
      "feeding_heuristic": {
        "body_weight_percent_per_day": "2.11",
        "recent_direct_feed_kg_7d": "0",
        "biomass_basis_kg": "931.00",
        "biomass_basis_source": "latest biomass sample (manager-recorded total kg)",
        "model_note": "WorldFish-style tilapia bands + load/temperature guards; optional LLM hook later."
      },
      "feeding_schedule": {
        "weather_tier": "cool",
        "weather_condition_label": "Weather (water): cool (~20 °C) — moderate appetite",
        "times_per_day": "2× / day (moderate portions)",
        "frequency_meals_per_day": 2,
        "extension_table_meals_hint": "2× / day",
        "daily_feed_amount_kg": "19.64",
        "per_meal_feed_kg_approx": [
          "9.82",
          "9.82"
        ],
        "per_meal_amount_summary": "~9.82 kg × **2** meals (equal split for planning; reduce last meal if feed remains).",
        "recommended_feeding_times": [
          "**Meal 1:** **~8:30–10:00 a.m.**",
          "**Meal 2:** **~3:00–4:30 p.m.**"
        ],
        "factors": {
          "water_temp_c": "20",
          "pond_load_level": "high_risk",
          "pond_load_label": "High load",
          "fish_stage": "Juvenile",
          "mean_fish_weight_g": "95.00"
        },
        "rationale_bullets": [
          "**Weather / water ~20 °C:** sub-optimal warmth — **moderate total ration** in two feeds; skip extra meals if uptake is poor.",
          "**Pond status (High load):** very full — **several smaller feeds** beat one large dump; pause if fish gulp at surface or feed is left over.",
          "**Fish condition:** **Juvenile** stage, mean ~**95.00** g — guides suggest **2× / day** under good water.",
          "**Biomass records:** latest sample date **2026-05-18** on file — re-sample if weather or growth changed sharply.",
          "**Stock outlook (system summary):** About 581.875 kg per decimal — stress risk is elevated; consider harvest timing, aeration, or thinning transfers. Volume density ≈ 261.922 kg per 1,000 cu ft."
        ]
      },
      "stock_position": {
        "pond_role": "grow_out",
        "water_area_decimal": "1.60",
        "pond_depth_ft": "5.10",
        "water_volume_cu_ft": "3554.50",
        "implied_net_weight_kg": "931.0000",
        "implied_net_fish_count": 9800,
        "latest_sample_date": "2026-05-18",
        "latest_sample_estimated_fish_count": 9800,
        "latest_sample_estimated_total_weight_kg": "931.0000",
        "latest_sample_avg_weight_kg": "0.095000",
        "latest_sample_fish_species_label": "Tilapia",
        "stock_density_kg_per_decimal": "581.875",
        "stock_density_kg_per_1000_cu_ft": "261.922",
        "load_level": "high_risk",
        "load_level_label": "High load",
        "advice_summary": "About 581.875 kg per decimal — stress risk is elevated; consider harvest timing, aeration, or thinning transfers. Volume density ≈ 261.922 kg per 1,000 cu ft.",
        "reference_note": "Rule-of-thumb bands (not regulatory): tuned for Bangladesh decimal × ft volume; adjust with your species mix.",
        "production_cycle_id": 69
      },
      "feeding_ui_demo": true
    },
    "ai_advice_text": "**Chalna Grow-B** (Grow-out) — suggested feeding focus for **2026-05-25**. Production cycle: **Cycle Chalna 2025–26**.\n\n**Pond status (from records):** estimated biomass ≈ **931.0000 kg**; load **High load** (~581.875 kg/dec water); latest biomass sample date **2026-05-18** (Tilapia).\n\n**Stocking hint:** About 581.875 kg per decimal — stress risk is elevated; consider harvest timing, aeration, or thinning transfers. Volume density ≈ 261.922 kg per 1,000 cu ft.\n\n**WorldFish-style tilapia guide (Nile tilapia, semi-intensive pond):** mean fish ≈ **95.00 g** (latest biomass sample (avg weight)) → **Juvenile** stage; published tables suggest roughly **3%–4%** of body weight per day at favourable temperature, adjusted here for **stocking load** and **water temperature**. **Meals:** 2× / day. **Feed type:** Small pellet 2 mm. _sub-optimal temperature (20 °C) — reduce ration_\n\n**How often to feed (today):** **2× / day (moderate portions)** — considers **weather (water °C)**, pond stocking/load, fish stage/size, and biomass outlook (clock windows and kg split are in `feeding_schedule`).\n\n**Target feed amount for the day:** **19.64 kg** total — split across the recommended meals/times (see `per_meal_feed_kg_approx` and `recommended_feeding_times`).\n\n**Recent feed (7d):** no direct **feed purchase** kg recorded on this pond — if you feed via POS on account, rely on your shop records too.\n\n**Suggested ration (editable):** about **19.64 kg** total for the day (≈ **2.11%** of estimated biomass per day; **2× / day** where practical). Biomass basis: **~931.00 kg** (latest biomass sample (manager-recorded total kg)). Stop feeding if feed remains after ~15 minutes (avoid water quality stress). **Edit** the narrative or kg below, then **approve**.\n\n_Source: WorldFish / CGIAR extension tables for tilapia (see snapshot `worldfish` block). This is generated from FSERP pond metrics — not a live external AI. Managers must confirm with field conditions before feeding._",
    "edited_advice_text": "**Manager note:** Crew to split morning ration — **north wind** and slight algal tint after yesterday's rain. If DO meter reads low after 10:00, skip the smallest meal._",
    "suggested_feed_kg": "19.6400",
    "sack_size_kg": 20,
    "approved_advice_text": "",
    "approved_at": null,
    "approved_by": null,
    "applied_feed_kg": null,
    "applied_at": null,
    "applied_by": null,
    "linked_expense": null,
    "created_by": null,
    "created_at": "2026-05-26T14:02:12.863Z",
    "updated_at": "2026-05-26T14:02:12.863Z"
  }
},
{
  "model": "api.aquaculturefeedingadvice",
  "pk": 53,
  "fields": {
    "company": 1,
    "pond": 29,
    "production_cycle": 70,
    "target_date": "2026-05-24",
    "status": "approved",
    "pond_status_snapshot": {
      "generated_at": "2026-05-26T14:02:12.896687+00:00",
      "target_date": "2026-05-24",
      "pond": {
        "id": 29,
        "name": "Rupsha Nursery-C",
        "pond_role": "nursing",
        "water_area_decimal": "0.48",
        "pond_depth_ft": "4.00"
      },
      "production_cycle": {
        "id": 70,
        "name": "Cycle Rupsha 2025–26",
        "code": "FEED-UI-CY-RUP-C"
      },
      "water_temp_c": "28",
      "worldfish": {
        "method": "worldfish_table_adjusted",
        "mean_fish_weight_g": "12.00",
        "mean_weight_source": "latest biomass sample (avg weight)",
        "worldfish_stage": "Fingerling",
        "bw_pct_low": "4",
        "bw_pct_high": "6",
        "chosen_bw_pct_per_day": "4.75",
        "meals_hint": "3–4× / day",
        "feed_form_hint": "Crumbles 1–2 mm",
        "temperature_factor": "1.0",
        "temperature_note": "near-optimal band (28 °C) — tables align with ~28 °C references",
        "reference": "WorldFish / CGIAR extension guidance for Nile tilapia grow-out: feeding rate as % of body weight per day depends on mean fish weight and water temperature (tables often quoted at ~28 °C); reduce rations when cold, cloudy, or when water quality is stressed. Source collection: https://digitalarchive.worldfishcenter.org/"
      },
      "feeding_heuristic": {
        "body_weight_percent_per_day": "4.75",
        "recent_direct_feed_kg_7d": "0",
        "biomass_basis_kg": "576.00",
        "biomass_basis_source": "latest biomass sample (manager-recorded total kg)",
        "model_note": "WorldFish-style tilapia bands + load/temperature guards; optional LLM hook later."
      },
      "feeding_schedule": {
        "weather_tier": "optimal",
        "weather_condition_label": "Weather (water): favourable (~28 °C) — good feeding window",
        "times_per_day": "3–4× / day",
        "frequency_meals_per_day": 4,
        "extension_table_meals_hint": "3–4× / day",
        "daily_feed_amount_kg": "27.36",
        "per_meal_feed_kg_approx": [
          "6.84",
          "6.84",
          "6.84",
          "6.84"
        ],
        "per_meal_amount_summary": "~6.84 kg × **4** meals (equal split for planning; reduce last meal if feed remains).",
        "recommended_feeding_times": [
          "**Meal 1:** **~7:00–7:45 a.m.**",
          "**Meal 2:** **~10:30–11:15 a.m.**",
          "**Meal 3:** **~2:00–2:45 p.m.** (small).",
          "**Meal 4:** **~5:15–6:00 p.m.**"
        ],
        "factors": {
          "water_temp_c": "28",
          "pond_load_level": "high_risk",
          "pond_load_label": "High load",
          "fish_stage": "Fingerling",
          "mean_fish_weight_g": "12.00"
        },
        "rationale_bullets": [
          "**Weather / water ~28 °C:** favourable — use **full suggested kg** if fish clean up; near-optimal band (28 °C) — tables align with ~28 °C references",
          "**Pond status (High load):** very full — **several smaller feeds** beat one large dump; pause if fish gulp at surface or feed is left over.",
          "**Fish condition:** **Fingerling** stage, mean ~**12.00** g — guides suggest **3–4× / day** under good water.",
          "**Biomass records:** latest sample date **2026-05-18** on file — re-sample if weather or growth changed sharply.",
          "**Stock outlook (system summary):** About 1200.000 kg per decimal — stress risk is elevated; consider harvest timing, aeration, or thinning transfers. Volume density ≈ 688.707 kg per 1,000 cu ft."
        ]
      },
      "stock_position": {
        "pond_role": "nursing",
        "water_area_decimal": "0.48",
        "pond_depth_ft": "4.00",
        "water_volume_cu_ft": "836.35",
        "implied_net_weight_kg": "576.0000",
        "implied_net_fish_count": 48000,
        "latest_sample_date": "2026-05-18",
        "latest_sample_estimated_fish_count": 48000,
        "latest_sample_estimated_total_weight_kg": "576.0000",
        "latest_sample_avg_weight_kg": "0.012000",
        "latest_sample_fish_species_label": "Tilapia",
        "stock_density_kg_per_decimal": "1200.000",
        "stock_density_kg_per_1000_cu_ft": "688.707",
        "load_level": "high_risk",
        "load_level_label": "High load",
        "advice_summary": "About 1200.000 kg per decimal — stress risk is elevated; consider harvest timing, aeration, or thinning transfers. Volume density ≈ 688.707 kg per 1,000 cu ft.",
        "reference_note": "Rule-of-thumb bands (not regulatory): tuned for Bangladesh decimal × ft volume; adjust with your species mix.",
        "production_cycle_id": 70
      },
      "feeding_ui_demo": true
    },
    "ai_advice_text": "**Rupsha Nursery-C** (Nursing / nursery) — suggested feeding focus for **2026-05-24**. Production cycle: **Cycle Rupsha 2025–26**.\n\n**Pond status (from records):** estimated biomass ≈ **576.0000 kg**; load **High load** (~1200.000 kg/dec water); latest biomass sample date **2026-05-18** (Tilapia).\n\n**Stocking hint:** About 1200.000 kg per decimal — stress risk is elevated; consider harvest timing, aeration, or thinning transfers. Volume density ≈ 688.707 kg per 1,000 cu ft.\n\n**WorldFish-style tilapia guide (Nile tilapia, semi-intensive pond):** mean fish ≈ **12.00 g** (latest biomass sample (avg weight)) → **Fingerling** stage; published tables suggest roughly **4%–6%** of body weight per day at favourable temperature, adjusted here for **stocking load** and **water temperature**. **Meals:** 3–4× / day. **Feed type:** Crumbles 1–2 mm. _near-optimal band (28 °C) — tables align with ~28 °C references_\n\n**How often to feed (today):** **3–4× / day** — considers **weather (water °C)**, pond stocking/load, fish stage/size, and biomass outlook (clock windows and kg split are in `feeding_schedule`).\n\n**Target feed amount for the day:** **27.36 kg** total — split across the recommended meals/times (see `per_meal_feed_kg_approx` and `recommended_feeding_times`).\n\n**Recent feed (7d):** no direct **feed purchase** kg recorded on this pond — if you feed via POS on account, rely on your shop records too.\n\n**Suggested ration (editable):** about **27.36 kg** total for the day (≈ **4.75%** of estimated biomass per day; **3–4× / day** where practical). Biomass basis: **~576.00 kg** (latest biomass sample (manager-recorded total kg)). Stop feeding if feed remains after ~15 minutes (avoid water quality stress). **Edit** the narrative or kg below, then **approve**.\n\n_Source: WorldFish / CGIAR extension tables for tilapia (see snapshot `worldfish` block). This is generated from FSERP pond metrics — not a live external AI. Managers must confirm with field conditions before feeding._",
    "edited_advice_text": "",
    "suggested_feed_kg": "27.3600",
    "sack_size_kg": 25,
    "approved_advice_text": "**Rupsha Nursery-C** (Nursing / nursery) — suggested feeding focus for **2026-05-24**. Production cycle: **Cycle Rupsha 2025–26**.\n\n**Pond status (from records):** estimated biomass ≈ **576.0000 kg**; load **High load** (~1200.000 kg/dec water); latest biomass sample date **2026-05-18** (Tilapia).\n\n**Stocking hint:** About 1200.000 kg per decimal — stress risk is elevated; consider harvest timing, aeration, or thinning transfers. Volume density ≈ 688.707 kg per 1,000 cu ft.\n\n**WorldFish-style tilapia guide (Nile tilapia, semi-intensive pond):** mean fish ≈ **12.00 g** (latest biomass sample (avg weight)) → **Fingerling** stage; published tables suggest roughly **4%–6%** of body weight per day at favourable temperature, adjusted here for **stocking load** and **water temperature**. **Meals:** 3–4× / day. **Feed type:** Crumbles 1–2 mm. _near-optimal band (28 °C) — tables align with ~28 °C references_\n\n**How often to feed (today):** **3–4× / day** — considers **weather (water °C)**, pond stocking/load, fish stage/size, and biomass outlook (clock windows and kg split are in `feeding_schedule`).\n\n**Target feed amount for the day:** **27.36 kg** total — split across the recommended meals/times (see `per_meal_feed_kg_approx` and `recommended_feeding_times`).\n\n**Recent feed (7d):** no direct **feed purchase** kg recorded on this pond — if you feed via POS on account, rely on your shop records too.\n\n**Suggested ration (editable):** about **27.36 kg** total for the day (≈ **4.75%** of estimated biomass per day; **3–4× / day** where practical). Biomass basis: **~576.00 kg** (latest biomass sample (manager-recorded total kg)). Stop feeding if feed remains after ~15 minutes (avoid water quality stress). **Edit** the narrative or kg below, then **approve**.\n\n_Source: WorldFish / CGIAR extension tables for tilapia (see snapshot `worldfish` block). This is generated from FSERP pond metrics — not a live external AI. Managers must confirm with field conditions before feeding._",
    "approved_at": "2026-05-26T08:02:12.896Z",
    "approved_by": null,
    "applied_feed_kg": null,
    "applied_at": null,
    "applied_by": null,
    "linked_expense": null,
    "created_by": null,
    "created_at": "2026-05-26T14:02:12.896Z",
    "updated_at": "2026-05-26T14:02:12.896Z"
  }
},
{
  "model": "api.aquaculturefeedingadvice",
  "pk": 54,
  "fields": {
    "company": 1,
    "pond": 30,
    "production_cycle": 71,
    "target_date": "2026-05-22",
    "status": "applied",
    "pond_status_snapshot": {
      "generated_at": "2026-05-26T14:02:12.913529+00:00",
      "target_date": "2026-05-22",
      "pond": {
        "id": 30,
        "name": "Batiaghata Finisher-D",
        "pond_role": "grow_out",
        "water_area_decimal": "3.05",
        "pond_depth_ft": "6.10"
      },
      "production_cycle": {
        "id": 71,
        "name": "Cycle Batiaghata 2025–26",
        "code": "FEED-UI-CY-BAT-D"
      },
      "water_temp_c": "27",
      "worldfish": {
        "method": "worldfish_table_adjusted",
        "mean_fish_weight_g": "320.00",
        "mean_weight_source": "latest biomass sample (avg weight)",
        "worldfish_stage": "Finisher",
        "bw_pct_low": "1.5",
        "bw_pct_high": "2",
        "chosen_bw_pct_per_day": "1.50",
        "meals_hint": "1–1.5× / day",
        "feed_form_hint": "Finisher pellet 4–6 mm",
        "temperature_factor": "1.0",
        "temperature_note": "near-optimal band (27 °C) — tables align with ~28 °C references",
        "reference": "WorldFish / CGIAR extension guidance for Nile tilapia grow-out: feeding rate as % of body weight per day depends on mean fish weight and water temperature (tables often quoted at ~28 °C); reduce rations when cold, cloudy, or when water quality is stressed. Source collection: https://digitalarchive.worldfishcenter.org/"
      },
      "feeding_heuristic": {
        "body_weight_percent_per_day": "1.50",
        "recent_direct_feed_kg_7d": "0",
        "biomass_basis_kg": "2624.00",
        "biomass_basis_source": "latest biomass sample (manager-recorded total kg)",
        "model_note": "WorldFish-style tilapia bands + load/temperature guards; optional LLM hook later."
      },
      "feeding_schedule": {
        "weather_tier": "optimal",
        "weather_condition_label": "Weather (water): favourable (~27 °C) — good feeding window",
        "times_per_day": "1–1.5× / day",
        "frequency_meals_per_day": 2,
        "extension_table_meals_hint": "1–1.5× / day",
        "daily_feed_amount_kg": "39.36",
        "per_meal_feed_kg_approx": [
          "19.68",
          "19.68"
        ],
        "per_meal_amount_summary": "~19.68 kg × **2** meals (equal split for planning; reduce last meal if feed remains).",
        "recommended_feeding_times": [
          "**Meal 1:** **~8:00–9:30 a.m.**",
          "**Meal 2:** **~4:00–5:30 p.m.**"
        ],
        "factors": {
          "water_temp_c": "27",
          "pond_load_level": "high_risk",
          "pond_load_label": "High load",
          "fish_stage": "Finisher",
          "mean_fish_weight_g": "320.00"
        },
        "rationale_bullets": [
          "**Weather / water ~27 °C:** favourable — use **full suggested kg** if fish clean up; near-optimal band (27 °C) — tables align with ~28 °C references",
          "**Pond status (High load):** very full — **several smaller feeds** beat one large dump; pause if fish gulp at surface or feed is left over.",
          "**Fish condition:** **Finisher** stage, mean ~**320.00** g — guides suggest **1–1.5× / day** under good water.",
          "**Biomass records:** latest sample date **2026-05-18** on file — re-sample if weather or growth changed sharply.",
          "**Stock outlook (system summary):** About 860.328 kg per decimal — stress risk is elevated; consider harvest timing, aeration, or thinning transfers. Volume density ≈ 323.777 kg per 1,000 cu ft."
        ]
      },
      "stock_position": {
        "pond_role": "grow_out",
        "water_area_decimal": "3.05",
        "pond_depth_ft": "6.10",
        "water_volume_cu_ft": "8104.34",
        "implied_net_weight_kg": "2624.0000",
        "implied_net_fish_count": 8200,
        "latest_sample_date": "2026-05-18",
        "latest_sample_estimated_fish_count": 8200,
        "latest_sample_estimated_total_weight_kg": "2624.0000",
        "latest_sample_avg_weight_kg": "0.320000",
        "latest_sample_fish_species_label": "Tilapia",
        "stock_density_kg_per_decimal": "860.328",
        "stock_density_kg_per_1000_cu_ft": "323.777",
        "load_level": "high_risk",
        "load_level_label": "High load",
        "advice_summary": "About 860.328 kg per decimal — stress risk is elevated; consider harvest timing, aeration, or thinning transfers. Volume density ≈ 323.777 kg per 1,000 cu ft.",
        "reference_note": "Rule-of-thumb bands (not regulatory): tuned for Bangladesh decimal × ft volume; adjust with your species mix.",
        "production_cycle_id": 71
      },
      "feeding_ui_demo": true
    },
    "ai_advice_text": "**Batiaghata Finisher-D** (Grow-out) — suggested feeding focus for **2026-05-22**. Production cycle: **Cycle Batiaghata 2025–26**.\n\n**Pond status (from records):** estimated biomass ≈ **2624.0000 kg**; load **High load** (~860.328 kg/dec water); latest biomass sample date **2026-05-18** (Tilapia).\n\n**Stocking hint:** About 860.328 kg per decimal — stress risk is elevated; consider harvest timing, aeration, or thinning transfers. Volume density ≈ 323.777 kg per 1,000 cu ft.\n\n**WorldFish-style tilapia guide (Nile tilapia, semi-intensive pond):** mean fish ≈ **320.00 g** (latest biomass sample (avg weight)) → **Finisher** stage; published tables suggest roughly **1.5%–2%** of body weight per day at favourable temperature, adjusted here for **stocking load** and **water temperature**. **Meals:** 1–1.5× / day. **Feed type:** Finisher pellet 4–6 mm. _near-optimal band (27 °C) — tables align with ~28 °C references_\n\n**How often to feed (today):** **1–1.5× / day** — considers **weather (water °C)**, pond stocking/load, fish stage/size, and biomass outlook (clock windows and kg split are in `feeding_schedule`).\n\n**Target feed amount for the day:** **39.36 kg** total — split across the recommended meals/times (see `per_meal_feed_kg_approx` and `recommended_feeding_times`).\n\n**Recent feed (7d):** no direct **feed purchase** kg recorded on this pond — if you feed via POS on account, rely on your shop records too.\n\n**Suggested ration (editable):** about **39.36 kg** total for the day (≈ **1.50%** of estimated biomass per day; **1–1.5× / day** where practical). Biomass basis: **~2624.00 kg** (latest biomass sample (manager-recorded total kg)). Stop feeding if feed remains after ~15 minutes (avoid water quality stress). **Edit** the narrative or kg below, then **approve**.\n\n_Source: WorldFish / CGIAR extension tables for tilapia (see snapshot `worldfish` block). This is generated from FSERP pond metrics — not a live external AI. Managers must confirm with field conditions before feeding._",
    "edited_advice_text": "",
    "suggested_feed_kg": "39.3600",
    "sack_size_kg": 10,
    "approved_advice_text": "**Batiaghata Finisher-D** (Grow-out) — suggested feeding focus for **2026-05-22**. Production cycle: **Cycle Batiaghata 2025–26**.\n\n**Pond status (from records):** estimated biomass ≈ **2624.0000 kg**; load **High load** (~860.328 kg/dec water); latest biomass sample date **2026-05-18** (Tilapia).\n\n**Stocking hint:** About 860.328 kg per decimal — stress risk is elevated; consider harvest timing, aeration, or thinning transfers. Volume density ≈ 323.777 kg per 1,000 cu ft.\n\n**WorldFish-style tilapia guide (Nile tilapia, semi-intensive pond):** mean fish ≈ **320.00 g** (latest biomass sample (avg weight)) → **Finisher** stage; published tables suggest roughly **1.5%–2%** of body weight per day at favourable temperature, adjusted here for **stocking load** and **water temperature**. **Meals:** 1–1.5× / day. **Feed type:** Finisher pellet 4–6 mm. _near-optimal band (27 °C) — tables align with ~28 °C references_\n\n**How often to feed (today):** **1–1.5× / day** — considers **weather (water °C)**, pond stocking/load, fish stage/size, and biomass outlook (clock windows and kg split are in `feeding_schedule`).\n\n**Target feed amount for the day:** **39.36 kg** total — split across the recommended meals/times (see `per_meal_feed_kg_approx` and `recommended_feeding_times`).\n\n**Recent feed (7d):** no direct **feed purchase** kg recorded on this pond — if you feed via POS on account, rely on your shop records too.\n\n**Suggested ration (editable):** about **39.36 kg** total for the day (≈ **1.50%** of estimated biomass per day; **1–1.5× / day** where practical). Biomass basis: **~2624.00 kg** (latest biomass sample (manager-recorded total kg)). Stop feeding if feed remains after ~15 minutes (avoid water quality stress). **Edit** the narrative or kg below, then **approve**.\n\n_Source: WorldFish / CGIAR extension tables for tilapia (see snapshot `worldfish` block). This is generated from FSERP pond metrics — not a live external AI. Managers must confirm with field conditions before feeding._",
    "approved_at": "2026-05-26T08:02:12.913Z",
    "approved_by": null,
    "applied_feed_kg": "38.1800",
    "applied_at": "2026-05-26T12:02:12.913Z",
    "applied_by": null,
    "linked_expense": null,
    "created_by": null,
    "created_at": "2026-05-26T14:02:12.913Z",
    "updated_at": "2026-05-26T14:02:12.913Z"
  }
},
{
  "model": "api.aquaculturefeedingadvice",
  "pk": 55,
  "fields": {
    "company": 1,
    "pond": 27,
    "production_cycle": 68,
    "target_date": "2026-05-19",
    "status": "applied",
    "pond_status_snapshot": {
      "generated_at": "2026-05-26T14:02:12.948795+00:00",
      "target_date": "2026-05-19",
      "pond": {
        "id": 27,
        "name": "Khalishpur Grow-A",
        "pond_role": "grow_out",
        "water_area_decimal": "2.10",
        "pond_depth_ft": "5.60"
      },
      "production_cycle": {
        "id": 68,
        "name": "Cycle Khalishpur 2025–26",
        "code": "FEED-UI-CY-KHUL-A"
      },
      "water_temp_c": null,
      "worldfish": {
        "method": "worldfish_table_adjusted",
        "mean_fish_weight_g": "180.00",
        "mean_weight_source": "latest biomass sample (avg weight)",
        "worldfish_stage": "Grower",
        "bw_pct_low": "2",
        "bw_pct_high": "3",
        "chosen_bw_pct_per_day": "2.25",
        "meals_hint": "1.5–2× / day",
        "feed_form_hint": "Floating pellet 3–4 mm",
        "temperature_factor": "1",
        "temperature_note": "temperature not provided — assuming favourable grow-out conditions (~26–30 °C)",
        "reference": "WorldFish / CGIAR extension guidance for Nile tilapia grow-out: feeding rate as % of body weight per day depends on mean fish weight and water temperature (tables often quoted at ~28 °C); reduce rations when cold, cloudy, or when water quality is stressed. Source collection: https://digitalarchive.worldfishcenter.org/"
      },
      "feeding_heuristic": {
        "body_weight_percent_per_day": "2.25",
        "recent_direct_feed_kg_7d": "0",
        "biomass_basis_kg": "2430.00",
        "biomass_basis_source": "latest biomass sample (manager-recorded total kg)",
        "model_note": "WorldFish-style tilapia bands + load/temperature guards; optional LLM hook later."
      },
      "feeding_schedule": {
        "weather_tier": "unknown",
        "weather_condition_label": "Weather (water): not recorded — enter °C when generating advice",
        "times_per_day": "1.5–2× / day",
        "frequency_meals_per_day": 2,
        "extension_table_meals_hint": "1.5–2× / day",
        "daily_feed_amount_kg": "54.68",
        "per_meal_feed_kg_approx": [
          "27.34",
          "27.34"
        ],
        "per_meal_amount_summary": "~27.34 kg × **2** meals (equal split for planning; reduce last meal if feed remains).",
        "recommended_feeding_times": [
          "**Meal 1:** **~8:00–9:30 a.m.**",
          "**Meal 2:** **~4:00–5:30 p.m.**"
        ],
        "factors": {
          "water_temp_c": null,
          "pond_load_level": "high_risk",
          "pond_load_label": "High load",
          "fish_stage": "Grower",
          "mean_fish_weight_g": "180.00"
        },
        "rationale_bullets": [
          "**Weather:** water °C **not entered** — **amount** still uses biomass × %BW; **times/frequency** follow extension tables only. Re-generate with temperature for hot/cold-adjusted **feeding times**.",
          "temperature not provided — assuming favourable grow-out conditions (~26–30 °C)",
          "**Pond status (High load):** very full — **several smaller feeds** beat one large dump; pause if fish gulp at surface or feed is left over.",
          "**Fish condition:** **Grower** stage, mean ~**180.00** g — guides suggest **1.5–2× / day** under good water.",
          "**Biomass records:** latest sample date **2026-05-18** on file — re-sample if weather or growth changed sharply.",
          "**Stock outlook (system summary):** About 1157.143 kg per decimal — stress risk is elevated; consider harvest timing, aeration, or thinning transfers. Volume density ≈ 474.363 kg per 1,000 cu ft."
        ]
      },
      "stock_position": {
        "pond_role": "grow_out",
        "water_area_decimal": "2.10",
        "pond_depth_ft": "5.60",
        "water_volume_cu_ft": "5122.66",
        "implied_net_weight_kg": "2430.0000",
        "implied_net_fish_count": 13500,
        "latest_sample_date": "2026-05-18",
        "latest_sample_estimated_fish_count": 13500,
        "latest_sample_estimated_total_weight_kg": "2430.0000",
        "latest_sample_avg_weight_kg": "0.180000",
        "latest_sample_fish_species_label": "Tilapia",
        "stock_density_kg_per_decimal": "1157.143",
        "stock_density_kg_per_1000_cu_ft": "474.363",
        "load_level": "high_risk",
        "load_level_label": "High load",
        "advice_summary": "About 1157.143 kg per decimal — stress risk is elevated; consider harvest timing, aeration, or thinning transfers. Volume density ≈ 474.363 kg per 1,000 cu ft.",
        "reference_note": "Rule-of-thumb bands (not regulatory): tuned for Bangladesh decimal × ft volume; adjust with your species mix.",
        "production_cycle_id": 68
      },
      "feeding_ui_demo": true
    },
    "ai_advice_text": "**Khalishpur Grow-A** (Grow-out) — suggested feeding focus for **2026-05-19**. Production cycle: **Cycle Khalishpur 2025–26**.\n\n**Pond status (from records):** estimated biomass ≈ **2430.0000 kg**; load **High load** (~1157.143 kg/dec water); latest biomass sample date **2026-05-18** (Tilapia).\n\n**Stocking hint:** About 1157.143 kg per decimal — stress risk is elevated; consider harvest timing, aeration, or thinning transfers. Volume density ≈ 474.363 kg per 1,000 cu ft.\n\n**WorldFish-style tilapia guide (Nile tilapia, semi-intensive pond):** mean fish ≈ **180.00 g** (latest biomass sample (avg weight)) → **Grower** stage; published tables suggest roughly **2%–3%** of body weight per day at favourable temperature, adjusted here for **stocking load** and **water temperature**. **Meals:** 1.5–2× / day. **Feed type:** Floating pellet 3–4 mm. _temperature not provided — assuming favourable grow-out conditions (~26–30 °C)_\n\n**How often to feed (today):** **1.5–2× / day** — considers **weather (water °C)**, pond stocking/load, fish stage/size, and biomass outlook (clock windows and kg split are in `feeding_schedule`).\n\n**Target feed amount for the day:** **54.68 kg** total — split across the recommended meals/times (see `per_meal_feed_kg_approx` and `recommended_feeding_times`).\n\n**Recent feed (7d):** no direct **feed purchase** kg recorded on this pond — if you feed via POS on account, rely on your shop records too.\n\n**Suggested ration (editable):** about **54.68 kg** total for the day (≈ **2.25%** of estimated biomass per day; **1.5–2× / day** where practical). Biomass basis: **~2430.00 kg** (latest biomass sample (manager-recorded total kg)). Stop feeding if feed remains after ~15 minutes (avoid water quality stress). **Edit** the narrative or kg below, then **approve**.\n\n_Source: WorldFish / CGIAR extension tables for tilapia (see snapshot `worldfish` block). This is generated from FSERP pond metrics — not a live external AI. Managers must confirm with field conditions before feeding._",
    "edited_advice_text": "",
    "suggested_feed_kg": "54.6800",
    "sack_size_kg": 25,
    "approved_advice_text": "**Khalishpur Grow-A** (Grow-out) — suggested feeding focus for **2026-05-19**. Production cycle: **Cycle Khalishpur 2025–26**.\n\n**Pond status (from records):** estimated biomass ≈ **2430.0000 kg**; load **High load** (~1157.143 kg/dec water); latest biomass sample date **2026-05-18** (Tilapia).\n\n**Stocking hint:** About 1157.143 kg per decimal — stress risk is elevated; consider harvest timing, aeration, or thinning transfers. Volume density ≈ 474.363 kg per 1,000 cu ft.\n\n**WorldFish-style tilapia guide (Nile tilapia, semi-intensive pond):** mean fish ≈ **180.00 g** (latest biomass sample (avg weight)) → **Grower** stage; published tables suggest roughly **2%–3%** of body weight per day at favourable temperature, adjusted here for **stocking load** and **water temperature**. **Meals:** 1.5–2× / day. **Feed type:** Floating pellet 3–4 mm. _temperature not provided — assuming favourable grow-out conditions (~26–30 °C)_\n\n**How often to feed (today):** **1.5–2× / day** — considers **weather (water °C)**, pond stocking/load, fish stage/size, and biomass outlook (clock windows and kg split are in `feeding_schedule`).\n\n**Target feed amount for the day:** **54.68 kg** total — split across the recommended meals/times (see `per_meal_feed_kg_approx` and `recommended_feeding_times`).\n\n**Recent feed (7d):** no direct **feed purchase** kg recorded on this pond — if you feed via POS on account, rely on your shop records too.\n\n**Suggested ration (editable):** about **54.68 kg** total for the day (≈ **2.25%** of estimated biomass per day; **1.5–2× / day** where practical). Biomass basis: **~2430.00 kg** (latest biomass sample (manager-recorded total kg)). Stop feeding if feed remains after ~15 minutes (avoid water quality stress). **Edit** the narrative or kg below, then **approve**.\n\n_Source: WorldFish / CGIAR extension tables for tilapia (see snapshot `worldfish` block). This is generated from FSERP pond metrics — not a live external AI. Managers must confirm with field conditions before feeding._",
    "approved_at": "2026-05-26T08:02:12.948Z",
    "approved_by": null,
    "applied_feed_kg": "54.6800",
    "applied_at": "2026-05-26T12:02:12.948Z",
    "applied_by": null,
    "linked_expense": null,
    "created_by": null,
    "created_at": "2026-05-26T14:02:12.948Z",
    "updated_at": "2026-05-26T14:02:12.948Z"
  }
},
{
  "model": "api.aquaculturefeedingadvice",
  "pk": 56,
  "fields": {
    "company": 1,
    "pond": 28,
    "production_cycle": 69,
    "target_date": "2026-05-23",
    "status": "cancelled",
    "pond_status_snapshot": {
      "generated_at": "2026-05-26T14:02:12.963422+00:00",
      "target_date": "2026-05-23",
      "pond": {
        "id": 28,
        "name": "Chalna Grow-B",
        "pond_role": "grow_out",
        "water_area_decimal": "1.60",
        "pond_depth_ft": "5.10"
      },
      "production_cycle": {
        "id": 69,
        "name": "Cycle Chalna 2025–26",
        "code": "FEED-UI-CY-CHAL-B"
      },
      "water_temp_c": "22",
      "worldfish": {
        "method": "worldfish_table_adjusted",
        "mean_fish_weight_g": "95.00",
        "mean_weight_source": "latest biomass sample (avg weight)",
        "worldfish_stage": "Juvenile",
        "bw_pct_low": "3",
        "bw_pct_high": "4",
        "chosen_bw_pct_per_day": "2.76",
        "meals_hint": "2× / day",
        "feed_form_hint": "Small pellet 2 mm",
        "temperature_factor": "0.85",
        "temperature_note": "moderate temperature (22 °C) — slight reduction vs peak appetite",
        "reference": "WorldFish / CGIAR extension guidance for Nile tilapia grow-out: feeding rate as % of body weight per day depends on mean fish weight and water temperature (tables often quoted at ~28 °C); reduce rations when cold, cloudy, or when water quality is stressed. Source collection: https://digitalarchive.worldfishcenter.org/"
      },
      "feeding_heuristic": {
        "body_weight_percent_per_day": "2.76",
        "recent_direct_feed_kg_7d": "0",
        "biomass_basis_kg": "931.00",
        "biomass_basis_source": "latest biomass sample (manager-recorded total kg)",
        "model_note": "WorldFish-style tilapia bands + load/temperature guards; optional LLM hook later."
      },
      "feeding_schedule": {
        "weather_tier": "cool",
        "weather_condition_label": "Weather (water): cool (~22 °C) — moderate appetite",
        "times_per_day": "2× / day (moderate portions)",
        "frequency_meals_per_day": 2,
        "extension_table_meals_hint": "2× / day",
        "daily_feed_amount_kg": "25.70",
        "per_meal_feed_kg_approx": [
          "12.85",
          "12.85"
        ],
        "per_meal_amount_summary": "~12.85 kg × **2** meals (equal split for planning; reduce last meal if feed remains).",
        "recommended_feeding_times": [
          "**Meal 1:** **~8:30–10:00 a.m.**",
          "**Meal 2:** **~3:00–4:30 p.m.**"
        ],
        "factors": {
          "water_temp_c": "22",
          "pond_load_level": "high_risk",
          "pond_load_label": "High load",
          "fish_stage": "Juvenile",
          "mean_fish_weight_g": "95.00"
        },
        "rationale_bullets": [
          "**Weather / water ~22 °C:** sub-optimal warmth — **moderate total ration** in two feeds; skip extra meals if uptake is poor.",
          "**Pond status (High load):** very full — **several smaller feeds** beat one large dump; pause if fish gulp at surface or feed is left over.",
          "**Fish condition:** **Juvenile** stage, mean ~**95.00** g — guides suggest **2× / day** under good water.",
          "**Biomass records:** latest sample date **2026-05-18** on file — re-sample if weather or growth changed sharply.",
          "**Stock outlook (system summary):** About 581.875 kg per decimal — stress risk is elevated; consider harvest timing, aeration, or thinning transfers. Volume density ≈ 261.922 kg per 1,000 cu ft."
        ]
      },
      "stock_position": {
        "pond_role": "grow_out",
        "water_area_decimal": "1.60",
        "pond_depth_ft": "5.10",
        "water_volume_cu_ft": "3554.50",
        "implied_net_weight_kg": "931.0000",
        "implied_net_fish_count": 9800,
        "latest_sample_date": "2026-05-18",
        "latest_sample_estimated_fish_count": 9800,
        "latest_sample_estimated_total_weight_kg": "931.0000",
        "latest_sample_avg_weight_kg": "0.095000",
        "latest_sample_fish_species_label": "Tilapia",
        "stock_density_kg_per_decimal": "581.875",
        "stock_density_kg_per_1000_cu_ft": "261.922",
        "load_level": "high_risk",
        "load_level_label": "High load",
        "advice_summary": "About 581.875 kg per decimal — stress risk is elevated; consider harvest timing, aeration, or thinning transfers. Volume density ≈ 261.922 kg per 1,000 cu ft.",
        "reference_note": "Rule-of-thumb bands (not regulatory): tuned for Bangladesh decimal × ft volume; adjust with your species mix.",
        "production_cycle_id": 69
      },
      "feeding_ui_demo": true
    },
    "ai_advice_text": "**Chalna Grow-B** (Grow-out) — suggested feeding focus for **2026-05-23**. Production cycle: **Cycle Chalna 2025–26**.\n\n**Pond status (from records):** estimated biomass ≈ **931.0000 kg**; load **High load** (~581.875 kg/dec water); latest biomass sample date **2026-05-18** (Tilapia).\n\n**Stocking hint:** About 581.875 kg per decimal — stress risk is elevated; consider harvest timing, aeration, or thinning transfers. Volume density ≈ 261.922 kg per 1,000 cu ft.\n\n**WorldFish-style tilapia guide (Nile tilapia, semi-intensive pond):** mean fish ≈ **95.00 g** (latest biomass sample (avg weight)) → **Juvenile** stage; published tables suggest roughly **3%–4%** of body weight per day at favourable temperature, adjusted here for **stocking load** and **water temperature**. **Meals:** 2× / day. **Feed type:** Small pellet 2 mm. _moderate temperature (22 °C) — slight reduction vs peak appetite_\n\n**How often to feed (today):** **2× / day (moderate portions)** — considers **weather (water °C)**, pond stocking/load, fish stage/size, and biomass outlook (clock windows and kg split are in `feeding_schedule`).\n\n**Target feed amount for the day:** **25.70 kg** total — split across the recommended meals/times (see `per_meal_feed_kg_approx` and `recommended_feeding_times`).\n\n**Recent feed (7d):** no direct **feed purchase** kg recorded on this pond — if you feed via POS on account, rely on your shop records too.\n\n**Suggested ration (editable):** about **25.70 kg** total for the day (≈ **2.76%** of estimated biomass per day; **2× / day** where practical). Biomass basis: **~931.00 kg** (latest biomass sample (manager-recorded total kg)). Stop feeding if feed remains after ~15 minutes (avoid water quality stress). **Edit** the narrative or kg below, then **approve**.\n\n_Source: WorldFish / CGIAR extension tables for tilapia (see snapshot `worldfish` block). This is generated from FSERP pond metrics — not a live external AI. Managers must confirm with field conditions before feeding._",
    "edited_advice_text": "",
    "suggested_feed_kg": "25.7000",
    "sack_size_kg": 20,
    "approved_advice_text": "",
    "approved_at": null,
    "approved_by": null,
    "applied_feed_kg": null,
    "applied_at": null,
    "applied_by": null,
    "linked_expense": null,
    "created_by": null,
    "created_at": "2026-05-26T14:02:12.963Z",
    "updated_at": "2026-05-26T14:02:12.963Z"
  }
},
{
  "model": "api.aquaculturedatabankpondclose",
  "pk": 1,
  "fields": {
    "company": 1,
    "pond": 3,
    "label": "Mynuddin — FY 2025/26",
    "period_start": "2025-03-15",
    "period_end": "2026-05-20",
    "status": "closed",
    "is_data_locked": false,
    "reference_access_enabled": false,
    "closed_at": "2026-05-20T12:02:04.565Z",
    "closed_by_user_id": 1,
    "notes": "",
    "settlement_fish_count": null,
    "settlement_weight_kg": null,
    "settlement_bioasset_value": null,
    "reopened_at": null,
    "reopened_by_user_id": null,
    "reopen_reason": "",
    "relocked_at": null,
    "relocked_by_user_id": null
  }
},
{
  "model": "api.aquaculturedatabankpondclose",
  "pk": 2,
  "fields": {
    "company": 1,
    "pond": 2,
    "label": "Digonta — prior season archive",
    "period_start": "2025-06-01",
    "period_end": "2025-12-31",
    "status": "closed",
    "is_data_locked": false,
    "reference_access_enabled": true,
    "closed_at": "2026-05-26T14:15:52.277Z",
    "closed_by_user_id": null,
    "notes": "[COMP-DEMO] Sample archived season for Data Bank UI",
    "settlement_fish_count": null,
    "settlement_weight_kg": null,
    "settlement_bioasset_value": null,
    "reopened_at": null,
    "reopened_by_user_id": null,
    "reopen_reason": "",
    "relocked_at": null,
    "relocked_by_user_id": null
  }
},
{
  "model": "api.payrollrunpondallocation",
  "pk": 13,
  "fields": {
    "payroll_run": 4,
    "pond": 2,
    "amount": "5000.00"
  }
},
{
  "model": "api.payrollrunpondallocation",
  "pk": 14,
  "fields": {
    "payroll_run": 4,
    "pond": 3,
    "amount": "5000.00"
  }
},
{
  "model": "api.payrollrunpondallocation",
  "pk": 15,
  "fields": {
    "payroll_run": 4,
    "pond": 4,
    "amount": "5000.00"
  }
},
{
  "model": "api.payrollrunpondallocation",
  "pk": 16,
  "fields": {
    "payroll_run": 4,
    "pond": 5,
    "amount": "5000.00"
  }
},
{
  "model": "api.payrollrunpondallocation",
  "pk": 17,
  "fields": {
    "payroll_run": 5,
    "pond": 19,
    "amount": "25375.00"
  }
},
{
  "model": "api.payrollrunpondallocation",
  "pk": 18,
  "fields": {
    "payroll_run": 5,
    "pond": 2,
    "amount": "21750.00"
  }
},
{
  "model": "api.payrollrunpondallocation",
  "pk": 19,
  "fields": {
    "payroll_run": 5,
    "pond": 3,
    "amount": "15950.00"
  }
},
{
  "model": "api.payrollrunpondallocation",
  "pk": 20,
  "fields": {
    "payroll_run": 5,
    "pond": 4,
    "amount": "9425.00"
  }
},
{
  "model": "api.payrollrunpondallocation",
  "pk": 21,
  "fields": {
    "payroll_run": 6,
    "pond": 2,
    "amount": "70308.00"
  }
},
{
  "model": "api.payrollrunpondallocation",
  "pk": 22,
  "fields": {
    "payroll_run": 6,
    "pond": 3,
    "amount": "61519.50"
  }
},
{
  "model": "api.payrollrunpondallocation",
  "pk": 23,
  "fields": {
    "payroll_run": 6,
    "pond": 4,
    "amount": "43942.50"
  }
}
]
